conversation_id_str,created_at,favorite_count,full_text,id_str,image_url,in_reply_to_screen_name,lang,location,quote_count,reply_count,retweet_count,tweet_url,user_id_str,username
1857568752931582343,Fri Nov 15 23:37:57 +0000 2024,5,aku kira belakangan ini aku depresi trnyta aku dah lama ga ke pemda-denggung aja https://t.co/VUG6zXsUs8,1857568752931582343,https://pbs.twimg.com/media/Gcdo7xyaIAAh7C9.jpg,,in,mossy bottom,0,1,0,https://x.com/greenforgy/status/1857568752931582343,1597537702223970305,greenforgy
1857568501600514110,Fri Nov 15 23:36:57 +0000 2024,0,aku sedih pdhl lg pgn di support,1857568501600514110,,,in,,0,0,0,https://x.com/sparklespinkie/status/1857568501600514110,1328651617390903300,sparklespinkie
1857473774918176885,Fri Nov 15 23:36:39 +0000 2024,0,@mochicherryyy WAKAKAKKAK,1857568427361341746,,mochicherryyy,in,caratland 💎,0,0,0,https://x.com/depres0t/status/1857568427361341746,4399128134,depres0t
1857567809565606274,Fri Nov 15 23:34:12 +0000 2024,0,hari ini aku diklat,1857567809565606274,,,in,,0,0,0,https://x.com/sparklespinkie/status/1857567809565606274,1328651617390903300,sparklespinkie
1857567710424781288,Fri Nov 15 23:33:50 +0000 2024,3,1. Mengurangi Risiko Depresi Pemikiran yang positif memang berhubungan erat dengan kesehatan mental. Dengan pemikiran yang optimis risiko gangguan mental seperti depresi dapat diminimalisir. Karena salah satu pemicu utama depresi adalah banyaknya pemikiran negative dalam diri.,1857567718679142769,,quoterandom05,in,,0,1,0,https://x.com/quoterandom05/status/1857567718679142769,1734143539226001408,quoterandom05
1857562244235849872,Fri Nov 15 23:12:05 +0000 2024,0,Hukuman setimpal. Di tangan mereka lamokotan ku getih korban judol. Bnyk yg meninggal jg karena depresi. Tinggal hukuman penjara mrk jalani.,1857562244235849872,,,in,"ÜT: -6.920362,107.597982",0,0,0,https://x.com/junz_rsyah/status/1857562244235849872,253579525,junz_rsyah
1857553248527241397,Fri Nov 15 22:36:20 +0000 2024,0,AKUUU TAPI GATAU KALO TIBA TIBA BELI OTS WKWKKW,1857553248527241397,,,in,caratland 💎,0,0,0,https://x.com/depres0t/status/1857553248527241397,4399128134,depres0t
1857243236521426945,Fri Nov 15 21:58:31 +0000 2024,0,@nnrrnd awal awalny goofy bis itu ada bagian bagian depresi dikit kyk gini namany DanDaDan,1857543728606622176,,nnrrnd,in,,0,0,0,https://x.com/fjrie420p/status/1857543728606622176,1311090394650746880,fjrie420p
1857119233559470118,Fri Nov 15 21:03:26 +0000 2024,0,@yqounger eh ali ini pernah depresi kan?,1857529869728645238,,yqounger,in,,0,0,0,https://x.com/wiabiruamin/status/1857529869728645238,1495338821126291456,wiabiruamin
1857525478678212705,Fri Nov 15 20:57:09 +0000 2024,0,kata dia trnyta cari kerja bnrn sesusah itu ya YAEMANG!? mana tuh elu yg kmrn ngatain gua ah lebay ampe depresi nangis tiap hari gt pas gua lg baru bgt putus ama lu dijelek2in ama keluarga lu msi harus struggle cari kerja DAN DPT RESPON KEK GTU DARI LU?? gmn ga depresi gua,1857528287070925236,,s0ftpinkeu,in,,0,0,0,https://x.com/s0ftpinkeu/status/1857528287070925236,1010191969744637954,s0ftpinkeu
1856233474132455853,Fri Nov 15 20:07:38 +0000 2024,0,@muh_basra Keknya beban depresi pada cash for healing ga si kak (?) wkwkwk,1857515824510283793,,muh_basra,in,,0,0,0,https://x.com/nurkhasanahshdn/status/1857515824510283793,624886280,nurkhasanahshdn
1857511016554500429,Fri Nov 15 19:48:31 +0000 2024,0,BINGUNG BGT NGAMBEK MARAH NANGIS SEBEL BGT KNP WALLPAPER GW TBTB ILANG SMUA MIRIS BGT DEPRESI,1857511016554500429,,,in,,0,0,0,https://x.com/jajijejujo/status/1857511016554500429,857458502494638080,jajijejujo
1857350534975668502,Fri Nov 15 19:33:35 +0000 2024,0,@Saffaane stres depresi banget ,1857507255463325790,,Saffaane,in,,0,0,0,https://x.com/yuuhyati/status/1857507255463325790,1334293594442620928,yuuhyati
1857502890455347473,Fri Nov 15 19:16:14 +0000 2024,0,malem-malem depresi kambuh aneh banget bjir. gw pengen mati,1857502890455347473,,,in,📖 3/50,0,1,0,https://x.com/dailyterature/status/1857502890455347473,1535406500813762561,dailyterature
1857500659341471988,Fri Nov 15 19:07:22 +0000 2024,0,Episode depresi hanya 7 hari,1857500659341471988,,,in,,0,0,0,https://x.com/redfor_rubi/status/1857500659341471988,1635492115810770945,redfor_rubi
1857499013383336357,Fri Nov 15 19:00:50 +0000 2024,0,emang gue ternyata suka drakor yang agak depresi,1857499013383336357,,,in,,0,1,0,https://x.com/nacnol/status/1857499013383336357,1549452380366082048,nacnol
1857370852092006456,Fri Nov 15 18:58:14 +0000 2024,0,@dinaaghnias walaupun banyak depresi menimpamu jangan pernah untuk menyerah,1857498360497975798,,dinaaghnias,in,,0,0,0,https://x.com/Positvevbs/status/1857498360497975798,1372054296594944000,Positvevbs
1857422398624285087,Fri Nov 15 18:35:21 +0000 2024,0,@m3final Siippp aku ya tak nyari teman buat cuddle ah Ben terhindar dri depresi,1857492600057385277,,m3final,in,,0,1,0,https://x.com/adywicaksana1/status/1857492600057385277,1928989262,adywicaksana1
1857489422947856811,Fri Nov 15 18:22:43 +0000 2024,2,ya Allah maaf. lagu lagu pujian di agama sebelah enak banget didengerin hiks. musiknya bikin ati kalem klo anxiety atau depresi lg nyerang hiks terlepas dari lirik makna dan fungsi lagunya ko https://t.co/D3g1VcvA0v,1857489422947856811,https://pbs.twimg.com/media/GccgyUEaoAAGeDf.jpg,,in,Jakarta Capital Region,0,1,0,https://x.com/erudiooo/status/1857489422947856811,1373619798001676288,erudiooo
1857488784402821292,Fri Nov 15 18:20:11 +0000 2024,0,lagu blio bagus semua huhu shawn galau depresi era amat sgt sesuai keadaan aku minusny lagu dia pendek2 bgt cuy,1857488784402821292,,,in,indoneshawn,0,0,0,https://x.com/caceciiii/status/1857488784402821292,1086036257430368257,caceciiii
1857483468479017012,Fri Nov 15 18:05:10 +0000 2024,1,@ChandraLiv31677 Ini namanya fase depresi kak. 1 Minggu bakalan gitu terus ntar kembali normal balik lagi ke halusinasi balik lagi ke masa menggebu2. Gak akan beres2 1 bulan penuh siklusnya gitu aja terus. Tapi kalo org udah merasa sadarmah tba2 block MINQ LOVE CHALLENGE #KidnapSeriesEP11,1857485008090661310,,ChandraLiv31677,in,"Garut, Indonesia",0,0,0,https://x.com/PositifVibe0595/status/1857485008090661310,1813403757432246272,PositifVibe0595
1857480145399165165,Fri Nov 15 17:45:51 +0000 2024,0,Anxiety atau depresi doang itu,1857480145399165165,,,in,,0,0,0,https://x.com/rvoeux/status/1857480145399165165,1842556113692319744,rvoeux
1857479935788724574,Fri Nov 15 17:45:01 +0000 2024,0,hai faa udah cukup lama ya kita putus dan aku masih depresi kata dokter dosisnya dinaikin biar aku tenang tapi bikin ngantuk dikelas ,1857479935788724574,,,in,,0,0,0,https://x.com/BravoCha237412/status/1857479935788724574,1680103421129691136,BravoCha237412
1857370852092006456,Fri Nov 15 17:41:21 +0000 2024,0,@dinaaghnias gabboleh depresi ya,1857479011221619059,,dinaaghnias,in,,0,0,0,https://x.com/ttmymoodb/status/1857479011221619059,1095526050501554176,ttmymoodb
1857473988664111271,Fri Nov 15 17:21:23 +0000 2024,0,buka x jaman skrg niat hati buat ilangin depresi eh malah makin depresi https://t.co/QWRCgjjlUL,1857473988664111271,https://pbs.twimg.com/media/GccSv7cacAAM9yB.jpg,,in,,0,0,0,https://x.com/lillasshh/status/1857473988664111271,1362983876860149764,lillasshh
1857472235466010970,Fri Nov 15 17:15:54 +0000 2024,0,8. Pengaruh Kognitif dan Terapi Emosional Musik juga sering digunakan dalam terapi untuk membantu mengekspresikan dan mengatur emosi. Misalnya terapi musik digunakan dalam pengobatan kecemasan depresi dan PTSD karena musik membantu individu mengidentifikasi dan mengeluarkan,1857472605667864899,,rikyyy77,in,"Tangerang, Banten",0,0,0,https://x.com/rikyyy77/status/1857472605667864899,1556405954425819136,rikyyy77
1857471438732841132,Fri Nov 15 17:11:15 +0000 2024,1,The Penguin eps terakhir ngingetin kita kalau protagonis di serial ini masih seorang villain lho . Kebengisan karakternya justru berhasil menutup serial ini secara manisss. Plot2 paradoksial jg nunjukin kalau karakter satu ini selain jahat (overambitious &amp; NPD) dia jg depresi. https://t.co/mvdGE5y6zI,1857471438732841132,https://pbs.twimg.com/media/GccM4SIboAAPFFz.jpg,,in,"Cimahi Utara, Indonesia",0,2,0,https://x.com/kabarberbisik/status/1857471438732841132,469240183,kabarberbisik
1857471407762059487,Fri Nov 15 17:11:08 +0000 2024,0, kak gw lagi depresi banget abis diputusin hts 6 bulan gw tp stalk akun lu dan baca au lu depresi tersebut lgsg poof ilang. makasih banyak kak one i love u ... waduh im so sorry to hear that... semoga lu tetep waras ya and heal from that... https://t.co/V6eOmIkldz,1857471407762059487,,,in,20. they,0,0,0,https://x.com/scrochtrial/status/1857471407762059487,2935693130,scrochtrial
1857310125360550217,Fri Nov 15 16:59:17 +0000 2024,0,@whateverisup2me @eurolrst HBD lo mas Dio...semoga bahagia selalu dan tidak depresi,1857468425343480080,,whateverisup2me,in,"Kota Madiun, Jawa Timur",0,0,0,https://x.com/Honinggeldbloem/status/1857468425343480080,1389832884802838528,Honinggeldbloem
1857468323421892801,Fri Nov 15 16:58:53 +0000 2024,0,tidak antusias tp juga tidak depresi,1857468323421892801,,,in,,0,0,0,https://x.com/croisaint/status/1857468323421892801,1683643525634879488,croisaint
1857466635160080751,Fri Nov 15 16:52:17 +0000 2024,0, stres yang berkepanjangan dapat menjadi pemicu depresi.,1857466664817934506,,zanrise__,in,,0,1,0,https://x.com/zanrise__/status/1857466664817934506,1496112927090569216,zanrise__
1857466635160080751,Fri Nov 15 16:52:16 +0000 2024,0, depresi tidak hanya terjadi karena faktor tunggal seringkali ada faktor lain yang turut menjadi penyebab.,1857466661407961691,,zanrise__,in,,0,1,0,https://x.com/zanrise__/status/1857466661407961691,1496112927090569216,zanrise__
1857466635160080751,Fri Nov 15 16:52:15 +0000 2024,0, fase pengobatan depresi fase akut : selama 6-12 minggu. Untuk perbaikan gejala depresi. fase lanjutan : 4-9 bulan. Untuk mempertahankan kondisi saat ini. fase pemeliharaan : lebih dari 1 tahun. Untuk mencegah kekambuhan.,1857466658014769221,,zanrise__,in,,0,1,0,https://x.com/zanrise__/status/1857466658014769221,1496112927090569216,zanrise__
1857466635160080751,Fri Nov 15 16:52:15 +0000 2024,0,Oleh karena itu pengobatan depresi membutuhkan waktu yang lama. imo kemungkinan karena yang diobati tuh bagian dalam tubuh manusia terutama otak yang punya banyak saraf.,1857466654671987135,,zanrise__,in,,0,1,0,https://x.com/zanrise__/status/1857466654671987135,1496112927090569216,zanrise__
1857466635160080751,Fri Nov 15 16:52:14 +0000 2024,0, yang diobati dari depresi : perubahan kesetimbangan neurotransmiter di otak.,1857466651039666356,,zanrise__,in,,0,1,0,https://x.com/zanrise__/status/1857466651039666356,1496112927090569216,zanrise__
1857466635160080751,Fri Nov 15 16:52:13 +0000 2024,0, gejala depresi : apa yang dirasakan di dalam seperti pikiran dan perasaan. tanda depresi : apa yang tampak di luar seperti wajah murung gangguan tidur mudah lelah dan tidak tertarik melakukan hobi.,1857466647575142715,,zanrise__,in,,0,1,0,https://x.com/zanrise__/status/1857466647575142715,1496112927090569216,zanrise__
1857466635160080751,Fri Nov 15 16:52:12 +0000 2024,0, depresi merupakan interaksi yang kompleks antata situasi lingkungan stresor dan genetik.,1857466644349833604,,zanrise__,in,,0,1,0,https://x.com/zanrise__/status/1857466644349833604,1496112927090569216,zanrise__
1857466635160080751,Fri Nov 15 16:52:11 +0000 2024,0, depresi bisa disembuhkan.,1857466641187299764,,zanrise__,in,,0,1,0,https://x.com/zanrise__/status/1857466641187299764,1496112927090569216,zanrise__
1857466023978611198,Fri Nov 15 16:49:44 +0000 2024,0,Pantesan Mbak Bun depresi denger hana no ame memang gila sih,1857466023978611198,,,in,,0,0,0,https://x.com/emberfiree/status/1857466023978611198,3136598081,emberfiree
1857464449675964647,Fri Nov 15 16:43:29 +0000 2024,0,Ini gw stress apa depresi yaAllah kek orang tertekan perkara ticketing ini,1857464449675964647,,,in,99ㅈ | 𝙘𝙖𝙧𝙖𝙩 𝙢𝙤𝙤𝙙𝙯 ✶,0,0,0,https://x.com/windokkie/status/1857464449675964647,1301585775721508864,windokkie
1857464212936863908,Fri Nov 15 16:42:36 +0000 2024,0,kayak tiba-tiba tiap liat bumil refleks ngusap perutnya sendiri atau randomly dateng ke day care atau tempat lain yang biasa dikunjungi orang tua sama anaknya. :( (maaf tida menerima mpreg gue mau ngeliat noa cantik-cantik depresi).,1857464225595269240,,zeealkana,in,24↑ she/they.,0,1,0,https://x.com/zeealkana/status/1857464225595269240,1461167964,zeealkana
1857381963973411092,Fri Nov 15 16:41:39 +0000 2024,0,@b_budiman1956 @Dennysiregar7 ya udah akhirnya gw kasian sama elo jadi depresi ,1857463989799989596,,b_budiman1956,in,"Setia Budi, Indonesia",0,1,0,https://x.com/ebonXboy/status/1857463989799989596,960248512108576768,ebonXboy
1857335231730373015,Fri Nov 15 16:40:08 +0000 2024,0,@zelenasyakila ya beginilah orang yg depresi,1857463605270294691,,zelenasyakila,in,"Gresik, Indonesia",0,0,0,https://x.com/atikamld/status/1857463605270294691,1830932620525608965,atikamld
1857462319489626350,Fri Nov 15 16:36:54 +0000 2024,0,Kamu bisa merasakan berbagai manfaat dari konsumsi makanan sehat ini: 1. Mencegah Stres dan Depresi Buah srikaya mengandung vitamin B6 cukup tinggi. Vitamin B6 memainkan peran penting dalam penciptaan neurotransmitter termasuk serotonin dan dopamin yang membantu mengatur,1857462791428587809,,yasminzayda,in,"Yogyakarta, Indonesia",0,1,0,https://x.com/yasminzayda/status/1857462791428587809,449776015,yasminzayda
1857462319489626350,Fri Nov 15 16:36:03 +0000 2024,4,Selain memiliki rasa manis ada berbagai manfaat buah srikaya bagi kesehatan. Contohnya seperti mencegah stres dan depresi meningkatkan kekuatan rambut hingga mencegah penyakit kanker. Buah srikaya atau cherimoya adalah salah satu jenis buah tropis yang diperkirakan berasal,1857462578517336221,,yasminzayda,in,"Yogyakarta, Indonesia",0,2,0,https://x.com/yasminzayda/status/1857462578517336221,449776015,yasminzayda
1857460832508195204,Fri Nov 15 16:29:07 +0000 2024,0,Pledut lu nyusahin fans tau ngumumin satu satu gini. Apa untung nya di lu? Gada kan? Estimasi tiket terjual tetep kan? Buat fans? Ribut iya Marah2 iya Depresi iya Coba kalo dari awal dh jelas 2 hari. Bisa tuh kita tenang mau war kapan hari apa. Ga kriting tangannya tiap hari,1857460832508195204,,,in,,0,0,0,https://x.com/booaya_boos/status/1857460832508195204,1298310960671633408,booaya_boos
1857459013564477875,Fri Nov 15 16:28:37 +0000 2024,0,@godqhrdldi cara bangkit dr depresi~,1857460707777995211,,godqhrdldi,in,Indonesia,0,1,0,https://x.com/spicytunamayo_/status/1857460707777995211,1089948408691838976,spicytunamayo_
1857373113027338329,Fri Nov 15 16:28:01 +0000 2024,0,@fatherfcker2 nggak kalo ketahuan istrinya bisa depresi dan di habisi massa ️,1857460557844197688,,fatherfcker2,in,"Semarang Barat, Indonesia",0,1,0,https://x.com/kohoei_/status/1857460557844197688,1357939892295139328,kohoei_
1857388592492052902,Fri Nov 15 16:22:49 +0000 2024,0,@txtdrjkt Pantes w senin sampe jumat depresi perkara beginian,1857459249624003031,,txtdrjkt,in,,0,0,0,https://x.com/ihatekidss0much/status/1857459249624003031,1508391864650858504,ihatekidss0much
1857458377116496212,Fri Nov 15 16:19:21 +0000 2024,5,Bau bau bsk bukannya gambar flowchart tp gambar kucing oren depresi https://t.co/klFIAQuPyY,1857458377116496212,https://pbs.twimg.com/media/GccEjGsaMAUFP9C.jpg,,in,he/he,1,0,0,https://x.com/bjiiiirr/status/1857458377116496212,1439132481194586115,bjiiiirr
1857092694171914309,Fri Nov 15 16:18:02 +0000 2024,0,@Mdy_Asmara1701 Iyee kalo nyampeeee klo di korup pegimane bu sriiiiiiiiiiiiiii!!!!!. . .,1857458046320128018,,Mdy_Asmara1701,in,"Kota Yogyakarta, Yogyakarta",0,0,0,https://x.com/Mu_Reckless/status/1857458046320128018,975976704144416768,Mu_Reckless
1857457513664492018,Fri Nov 15 16:15:55 +0000 2024,1,nyimpan rahasia cuma bawa depresi,1857457513664492018,,,in,,0,0,0,https://x.com/baperanpakut/status/1857457513664492018,1702459064230502400,baperanpakut
1857448561623060587,Fri Nov 15 16:11:20 +0000 2024,0,@kiooraw EH CANTIK BGT KOCAK AK CIYUM LEH GA???!,1857456357760528853,,kiooraw,in,"unlabeled, legal.",0,1,0,https://x.com/pingksan/status/1857456357760528853,1771932636732346368,pingksan
1857437363578019853,Fri Nov 15 16:10:58 +0000 2024,0,@rollettteee maw tpi ak old oomf jahsks @pingksan https://t.co/boIpAoeUZB,1857456267541000325,https://pbs.twimg.com/media/GccCn1aagAAkt_b.jpg,rollettteee,in,"unlabeled, legal.",0,0,0,https://x.com/pingksan/status/1857456267541000325,1771932636732346368,pingksan
1857269268834062499,Fri Nov 15 15:18:13 +0000 2024,0,@baperanewscom @folkshittmedia Syukurlah udeh ketangkep apapun alasan nya mukul dan nyiksa anak tetep salah.,1857442991725838644,,baperanewscom,in,"Kota Yogyakarta, Yogyakarta",0,0,0,https://x.com/Mu_Reckless/status/1857442991725838644,975976704144416768,Mu_Reckless
1857054697401516048,Fri Nov 15 15:15:32 +0000 2024,0,@tanyarlfes Itu sih lebih cocok kek orang depresi psikopat atau sejenisnya,1857442317944369566,,tanyarlfes,in,,0,0,0,https://x.com/factmortal/status/1857442317944369566,1714753020515467264,factmortal
1857441463313051872,Fri Nov 15 15:12:09 +0000 2024,19,P info cuddle gw gamau depresi,1857441463313051872,,,in,Kota hujan,0,4,0,https://x.com/basabasix/status/1857441463313051872,2942648754,basabasix
1857440653862752753,Fri Nov 15 15:08:56 +0000 2024,0,Orang depresi mah ke psikiater bukan pacarin minor. Memalukan otak udang,1857440653862752753,,,in,,0,0,0,https://x.com/zidanezet/status/1857440653862752753,1149216669358645248,zidanezet
1857437957210468376,Fri Nov 15 15:07:47 +0000 2024,0,@j3mbyut Depresi berat kyny ,1857440366599041286,,j3mbyut,in,Aerendale,0,1,0,https://x.com/akumagrrr/status/1857440366599041286,1539515263061700608,akumagrrr
1857436435055276292,Fri Nov 15 15:04:43 +0000 2024,0,@odetovivienne eh kocak yg harusnya depresi mah gw ga sih ,1857439594159239675,,odetovivienne,in,bxb bxg,0,0,0,https://x.com/newoozie/status/1857439594159239675,1701840559458177024,newoozie
1857429894319440028,Fri Nov 15 15:03:55 +0000 2024,0,@WindBaile Hahaha pinternya kesayanganku ini.,1857439392371216657,,WindBaile,in,,0,1,0,https://x.com/Djongsoeng/status/1857439392371216657,993640229289447424,Djongsoeng
1857438911183896961,Fri Nov 15 15:02:00 +0000 2024,0,battlenya seru walaupun depresi (dikit),1857438911183896961,,,in,pls read n draw on strawpage! ,0,0,0,https://x.com/kihttly/status/1857438911183896961,863359355227447296,kihttly
1857422618036695404,Fri Nov 15 15:00:31 +0000 2024,0,@zaridainaa OIYAA KA pls nanti baca bug bites heewon ponyohoon jugaaa itu vibenya mirip mirip gitu pls give it a try :D tapi ka mal baca yg seneng seneng dulu soalnya ini sedikit bikin depresi walaupun ficnya super cantik ,1857438538410954954,,zaridainaa,in,낙원,0,1,0,https://x.com/tokkijw/status/1857438538410954954,1291631833860382721,tokkijw
1857438488440025468,Fri Nov 15 15:00:19 +0000 2024,0,knp sy ikut depresi liat beginian,1857438488440025468,,,in,she,0,1,0,https://x.com/sepiaprdoxs/status/1857438488440025468,1273163705149272065,sepiaprdoxs
1857436289253151034,Fri Nov 15 14:55:25 +0000 2024,0,@aoshii0 kgn bgt .,1857437255423684651,,aoshii0,in,"unlabeled, legal.",0,1,0,https://x.com/pingksan/status/1857437255423684651,1771932636732346368,pingksan
1857437046853583024,Fri Nov 15 14:54:36 +0000 2024,0,males banget anjir besok ‍↕️‍↕️,1857437046853583024,,,in,dni — dnfwc ! feel free to bub,0,0,0,https://x.com/dazaibjir/status/1857437046853583024,1698733522473934848,dazaibjir
1857435135324639559,Fri Nov 15 14:47:00 +0000 2024,0,maaf ya kl bikin tl kalian makin depresi https://t.co/HEiAKrTWDH,1857435135324639559,https://pbs.twimg.com/media/GcbvaGTasAAkPpq.jpg,,in,˚₊‧꒰ა 🍒 ໒꒱ ‧₊˚,0,0,0,https://x.com/1004anyhannie/status/1857435135324639559,1696838213514760193,1004anyhannie
1857346317586251991,Fri Nov 15 14:44:51 +0000 2024,0,@bersuwara Udah depresi yaa,1857434592715870401,,bersuwara,in,Indonesia,0,0,0,https://x.com/minkaput/status/1857434592715870401,1128603452475461637,minkaput
1857433660431151438,Fri Nov 15 14:43:36 +0000 2024,0,@doielogy jujur pas td keluar nama lo gw kyk yaila... tau aje si wheelofnames siapa yg lg depresi tp tunggu kelar semua perticketing an ini yah ,1857434278638084381,,doielogy,in,,0,0,0,https://x.com/wonhub/status/1857434278638084381,951734211009855489,wonhub
1857433741939146991,Fri Nov 15 14:41:28 +0000 2024,0,Skrang hiburan itu murah&amp;lebih mudah terakses kita bisa cari hiburan apapun yg kita mau hanya melalui pokemon yg tiap hari kita bawa kmana2. Tapi pada...pada..kenyataannya tingkat depresi mningkat stiap tahun. Lalu bagaimana cara kakek-nenek kita dulu bertahan hidup tanpa gawai? https://t.co/nXzS4OshLn,1857433741939146991,https://pbs.twimg.com/media/GcbuI7qbQAEcW8Y.jpg,,in,,0,0,0,https://x.com/Nevalinas/status/1857433741939146991,535819970,Nevalinas
1857417334354547147,Fri Nov 15 13:36:16 +0000 2024,0,bahkan kalau jepang 5 aku udh ketawa aja (depresi),1857417334354547147,,,in,,0,0,0,https://x.com/markleel999/status/1857417334354547147,1442799713795784706,markleel999
1857417277395861952,Fri Nov 15 13:36:02 +0000 2024,0,ya Allah ikut depresi nemenin nonton sambil main game ge,1857417277395861952,,,in,,0,0,0,https://x.com/AkashiiKeizi/status/1857417277395861952,1300761546910347270,AkashiiKeizi
1857417185473544563,Fri Nov 15 13:35:40 +0000 2024,1,lanjut plss .,1857417185473544563,,,in,"unlabeled, legal.",0,1,0,https://x.com/pingksan/status/1857417185473544563,1771932636732346368,pingksan
1857416971824017612,Fri Nov 15 13:34:49 +0000 2024,0,Berapa kali bilang Jepang yang dibilang bisa punah karena angka kelahiran turun terus.Tapi orang-orang yang ada pada kualitas tinggi di segi kemampuan disiplin intelektual. Kalau dibilang sana angka depresi tinggi banyak bundir di indo juga banyak.,1857416971824017612,,,in,"Magelang Selatan, Indonesia",0,1,0,https://x.com/ichi5oichi/status/1857416971824017612,1531623721856708608,ichi5oichi
1857416869264990432,Fri Nov 15 13:34:25 +0000 2024,0,wkwkwk bang ole langsung depresi dan menyesal https://t.co/FWEcyTBeij,1857416869264990432,https://pbs.twimg.com/media/GcbezJqboAA_POW.jpg,,in,,0,0,0,https://x.com/F_Reza_S/status/1857416869264990432,1676835335446343681,F_Reza_S
1857416778978308593,Fri Nov 15 13:34:03 +0000 2024,0,life is not daijoubu (nonton niat dpt hiburan malah jadi depresi),1857416778978308593,,,in,,0,0,0,https://x.com/leymonblacktea/status/1857416778978308593,1229050495110537218,leymonblacktea
1857078682168213517,Fri Nov 15 13:33:43 +0000 2024,3,@KzizC @txtdrimedia Yg ngamuk tuh ngga ngerasain kita sbg ibu ngurus anak ntah kaya apa rasanya. tp anak kita malah dibegituin. Gw yakin itu ibunya pasti sakit depresi. Stressssss,1857416691686514792,,KzizC,in,,0,0,0,https://x.com/sayanqv/status/1857416691686514792,1550683258936954880,sayanqv
1857415982782042590,Fri Nov 15 13:31:09 +0000 2024,1,Menjaga kesehatan mental Olahraga tradisional tidak hanya bermanfaat bagi kesehatan fisik tetapi juga kesehatan mental. Olahraga tradisional dapat membantu mengurangi stres kecemasan dan depresi serta meningkatkan suasana hati dan harga diri. Mengurangi stres Olahraga,1857416049236603289,,X_Freetalk,in,,0,1,0,https://x.com/X_Freetalk/status/1857416049236603289,1509055781916016642,X_Freetalk
1857409103968063797,Fri Nov 15 13:29:15 +0000 2024,0,@pingksan kata psikologku org depresi pamali mam mangga,1857415570196680999,,pingksan,in,MiNOR!,0,0,0,https://x.com/rollettteee/status/1857415570196680999,1677580468089425920,rollettteee
1857415564886708418,Fri Nov 15 13:29:14 +0000 2024,1,CABUL BGT AJIG ISAGII ,1857415564886708418,,,in,"unlabeled, legal.",0,1,0,https://x.com/pingksan/status/1857415564886708418,1771932636732346368,pingksan
1857415183339336022,Fri Nov 15 13:27:43 +0000 2024,1,ADA AJA AJIG GEBRAKANNNYA ISAGI S NYA SINTING,1857415183339336022,,,in,"unlabeled, legal.",0,1,0,https://x.com/pingksan/status/1857415183339336022,1771932636732346368,pingksan
1857414958121935311,Fri Nov 15 13:26:49 +0000 2024,0,isagi udah isagi ak yang maluu,1857414958121935311,,,in,"unlabeled, legal.",0,0,0,https://x.com/pingksan/status/1857414958121935311,1771932636732346368,pingksan
1857414635005337948,Fri Nov 15 13:25:32 +0000 2024,15,Situ ling pas depresi gak dapetin mingyi @baobaeey @Quinsyz115649 @jijeju5 #yuchengen #loveintheclouds https://t.co/ZYdp8tzkIO,1857414635005337948,https://pbs.twimg.com/ext_tw_video_thumb/1857414534413291520/pu/img/4Fbk9LYJRxFhdH7K.jpg,,in,,0,2,0,https://x.com/Miamimochyy24/status/1857414635005337948,1819356564849078272,Miamimochyy24
1857358341057732796,Fri Nov 15 13:24:58 +0000 2024,0,@archvelz Terima kasih untuk GA nya! Sesungguhnya aku bener2 lagi down ke diri sendiri Agak depresi juga wkwk Tpi yg pasti you doing great myself! ,1857414493099458581,,archvelz,in,,0,0,0,https://x.com/Mia_01597/status/1857414493099458581,1359844143665610757,Mia_01597
1857414435389988874,Fri Nov 15 13:24:45 +0000 2024,2,IYA MAKASI BANYAK MECIM UDAH ADD SHOW DAY 2 CUMAN YAAAA GENSALE SEMUA WARNYA????? SERIUS KAH ITU??? GAUSAH BERCANDA GINILAH ANJIR??? GUA BAKAL SE DEPRESI APA COBA NANTI WARNYAA ,1857414435389988874,,,in,05 ༘˚⋆𐙚｡⋆𖦹.✧˚,0,1,1,https://x.com/elmariajinnnie/status/1857414435389988874,1268512672569389057,elmariajinnnie
1857411805649174641,Fri Nov 15 13:22:02 +0000 2024,0,@hocnwon poin ketiga penyebab depresi berat,1857413752121119013,,hocnwon,in,she/her •  engene only,0,0,0,https://x.com/lheeraeth/status/1857413752121119013,1512381296752103428,lheeraeth
1857413419663818801,Fri Nov 15 13:20:42 +0000 2024,0,besok aku harus make lengan panjang seharian aku tdk mungkin menunjukkan tanganku luka luka karena cutting depresi dibuat si anjeng kan,1857413419663818801,,,in,Caratland,0,0,0,https://x.com/lovs4shua/status/1857413419663818801,1614854242388570115,lovs4shua
1857412979719037034,Fri Nov 15 13:18:58 +0000 2024,0,cara dapetin uang dalam3 hari selain jadi ani anai apa ya gaess?,1857412979719037034,,,in,caratland 💎,0,0,0,https://x.com/depres0t/status/1857412979719037034,4399128134,depres0t
1857281063187558705,Fri Nov 15 12:56:56 +0000 2024,0,@tillscoffee ya ak sulsel tp bukan dimks..,1857407436413677703,,tillscoffee,in,"unlabeled, legal.",0,1,0,https://x.com/pingksan/status/1857407436413677703,1771932636732346368,pingksan
1857395361327067457,Fri Nov 15 12:56:19 +0000 2024,1,@zzrliaa pingg,1857407279408251380,,zzrliaa,in,"unlabeled, legal.",0,1,0,https://x.com/pingksan/status/1857407279408251380,1771932636732346368,pingksan
1857405974111568243,Fri Nov 15 12:51:07 +0000 2024,0,gua : tu bocah perkara disuruh nyuci piring doang sw nya kaya orang depresi. mama : ade nya jangan dimarahin mulu kalo depresi beneran gimana? ,1857405974111568243,,,in,,0,1,0,https://x.com/svckpuppies/status/1857405974111568243,1603065006324490241,svckpuppies
1857353570561200639,Fri Nov 15 12:50:59 +0000 2024,0,@heumtasty pokoknya waktu itu di moment dia comeback ke dunia entertainment setelah ngilang bertahun-tahun. dia depresi berat pasca syuting GGS. dan kejadiannya juga pas stripping GGS itu pelakunya ada di area sinema tsb.,1857405940733272238,,heumtasty,in,backyard,0,0,0,https://x.com/ninemoirai/status/1857405940733272238,1645403965461508097,ninemoirai
1857387326881898695,Fri Nov 15 12:48:52 +0000 2024,0,@bzullets pas imtk lu ga depresi ya sama gue mim,1857405405116408186,,bzullets,in,chemE ,0,0,0,https://x.com/nayepages/status/1857405405116408186,1810245505945153536,nayepages
1857404632789835914,Fri Nov 15 12:45:48 +0000 2024,0,ncen bener sih nek awakmu depresi dek,1857404632789835914,,,in,"Yogyakarta, Indonesia",0,0,0,https://x.com/666Fullofshit/status/1857404632789835914,1296775483195944963,666Fullofshit
1857404389570601028,Fri Nov 15 12:44:50 +0000 2024,0,udah ya gua izin off kayaknya gua bakalan depresi abis ini,1857404389570601028,,,in,Jawa,0,0,0,https://x.com/iMeowSpeed/status/1857404389570601028,1426464188327620611,iMeowSpeed
1857404352509747424,Fri Nov 15 12:44:41 +0000 2024,0,0-2 PREKKKKKKK GW DEPRESI,1857404352509747424,,,in,FPBS UPI,0,1,0,https://x.com/mandewars/status/1857404352509747424,1565153123567427584,mandewars
1857404111920283997,Fri Nov 15 12:43:43 +0000 2024,1,SYUKURAN DAPAT SAKI VAL FOIL,1857404111920283997,,,in, | ☕🎹 | ⭐💧 | 🎈🤖 | ,0,0,0,https://x.com/kudemana/status/1857404111920283997,1262553690293977088,kudemana
1857046642421055730,Fri Nov 15 12:42:44 +0000 2024,0,@kaimikuest Boleh kak baru mau bilang hehe,1857403864846365036,,kaimikuest,in, | ☕🎹 | ⭐💧 | 🎈🤖 | ,0,1,0,https://x.com/kudemana/status/1857403864846365036,1262553690293977088,kudemana
1857403709241823301,Fri Nov 15 12:42:07 +0000 2024,0,gais keknya my sweet mobster ni tipe drama yg bakal ku rewatch kalau aku lagi depresi nyusun skripsi trus aq bakal ketawa ketiwi gajelas dan jadi makin gila,1857403709241823301,,,in,,0,0,0,https://x.com/lifeisleepislov/status/1857403709241823301,1719274290040946688,lifeisleepislov
1857310124374655189,Fri Nov 15 12:37:37 +0000 2024,0,@tanyarlfes Bedainlah itu setau gue aliando krna mengkonsumsi obat anti depresi,1857402575500525742,,tanyarlfes,in,,0,0,0,https://x.com/baukgorila/status/1857402575500525742,1762368237520773120,baukgorila
1857394134727922143,Fri Nov 15 12:35:24 +0000 2024,0,@secretloc0 abis depresi bukannya lanjut berobat malah jdi pedo‍️,1857402017859121304,,secretloc0,in,,0,1,0,https://x.com/mapplepie/status/1857402017859121304,1798214936184930304,mapplepie
1857078318434013475,Fri Nov 15 12:35:17 +0000 2024,1,@devosride hmuu,1857401987987550688,,devosride,in,"unlabeled, legal.",0,0,0,https://x.com/pingksan/status/1857401987987550688,1771932636732346368,pingksan
1857401593903366646,Fri Nov 15 12:33:43 +0000 2024,0,Mau lagi di kondisi up (manik) ataupun down (depresi) tetap memperlihatkan sisi baik apapun itu dan dimanapun. Gamau dengan alesan sakit jadi orang2 menormalisasikan emosi maupun mood gua. Bahkan dengan orang terdekat pun gua tetap profesional.,1857401593903366646,,,in,tempat tidur,0,0,0,https://x.com/ithinkhumanfck/status/1857401593903366646,1826163265682157570,ithinkhumanfck
1857401116482511208,Fri Nov 15 12:31:49 +0000 2024,0,ANIN ANJINGGG GUE UDAH DEPRESI BANGET NUNGGUIN TUH ANAK DARI JAM 6 TAUNYA MASIH DI CORDOVA AMA PACARNYA ,1857401116482511208,,,in,"Jauh, bawa tas",1,0,0,https://x.com/hyunjinundip/status/1857401116482511208,1169305661961719808,hyunjinundip
1857400773698896002,Fri Nov 15 12:31:04 +0000 2024,0,@idextratime @bliblidotcom Mitoma depresi gabisa ngelewatin diks itu,1857400925331276171,,idextratime,in,,0,1,0,https://x.com/chaaacing/status/1857400925331276171,1698390434249420800,chaaacing
1857394134727922143,Fri Nov 15 12:29:47 +0000 2024,0,@secretloc0 lama ga nongol krn depresi berarti?,1857400604123177247,,secretloc0,in,,0,1,0,https://x.com/mapplepie/status/1857400604123177247,1798214936184930304,mapplepie
1857397174432104480,Fri Nov 15 12:29:43 +0000 2024,3,Kegunaan Thymian unt tubuh : Thymian mengandung Thymol dan carvacrol serta tanin lamiaceae asam rosmarinic dan asam caffeic membantu misalnya untuk pilek masalah pernafasan ( Bronchitis) radang gusi penyakit kulit masalah dg pencernaan dan depresi ringan. https://t.co/g8reD0kLOc,1857400585303032054,https://pbs.twimg.com/media/GcbP_RFXIAEM6zu.jpg,hannajoe20,in,"Tegernsee, Germany",0,1,0,https://x.com/hannajoe20/status/1857400585303032054,1445131067246137348,hannajoe20
1857379587862196400,Fri Nov 15 12:23:56 +0000 2024,0,@Whiltgred Makasih Papi wish me luck gak beneran depresi,1857399133075906603,,Whiltgred,in,He. Legal.,0,0,0,https://x.com/Vernsailers/status/1857399133075906603,1845102484471287808,Vernsailers
1857398239475233125,Fri Nov 15 12:20:23 +0000 2024,0,Wkwkwkw timing radio lagu2 depresi time jem ni,1857398239475233125,,,in,Mangoland,0,0,0,https://x.com/syamilafiq_/status/1857398239475233125,746979439,syamilafiq_
1779846109000765942,Fri Nov 15 12:18:41 +0000 2024,5,@Kucingnyamamii mewek gak? ya mewek lah anjir zeze yg paling terluka disini sampai depresi bramasta emang cuma biang masalah tapi kenapa harus mama karina si delin bego apa gimana malah ngajak mama karina bukan laki nya. bajingan emang tu laki nya si delin,1857397811484283066,,Kucingnyamamii,in,,0,0,0,https://x.com/yoonchanniie/status/1857397811484283066,1492825957757255684,yoonchanniie
1857352765829247130,Fri Nov 15 12:14:49 +0000 2024,0,@tetehcarat MAUUU KETEMU SUNGJONG,1857396837810114686,,tetehcarat,in,caratland 💎,0,1,0,https://x.com/depres0t/status/1857396837810114686,4399128134,depres0t
1857387326881898695,Fri Nov 15 12:09:06 +0000 2024,1,@bzullets kyknya lo selalu depresi sm siapa aja deh,1857395400258502700,,bzullets,in,,0,0,0,https://x.com/m3owcury/status/1857395400258502700,1800118004912635904,m3owcury
1857333913439666287,Fri Nov 15 12:06:23 +0000 2024,0,@neVerAl0nely Banyak org stress depresi Tekanan kuat bgt,1857394715458777289,,neVerAl0nely,in,"ÜT: -6.3668522,106.7487124",0,0,0,https://x.com/RiyantoCool/status/1857394715458777289,58369204,RiyantoCool
1857187402881884265,Fri Nov 15 12:05:48 +0000 2024,0,@puspa_novitta begitu juga dengan depresi kan,1857394569224032343,,puspa_novitta,in,him,0,0,0,https://x.com/drakkxen/status/1857394569224032343,1524352694160601092,drakkxen
1857370852092006456,Fri Nov 15 11:59:40 +0000 2024,0,@dinaaghnias jgn sampe depresi ya,1857393026743652433,,dinaaghnias,in,Indonesia,0,0,0,https://x.com/rafiq_erouck/status/1857393026743652433,1100372166,rafiq_erouck
1857197310519935072,Fri Nov 15 11:59:28 +0000 2024,0,@yourneedsco bisa bikin orang mudah depresi,1857392975309156776,,yourneedsco,in,,0,0,0,https://x.com/tesrminal/status/1857392975309156776,777654253661945856,tesrminal
1857370852092006456,Fri Nov 15 11:58:27 +0000 2024,0,@dinaaghnias Ga boleh depresi yaa harus tetep waras,1857392720249299387,,dinaaghnias,in,,0,0,0,https://x.com/mezlon/status/1857392720249299387,1539911586919624705,mezlon
1857392123668251000,Fri Nov 15 11:56:05 +0000 2024,0,Well said udah depresi sih (not a self diagnosed),1857392125190771128,,navfaru,in,🍁's heart,0,0,0,https://x.com/navfaru/status/1857392125190771128,1603936573342371840,navfaru
1857392123668251000,Fri Nov 15 11:56:05 +0000 2024,0,Kapan liburan aku mau menamatkan omori sampe depresi,1857392123668251000,,,in,🍁's heart,0,1,0,https://x.com/navfaru/status/1857392123668251000,1603936573342371840,navfaru
1857370852092006456,Fri Nov 15 11:50:39 +0000 2024,0,@dinaaghnias Takut bgt depresi beneran,1857390756639687013,,dinaaghnias,in,London,0,0,0,https://x.com/garrettcaramel/status/1857390756639687013,1733365266447474689,garrettcaramel
1857310124374655189,Fri Nov 15 11:47:20 +0000 2024,0,@tanyarlfes Setau gw buncit dia karna depresi udah yuk gausah bodishame. Ntar dibalik ulti ngamokk,1857389922593968168,,tanyarlfes,in,Indonesia,0,0,0,https://x.com/dianlesari/status/1857389922593968168,92244024,dianlesari
1857370187865157945,Fri Nov 15 11:47:09 +0000 2024,2,@mikanotyourmine Melihat dr perlakuan ibu ke ayah. dan tidak melihat perjuangan ayh mencari nafkah utk keluarga. Tapi bisa jadi ada faktor tertentu yg biasanya ayah bekerja tiba2 layoff &amp; ketika mau bekerja kembali tidak ada support dr keluarga yg akhirnya depresi tidak bersemangat cari nafkah.,1857389873541550098,,mikanotyourmine,in,United Kingdom,0,1,0,https://x.com/NotASugarDady/status/1857389873541550098,1607937936015888384,NotASugarDady
1857388150865445348,Fri Nov 15 11:40:18 +0000 2024,0,2022 TEMEN KERJA TOXIC PACAR (mantan) TOXIC MASALAH KELUARGA Tiap hari terbayang2 pengen ke tempat tinggi kayanya enak lepas terus lompat. Padahal gua ga ada pikiran bundir. Tapi pikiran itu ganggu bgt sumpah. O gini kali ya rasanya depresi tapi gua masih denial aja merasa gapapa,1857388150865445348,,,in,,0,1,0,https://x.com/stargllazer/status/1857388150865445348,1677564193,stargllazer
1857387574328779059,Fri Nov 15 11:40:16 +0000 2024,1,Sempet mikir yaampun pikiran gw banyak penyakit banget ya.. bener-bener nihilist dan kayanya kecenderungan depresi itu ada haha. Tapi setidaknya dengan ngomong dan didengerin jadi bikin diri sendiri lega dan mikir gimana caranya melihat semua masalah ini dengan lensa berbeda.,1857388143881978178,,Brurce,in,"Jakarta, Indonesia",0,3,0,https://x.com/Brurce/status/1857388143881978178,1817166370712502272,Brurce
1857387262285418587,Fri Nov 15 11:36:46 +0000 2024,0,Nih yg dikit2 anxiety gk bisa dihubungi bilangnya lagi depres jgn hubungi aku dulu kalo gk pernah ketemu psikiater ngaku2 gitu awas aja lu,1857387262285418587,,,in,Indonesia,0,0,0,https://x.com/Just_Nuy/status/1857387262285418587,222079289,Just_Nuy
1857346317586251991,Fri Nov 15 11:34:15 +0000 2024,0,@bersuwara gua juga depresi,1857386628047925602,,bersuwara,in,"Handle by Admin, Personal Acc.",0,0,0,https://x.com/aviahtion/status/1857386628047925602,925740084992737285,aviahtion
1857385986596258128,Fri Nov 15 11:33:44 +0000 2024,0,Berasa sendiriannn bgttt depresssi orang kalo bilang gw kurang ngaji gw lempar kurssiii. Gak smua orang depresi krn gak deket sama TUHAN!!,1857386498246709528,,hannayaaa_,in,"Kota Baru, Indonesia",0,0,0,https://x.com/hannayaaa_/status/1857386498246709528,1269561738623475713,hannayaaa_
1857385682731516206,Fri Nov 15 11:30:29 +0000 2024,0,I just published Penyebab Depresi pada Orang Dewasa Muda: Memahami dan Mengatasinya https://t.co/JM11D3szWq Depresi pada dewasa muda bisa disebabkan banyak hal. Temukan cara mengatasinya di artikel ini! #KesehatanMental,1857385682731516206,,,in,,0,0,0,https://x.com/DianidaR89291/status/1857385682731516206,1789912743413497856,DianidaR89291
1857385657595023526,Fri Nov 15 11:30:23 +0000 2024,1,Keknya karena Saki val doank emanh disuruh selametin duid dulu buat pelunasan : Konerai juga dah bentar lagi. Belum kebeli juga premipasa bulan ini,1857385657595023526,,,in, | ☕🎹 | ⭐💧 | 🎈🤖 | ,0,0,0,https://x.com/kudemana/status/1857385657595023526,1262553690293977088,kudemana
1857377279493706165,Fri Nov 15 11:28:39 +0000 2024,0,@okkotsqu fans mas mas depresi sambil nge-band,1857385219382464935,,okkotsqu,in,him. (NOT SPOILER FREE),0,1,0,https://x.com/devosride/status/1857385219382464935,1807916486834745344,devosride
1857385209005748611,Fri Nov 15 11:28:37 +0000 2024,3,manusia tuh gada puasnya gais kalo kamu nonton di green dan pengen purple siapa tau yg purple pengen nonton di blue dan siapa tau juga yg di blue pengen nonton di pink sc. dan kali aja yg di pink sc malah pengen nonton di atas panggung,1857385209005748611,,,in,caratland 💎,0,3,0,https://x.com/depres0t/status/1857385209005748611,4399128134,depres0t
1857384999965819147,Fri Nov 15 11:27:47 +0000 2024,0,ada aja yang dingakakin WKWKWK. keinget juga pas ayah baru meninggal kerasa sedih dan depresi banget atmosfernya :v tp time heal. lambat laun semuanya balik lagi ke awal walau ada yang hilang. life must go on eventually.,1857385002427949368,,sanhuau,in,17 hari.,0,0,0,https://x.com/sanhuau/status/1857385002427949368,833730049526206464,sanhuau
1857310124374655189,Fri Nov 15 11:24:03 +0000 2024,0,@tanyarlfes temen gue bukan tukang minum tapi buncit gini nder buncit orang tukang minum sama emg ya buncit aja itu beda jauhhh. kalo aliando ini kemungkinan besar ya emg buncit aja. apalg keknya sempet ke psikiater ya kmrn? obat depresi bikin bb naik jg.,1857384062501196179,,tanyarlfes,in,,0,0,0,https://x.com/Nouzennie/status/1857384062501196179,1470520341252374528,Nouzennie
1857383749727699034,Fri Nov 15 11:22:49 +0000 2024,0,Presale - Nice try General sale - Nice try Jastip - Nice try Kata gua mau lu @pledis_17 kudu 2 hari di JIS gua ampe depresi ga dapet orange ya Allah,1857383749727699034,,,in,,0,0,0,https://x.com/svtfanieyo/status/1857383749727699034,1679354982079016962,svtfanieyo
1857382381789016346,Fri Nov 15 11:20:45 +0000 2024,0,@wuinery Hiks iya sih makasih kak luke : ) Masih sadis banget Saki val. Toya knek cari merca or sellkor aja. Sama kenapa tiba2 kebelet Toya cf foil juga gegara dapat murah Saki cf2 foil rasa pengen wajib ngepair tinggi,1857383232196472888,,wuinery,in, | ☕🎹 | ⭐💧 | 🎈🤖 | ,0,0,0,https://x.com/kudemana/status/1857383232196472888,1262553690293977088,kudemana
1857383152127467803,Fri Nov 15 11:20:26 +0000 2024,0,Berantem sama ibu pegawai sekantor soal mental remaja karena dia tiba-tiba bilang Anak SMA kok udah depresi di depan anak PKL yang sering banget kita minta tolong. Nggak nyangka akhirnya ada momen di mana gue educate someone older. Adu urat leher banget sekarang gue migrain,1857383152127467803,,,in,,0,1,0,https://x.com/jouskasyne/status/1857383152127467803,1803025513713430529,jouskasyne
1857382800250532117,Fri Nov 15 11:19:02 +0000 2024,1,Episode apa inihh depresi sekali,1857382800250532117,,,in,livin' in a clip,0,0,0,https://x.com/heypengelana/status/1857382800250532117,4782167430,heypengelana
1857382381789016346,Fri Nov 15 11:17:22 +0000 2024,0,Saki val doank keknya : 3,1857382381789016346,,,in, | ☕🎹 | ⭐💧 | 🎈🤖 | ,0,1,0,https://x.com/kudemana/status/1857382381789016346,1262553690293977088,kudemana
1857381394512859398,Fri Nov 15 11:13:27 +0000 2024,0,just checked ur account @hibisdcus sangat character development karna gak terlalu depresi,1857381394512859398,,,in,,0,2,0,https://x.com/keyakinaan/status/1857381394512859398,1498373097174761472,keyakinaan
1857346317586251991,Fri Nov 15 11:10:18 +0000 2024,0,@bersuwara depresi banget gagtuh,1857380602921836664,,bersuwara,in,"IRVINGTON,NJ",0,0,0,https://x.com/dongyoeung/status/1857380602921836664,1773578020860895232,dongyoeung
1857380591060316656,Fri Nov 15 11:10:16 +0000 2024,0,Kalau lagi banyak masalah depresi &amp; sedih mending gk usah nonton dandadan eps.7 https://t.co/I9M5wFPv2u,1857380591060316656,https://pbs.twimg.com/media/Gca9zJTaMAASEPP.jpg,,in,Negara Kegelapan,0,0,0,https://x.com/LuarbiasaX/status/1857380591060316656,1813629948936228864,LuarbiasaX
1857378793037726113,Fri Nov 15 11:09:09 +0000 2024,1,@feliscxtus Imagine ngomong anti-depresan (yang mana artinya ada gangguan depresi) dan insyaallah side to side. Manusia memang kadang unik.,1857380313389027450,,feliscxtus,in,giannovyn research center,0,0,0,https://x.com/account4044/status/1857380313389027450,1227236942414151680,account4044
1857105340245938453,Fri Nov 15 11:08:08 +0000 2024,0,@jaaesaahi @sepisepitia Kalo diem tandanya sedang depresi ,1857380057595142442,,jaaesaahi,in,kwangya,0,1,0,https://x.com/asahiiharem/status/1857380057595142442,1605737557287137280,asahiiharem
1857370852092006456,Fri Nov 15 11:08:08 +0000 2024,0,@dinaaghnias takut banget nanti saya depresi,1857380057263870188,,dinaaghnias,in,,0,0,0,https://x.com/alconicho/status/1857380057263870188,1797254285861986304,alconicho
1857378404888441084,Fri Nov 15 11:05:52 +0000 2024,0,@kaimikuest Semangat kakaks,1857379487199232108,,kaimikuest,in, | ☕🎹 | ⭐💧 | 🎈🤖 | ,0,0,0,https://x.com/kudemana/status/1857379487199232108,1262553690293977088,kudemana
1857379286329782466,Fri Nov 15 11:05:04 +0000 2024,0,aku pernah nonton di fb ini aku nntn nya ga selesai tapi agak penasaran juga ceritanya gimana ada cewek dia berbakat buat nulis novel tapi semua uang dari nulis novel itu diambil sama orang tua nya nyuruh dia nulis terus tanpa henti pokoknya dan pas dia tau dia depresi....,1857379286329782466,,,in,,0,0,0,https://x.com/ussls_/status/1857379286329782466,1175795705920684032,ussls_
1857373113027338329,Fri Nov 15 11:04:46 +0000 2024,0,@fatherfcker2 Makin depresi kalo istrinya tau wkwk,1857379208806433227,,fatherfcker2,in,H,0,0,0,https://x.com/Ckaaraagee/status/1857379208806433227,1760115349620707328,Ckaaraagee
1857046642421055730,Fri Nov 15 11:00:20 +0000 2024,2,@kaimikuest 1. Saki Val foil pair saki [1] dan treka Saki 2. Toya knight foil (Honami made me order(honami kereta)) 3. Toya CF 2 Foil,1857378092286931404,,kaimikuest,in, | ☕🎹 | ⭐💧 | 🎈🤖 | ,0,1,0,https://x.com/kudemana/status/1857378092286931404,1262553690293977088,kudemana
1857377760081285325,Fri Nov 15 10:59:01 +0000 2024,0,omg salah liat depresi,1857377760081285325,,,in,,0,0,0,https://x.com/ubingitis/status/1857377760081285325,898615049895456768,ubingitis
1857375008257176056,Fri Nov 15 10:56:43 +0000 2024,0,@flam3queen cari game lain dah depresi lo ntr main game tolol ini,1857377183301529904,,flam3queen,in,,0,0,0,https://x.com/sterlingmoss62/status/1857377183301529904,1671346976087216130,sterlingmoss62
1857370504904184201,Fri Nov 15 10:47:49 +0000 2024,0,@shifuzin_ kursi org depresi,1857374944759525574,,shifuzin_,in,,0,1,0,https://x.com/rawrbel/status/1857374944759525574,1761402316140556288,rawrbel
1857374765306294336,Fri Nov 15 10:47:07 +0000 2024,0,Gua benci banget fase depresi ini bisa gila gua,1857374765306294336,,,in,wherever you want,0,0,0,https://x.com/AfidaDina/status/1857374765306294336,1340273291789942785,AfidaDina
1857003042261852161,Fri Nov 15 08:20:15 +0000 2024,0,@DokterTifa Orang depresi setiap hari ngoceh fufufafa mulu minum obat yang teratur supaya cepat sembuh,1857337808933020098,,DokterTifa,in,,0,0,0,https://x.com/adrianusand/status/1857337808933020098,830702325639507968,adrianusand
1857337309391384620,Fri Nov 15 08:18:16 +0000 2024,0,97% anak indo depresi tp kita bukan anak,1857337309391384620,,,in,,0,1,0,https://x.com/cxhesee/status/1857337309391384620,1104558265122283520,cxhesee
1857328599801720947,Fri Nov 15 08:16:54 +0000 2024,0,@TOMSETOM_DR Waduuu makin keliatan depresi nya,1857336962320904348,,TOMSETOM_DR,in,,0,0,0,https://x.com/dontoucht/status/1857336962320904348,1709886261480296448,dontoucht
1857328599801720947,Fri Nov 15 08:16:17 +0000 2024,0,@TOMSETOM_DR makin aneh aja dilempar asbak sekali langsung depresi wkwk,1857336806821507290,,TOMSETOM_DR,in,,0,0,0,https://x.com/arkiila/status/1857336806821507290,1847213064111992832,arkiila
1857328599801720947,Fri Nov 15 08:14:47 +0000 2024,0,@TOMSETOM_DR ini Luthfi makin keliatan depresi aja nih padahal suka ngerusak rumah tangga orang,1857336429870981227,,TOMSETOM_DR,in,,0,0,0,https://x.com/nitratndut/status/1857336429870981227,1849393610325946368,nitratndut
1857328599801720947,Fri Nov 15 08:10:39 +0000 2024,2,@TOMSETOM_DR ini sejak di lempar asbak langsung keliatan depresi https://t.co/ymvSlgwvi4,1857335389930864834,https://pbs.twimg.com/media/GcaUsR7bwAABiQ6.jpg,TOMSETOM_DR,in,Indonesia,1,0,0,https://x.com/bungafarius/status/1857335389930864834,3287916044,bungafarius
1857334613544460699,Fri Nov 15 08:07:34 +0000 2024,1,membaca buku-buku classic karya orang-orang yang depresi adalah hobiku.,1857334613544460699,,,in,Saint Petersburg,0,0,0,https://x.com/belomsarapan/status/1857334613544460699,1676241356115812355,belomsarapan
1857310124374655189,Fri Nov 15 08:05:12 +0000 2024,0,@tanyarlfes Ali itu hiatus karena depresi obat depresi itu ada yg bisa ningkatin nafsu makan itu juga berpengaruh sama berat badan,1857334020386021844,,tanyarlfes,in,,0,0,0,https://x.com/Viola0dorata/status/1857334020386021844,1411890249454686210,Viola0dorata
1857329223951909066,Fri Nov 15 08:03:41 +0000 2024,0,@bunnybanbinbun IYAA!!!! Dr 42kg skrg 55kg akuu soalnya di indo aku sakitttt depresi sm anxiety disorder trs dikasih obat dll trs pindah negara lgsg sEMBUHHHH?!?!,1857333636615295421,,bunnybanbinbun,in,Hong Kong,0,1,0,https://x.com/cinnamoanrol/status/1857333636615295421,1699334815068381184,cinnamoanrol
1857331342272553410,Fri Nov 15 07:54:34 +0000 2024,0,wts green north harga awal + 200k (udh include surat kuasa) ayo buruan drpd depresi gatau kapan day 2 dan semua keburu sold. #SEVENTEEN_RIGHT_HERE,1857331342272553410,,,in,caratland,0,1,1,https://x.com/giskhaizure/status/1857331342272553410,1243135917696544768,giskhaizure
1857310124374655189,Fri Nov 15 07:54:29 +0000 2024,18,@tanyarlfes Ini studi meta analisis number one evidence bilang juga kalo depresi memiliki hubungan yg signifikan dengan visceral fat/perut buncit. Ini kasusnya sesuai sama yg di foto kan? Dia mengalami gangguan mental dan harus terapi ke psikiater Ini sumbernya: https://t.co/1f97U0Iiqw,1857331321363910963,,fikimridho,in,"Yogyakarta, Indonesia",0,1,1,https://x.com/fikimridho/status/1857331321363910963,922782906,fikimridho
1857114327435862136,Fri Nov 15 07:53:33 +0000 2024,0,@cheesecakewo0 Suliiiit banget fen aku se depresi ini sampai 2 hari juga ga tidur ,1857331088110358698,,cheesecakewo0,in,,0,0,0,https://x.com/wonwoohalu/status/1857331088110358698,1627594364649365505,wonwoohalu
1857286415090102653,Fri Nov 15 07:53:15 +0000 2024,0,@xxddrmsr ADADEHHHH WKWKWK,1857331013355208930,,xxddrmsr,in,caratland 💎,0,0,0,https://x.com/depres0t/status/1857331013355208930,4399128134,depres0t
1857329968243712086,Fri Nov 15 07:49:06 +0000 2024,1,ternyata selama ini kie obat ansietas sama depresi harus ada keluarga dan ada yg monitoring :&lt; (gwe slalu smdirian),1857329968243712086,,,in,,0,0,0,https://x.com/discusopticus/status/1857329968243712086,1596117061511843840,discusopticus
1857312499500228866,Fri Nov 15 07:46:43 +0000 2024,0,@tempatunekuneg Aduh ada si homo pengangguran miskin lagi kelojotan di sosmed ketauan gk punya temen di RL sih krn semuanya pada jijik liat kelakuannya yg suka jilatin lobang pantat Kasian bgt si masa depan suram ini depresi pun jg gak bakal ada yg peduli hahaha,1857329366222729706,,tempatunekuneg,in,,0,0,0,https://x.com/throwsnpe/status/1857329366222729706,1713590522995208192,throwsnpe
1857309328933621870,Fri Nov 15 07:45:15 +0000 2024,0,@tetehcarat WKWKWKWK MARI KITA TERIMA SAJA MENJADI GOING YELLOW YG DIKETUAI OLEH DOKYEOM WKWKKW,1857329000751804650,,tetehcarat,in,caratland 💎,0,1,0,https://x.com/depres0t/status/1857329000751804650,4399128134,depres0t
1857003042261852161,Fri Nov 15 07:36:25 +0000 2024,0,@jokobejo_69 @IsmahajriHajri @DokterTifa Kasian g bisa move on ngeri lama2 depresi jd odgj,1857326775610601528,,jokobejo_69,in,,0,0,0,https://x.com/syindonesiana/status/1857326775610601528,983587829543415808,syindonesiana
1856949005709689211,Fri Nov 15 07:26:52 +0000 2024,0,@Sellydianti @tanyakanrl Wkwk... Sempat menghilang karena depresi stress Balik - balik kok tambah stress,1857324373042229683,,Sellydianti,in,"Yogyakarta, Indonesia",0,1,0,https://x.com/olla_bilbils/status/1857324373042229683,3278720180,olla_bilbils
1857116529906876699,Fri Nov 15 07:23:20 +0000 2024,0,@Gin_chhi Asli sebel kasian doi weh. Mana yg cuma fomo ngehate pake kata2 kasar trus ngebandingin sm member lain Like wtf bro? U don t even support her and don t know what the main problem is!! gw klo jd doi udh depresi parah kli klo baca komenan kyk gitu. Kritik boleh ngehate jgn,1857323482629238814,,Gin_chhi,in,,0,0,0,https://x.com/Duckxx_/status/1857323482629238814,1264640006804537344,Duckxx_
1857319974957973727,Fri Nov 15 07:17:15 +0000 2024,0,@co_oupsie BELOMMMM AKU UDAH DEPRESI BGT ,1857321953931227188,,co_oupsie,in,Indonesia,0,1,0,https://x.com/gystalialupp/status/1857321953931227188,1603995849096196096,gystalialupp
1857310124374655189,Fri Nov 15 07:12:43 +0000 2024,0,@tanyarlfes dia tuh minum obat depresi ga si makanya gemuk.,1857320809716404592,,tanyarlfes,in,,0,0,0,https://x.com/pehpearce/status/1857320809716404592,196970930,pehpearce
1857320028053668247,Fri Nov 15 07:09:36 +0000 2024,0,Sobat Soedjarwadi bagi Anda yang membutuhkan pengobatan masalah kejiwaan pada anak dan remaja seperti autis ADHD depresi adiksi dll. silahkan dapat berkunjung ke Klinik Jiwa Anak dan Remaja RSJD Dr. RM. Soedjarwadi https://t.co/vbUdQcIf4K,1857320028053668247,https://pbs.twimg.com/media/GcaGtzga0AACO3O.jpg,,in,"Klaten, Jawa Tengah, Indonesia",0,0,0,https://x.com/RSJSoedjarwadi/status/1857320028053668247,2218748484,RSJSoedjarwadi
1857146779940360588,Fri Nov 15 07:02:06 +0000 2024,2,@apralzolam Dok saya pernah diresep obat anti depresi oleh pskiater tapi pas ke apotik obatnya lagi kosong dan harus ke beberapa apotik lain baru nemu. Di sela² cari apotik buka shopee cek di sana ternyata banyak yg jual. ,1857318138196656185,,apralzolam,in,"Malang, Jawa Timur",0,1,0,https://x.com/listyantidewi/status/1857318138196656185,1793234531774058496,listyantidewi
1857316545749463271,Fri Nov 15 06:56:13 +0000 2024,0, gejala depresi,1857316659532378574,,ayampetruk,in,she/they,0,0,0,https://x.com/ayampetruk/status/1857316659532378574,1774772939000512512,ayampetruk
1857267648868078076,Fri Nov 15 06:54:23 +0000 2024,36,@iammmine sepanjang baca nyengirr mulu liat ortu yg kyknya depresi bgt ngurusin duo bokem,1857316198905790777,,iammmine,in,"Karanganyar, Indonesia",0,0,0,https://x.com/rengganesputri/status/1857316198905790777,1432544824784134145,rengganesputri
1857313344870600980,Fri Nov 15 06:45:50 +0000 2024,8,Stress dan depresi Kepada polisi sang ibu berkata bahwa ia hanya tinggal berdua saja dengan putranya. Suaminya telah lama meninggal karena depresi. Diketahui kecanduan putranya terhadap narkoba lah yang menyebabkan mendiang suami sang ibu mengalami stress dan depresi. https://t.co/LCsgas685E,1857314046250508307,https://pbs.twimg.com/media/GcaBNZpaAAEZt_j.png,TMIHARINI,in,,0,1,1,https://x.com/TMIHARINI/status/1857314046250508307,1632670728503058439,TMIHARINI
1857313851865260457,Fri Nov 15 06:45:04 +0000 2024,0,Padahal baru aja nangisi dandanda eps terbaru. Pangsung berbunga2 hati ini,1857313851865260457,,,in, | ☕🎹 | ⭐💧 | 🎈🤖 | ,0,0,0,https://x.com/kudemana/status/1857313851865260457,1262553690293977088,kudemana
1857313439796085210,Fri Nov 15 06:43:25 +0000 2024,0,tak kiro aku depresi jebule luwe,1857313439796085210,,,in,Central Java. Indonesia,0,0,0,https://x.com/nrhahaa/status/1857313439796085210,717685111,nrhahaa
1857313405771628734,Fri Nov 15 06:43:23 +0000 2024,0,Saking besarnya pengaruh Bangtan buat gue bahkan gue sampe tau kalo gue depresi dari mereka. Saat itu gue down banget sampe kata2 penghiburan dari lirik Bangtan aja udah nggak ngena. It was a major red flag for me sampe akhirnya gue mutusin ke psikolog,1857313431634031070,,SoFarAwayChild,in,ENG - INA ,0,1,0,https://x.com/SoFarAwayChild/status/1857313431634031070,803385831381602304,SoFarAwayChild
1857312090870182390,Fri Nov 15 06:38:04 +0000 2024,0,Ketika hidup lo lagi depresi Depresinyaa dan lo lagi mati matian biar gak mati. Tapi lingkungan lo malah ngomentarin hidup lo yang gitu gitu aja gak berkembang. Padahal lu berjuang sendiri gak ada yang bantu. Tapi malah dianggap gak berkembang?,1857312090870182390,,,in,,0,0,0,https://x.com/shananinm/status/1857312090870182390,1548478786458382339,shananinm
1857259981126373468,Fri Nov 15 06:36:11 +0000 2024,0,@QiuQiu_Official @detikcom @detikjatim_ Masa hny bilang rambut spt pudel sampai sbegitu marahnya sih ? Ada baiknya Org Tua dlm mendidik anak tdk terlalu dimanjakan tdk bagus bgi prkembangan mental si anak. Baru sdikit sj dibully akn mdh lemah depresi emosi dll,1857311618805518752,,QiuQiu_Official,in,Indonesia,0,0,0,https://x.com/RatnaPuspi16942/status/1857311618805518752,1688663918099812353,RatnaPuspi16942
1857310815931556330,Fri Nov 15 06:33:00 +0000 2024,0,Penggunaan gawai berlebih pada anak usia remaja awal 9-10 tahun memicu gangguan kecemasan depresi kesulitan fokus hingga perilaku impulsif. #Humaniora #AdadiKompas https://t.co/NBD60LidGA,1857310815931556330,,,in,"Palmerah, Jakarta",0,0,0,https://x.com/hariankompas/status/1857310815931556330,255866913,hariankompas
1857308955573371068,Fri Nov 15 06:25:36 +0000 2024,1,Demi apa dibalas pake b indo maapkeu lebay. Dijawab sama artis kesukaan tuh bikin bahagia karena aku kan cuma butiran jasjus. Kupikir awalnya salah kirim komentar pake bindo,1857308955573371068,,,in, | ☕🎹 | ⭐💧 | 🎈🤖 | ,0,0,0,https://x.com/kudemana/status/1857308955573371068,1262553690293977088,kudemana
1857308732591661519,Fri Nov 15 06:24:43 +0000 2024,0,depresi berat war konser seventeen antri 100 ribu,1857308732591661519,,,in,,0,1,0,https://x.com/seulgicityx/status/1857308732591661519,1344149855065665537,seulgicityx
1857269099077980260,Fri Nov 15 06:13:29 +0000 2024,0,@AleinaHilgers Tampilannya koq brewok depresi gitu apa gegara dihujat netizen selama ini?? ,1857305904020181285,,AleinaHilgers,in,,0,1,0,https://x.com/FBagasspol/status/1857305904020181285,1583356973575118848,FBagasspol
1857304822241956215,Fri Nov 15 06:09:11 +0000 2024,3,Ada benernya kalian berbagi kehangatan .tapi tau gak gue makin depresi kehausan mingzai #houminghao #luyuxiao #loveintheclouds,1857304822241956215,,,in,,0,0,0,https://x.com/Miamimochyy24/status/1857304822241956215,1819356564849078272,Miamimochyy24
1857274650528710888,Fri Nov 15 06:05:02 +0000 2024,0,@Adrinarara Mostly cewe yg depresi begitu,1857303778933838130,,Adrinarara,in,+6221,0,0,0,https://x.com/sagabonds/status/1857303778933838130,2861500087,sagabonds
1857245180652642755,Fri Nov 15 05:54:08 +0000 2024,0,@rozepuzzle kaget bgt jing boikot endingnya,1857301034089201709,,rozepuzzle,in,"unlabeled, legal.",0,0,0,https://x.com/pingksan/status/1857301034089201709,1771932636732346368,pingksan
1857245817402425695,Fri Nov 15 05:53:40 +0000 2024,0,@rozepuzzle kanjut pls pengen liat mereka pacaran .,1857300917806338328,,rozepuzzle,in,"unlabeled, legal.",0,0,0,https://x.com/pingksan/status/1857300917806338328,1771932636732346368,pingksan
1857284810626216215,Fri Nov 15 05:52:51 +0000 2024,0,@bluelockfess senuanya jwgwjwhee tapi lebih gemes istriku isagi,1857300710607765635,,bluelockfess,in,"unlabeled, legal.",0,0,0,https://x.com/pingksan/status/1857300710607765635,1771932636732346368,pingksan
1857054929501708566,Fri Nov 15 05:52:19 +0000 2024,0,@abcdeetta @milbongsor Depresi sedang sama sedang depresi bedanya apa kak?,1857300578902364421,,abcdeetta,in,Ritmik Teduh,0,1,0,https://x.com/powjipoj/status/1857300578902364421,116708981,powjipoj
1856549256523591899,Fri Nov 15 05:50:35 +0000 2024,0,@keeevinz Tambah depresi iya anjing. Lu kira gua rafi amat duit nya segudang,1857300140014600216,,keeevinz,in,jakarta,0,0,0,https://x.com/ygpunyawarnet/status/1857300140014600216,192863364,ygpunyawarnet
1857299248678855116,Fri Nov 15 05:47:02 +0000 2024,1,krna w pengangguran skrg diem2 trs kya org depresi msak w di suruh mending nikah aja anjg.,1857299248678855116,,,in,,0,2,0,https://x.com/nayn888/status/1857299248678855116,1818961902044942336,nayn888
1857298832830382088,Fri Nov 15 05:45:23 +0000 2024,1,Gak stress gak frustasi gak depresi cuma kebiasaan aja sih,1857298832830382088,,,in,Yogyakarta,0,0,0,https://x.com/trchyawnd/status/1857298832830382088,301218445,trchyawnd
1857297196204601406,Fri Nov 15 05:38:53 +0000 2024,0,depresi,1857297196204601406,,,in,,0,0,0,https://x.com/akunnyaicis/status/1857297196204601406,1152221328553869314,akunnyaicis
1857296347898274245,Fri Nov 15 05:35:48 +0000 2024,0,Torn between seneng apa depresi,1857296423538262263,,sonne010611,in,,0,0,0,https://x.com/sonne010611/status/1857296423538262263,1683384543154417665,sonne010611
1857251886937809074,Fri Nov 15 05:29:39 +0000 2024,0,@T_ayank ikr I mean iya gw nangis depresi tp gotta work *lanjut twerking sambil nangis*,1857294872019194041,,T_ayank,in,도겸 선호 마시호 지웅 승언 빛새온 지훈,0,1,0,https://x.com/Serotonin_218/status/1857294872019194041,1048864340080619522,Serotonin_218
1857294176100262109,Fri Nov 15 05:26:53 +0000 2024,0,depresi,1857294176100262109,,,in,h's,0,1,0,https://x.com/rikigomen/status/1857294176100262109,1406659412677120004,rikigomen
1857275792482611570,Fri Nov 15 05:11:47 +0000 2024,0,padahal abis konser juga tetep depresi tapi hidup memang ngonser mati ngga ngonser mati mending ngonser sampe mati ,1857290379059671122,,nikifisipol,in,,0,1,0,https://x.com/nikifisipol/status/1857290379059671122,1529005934470524928,nikifisipol
1857290277716918313,Fri Nov 15 05:11:23 +0000 2024,0,kerja dan ngewar ckckckckc‍↔️‍↔️ https://t.co/iXCM3FPLKK,1857290277716918313,https://pbs.twimg.com/media/GcZrqR1bUAAmjty.jpg,,in,caratland 💎,0,1,0,https://x.com/depres0t/status/1857290277716918313,4399128134,depres0t
1857282901118968193,Fri Nov 15 05:10:29 +0000 2024,0,@skskineyyyy itu ekspresi depresi dia klo gue gada kabar️,1857290052348600375,,skskineyyyy,in,,0,0,0,https://x.com/xybilbiLL/status/1857290052348600375,1673941441217982464,xybilbiLL
1857288342846718002,Fri Nov 15 05:03:42 +0000 2024,0,KENA LINK HARAM EH RESTRICED ACCESS WKWKWKWKK ,1857288342846718002,,,in,caratland 💎,0,0,0,https://x.com/depres0t/status/1857288342846718002,4399128134,depres0t
1857286097186754751,Fri Nov 15 05:03:23 +0000 2024,0,Jadi kesimpulan nya adalah aku bersyukur atas semua pengalaman terutama semua rasa sakit depresi dan sedih itu. Aku pernah menjadi orang bodoh yang tak tau arah namun aku sudah berkembang menjadi pribadi yang lebih baik setiap harinya pribadi yang bisa dibanggakan berkat itu.,1857288264354545786,,Hyunwsuk,in,Blanchefleur.,0,0,0,https://x.com/Hyunwsuk/status/1857288264354545786,493087828,Hyunwsuk
1857287865891483738,Fri Nov 15 05:01:48 +0000 2024,0,sumpahh bro scene ini keren gak bisa berkata2 gua. POV yg menggambarkan seseorang sedang depresi atau ketakutan.,1857287865891483738,,,in,"DKI Jakarta, Indonesia",0,0,0,https://x.com/Mukht_art/status/1857287865891483738,349655725,Mukht_art
1857077103969042541,Fri Nov 15 04:56:23 +0000 2024,1,@tuberose_based Milih drama dia yg lead role capcipcup pasti bagus semua sist hihihi. Klo suka cerita anak SMA bisa coba Don t Leave After School klo suka melodrama reconnect sama temen kuliah bisa coba True Colors klo suka melodrama depresi bisa coba The Farewell Song sama Take Us Home ,1857286502667194421,,tuberose_based,in,,0,0,0,https://x.com/ot6gfriend_/status/1857286502667194421,1110924999685107713,ot6gfriend_
1857285031271772487,Fri Nov 15 04:51:31 +0000 2024,0,@coupischeol wkwkwkwk woi gue pas bets dr carmem ud depresi anjir,1857285276756070735,,coupischeol,in,세븐틴💎,0,0,0,https://x.com/svtsikdang/status/1857285276756070735,1278209162590121984,svtsikdang
1857283376350474630,Fri Nov 15 04:50:17 +0000 2024,0,@Hyunwsuk gapapa depresi bareng,1857284966474006575,,Hyunwsuk,in,Butterfly. ‎🩵🪿…🫧🥂.ᐟ𓇼 ,0,1,0,https://x.com/IniRumahRindu/status/1857284966474006575,3550836145,IniRumahRindu
1857283376350474630,Fri Nov 15 04:49:03 +0000 2024,0,@IniRumahRindu Tapi rilisnya pas aku di kantor deh. Paling pulang pulang aku depresi co.,1857284654895907015,,IniRumahRindu,in,Blanchefleur.,0,1,0,https://x.com/Hyunwsuk/status/1857284654895907015,493087828,Hyunwsuk
1856675318683340994,Fri Nov 15 04:46:34 +0000 2024,0,@karagenaan kelihatan kayak orang depresi,1857284031668474285,,karagenaan,in,RANT DNFWC & DNSS.,0,1,0,https://x.com/iHeartJiaoqiu/status/1857284031668474285,1727997979309768704,iHeartJiaoqiu
1857283636820938754,Fri Nov 15 04:45:00 +0000 2024,0,Penggunaan gawai berlebih pada anak usia remaja awal 9-10 tahun memicu gangguan kecemasan depresi kesulitan fokus hingga perilaku impulsif. #Humaniora #AdadiKompas https://t.co/pStxFMn7SB,1857283636820938754,,,in,"ÜT: 62.478419,21.330711",0,0,0,https://x.com/kompasmuda/status/1857283636820938754,79237556,kompasmuda
1857281128136311098,Fri Nov 15 04:35:02 +0000 2024,0,Oh gini ya aktivitas tanpa depresi,1857281128136311098,,,in,,0,0,0,https://x.com/evermemore/status/1857281128136311098,1527072720030035968,evermemore
1857280990173184446,Fri Nov 15 04:34:29 +0000 2024,0,Hiks wajah kecewa Saki yg dibikin senseinya terlalu bagus. Dapat babget sesuai genre mungkin emang genre yg ditekuni senseinya ini angst. Soalnya beberapa kali AkiAn buatan beliau angst juga RuiNene pun,1857280990173184446,,,in, | ☕🎹 | ⭐💧 | 🎈🤖 | ,0,0,0,https://x.com/kudemana/status/1857280990173184446,1262553690293977088,kudemana
1857280626019504560,Fri Nov 15 04:33:02 +0000 2024,0,depresi.,1857280626019504560,,,in,Anselio Lysander. ,0,0,0,https://x.com/ditembus/status/1857280626019504560,1831716531652456449,ditembus
1857280279804887517,Fri Nov 15 04:31:39 +0000 2024,0,Ahh TySk buatan sensei ini yg sebeluknya juga belum ku tl huft,1857280279804887517,,,in, | ☕🎹 | ⭐💧 | 🎈🤖 | ,0,0,0,https://x.com/kudemana/status/1857280279804887517,1262553690293977088,kudemana
1857274650528710888,Fri Nov 15 04:29:16 +0000 2024,0,@Adrinarara Coba cek k psikolog atau psikiater sbnrnya tiba2 sedih jg bisa menjadi gejala awal dr depresi,1857279678891044971,,Adrinarara,in,,0,1,0,https://x.com/stevan_xu/status/1857279678891044971,235915453,stevan_xu
1857279648318857332,Fri Nov 15 04:29:09 +0000 2024,0,Udah siap depresi udah siap stress udah siap sedih udah siap please bisa skip ke besok Senin ga. https://t.co/gmFrkSHPdS,1857279648318857332,https://pbs.twimg.com/media/GcWbgzfWgAEBnbB.jpg,,in,Blanchefleur.,0,0,0,https://x.com/Hyunwsuk/status/1857279648318857332,493087828,Hyunwsuk
1857278491622097002,Fri Nov 15 04:27:28 +0000 2024,0,dulu ini lagu nemenin kerja dan nemenin depresi WKWK yeaah makanya bisa nomor 1 krn on repeat terus,1857279225633587280,,velvetlunae,in,,0,0,0,https://x.com/velvetlunae/status/1857279225633587280,1320340041898455040,velvetlunae
1857277837960786332,Fri Nov 15 04:24:54 +0000 2024,0,@heliarnthus Ternyata yapping ku di hari pertama Taeyeon announcement comeback yang aku kira bakal kayak Dear Me LENYAP SUDAH. KITA DEPRESI FOR A WHOLE MONTH. LET'S GO QUEEN.,1857278578658050411,,heliarnthus,in,Blanchefleur.,0,0,0,https://x.com/Hyunwsuk/status/1857278578658050411,493087828,Hyunwsuk
1857277487937691861,Fri Nov 15 04:22:38 +0000 2024,0,- doank. Atau maksudnya jika tidak ada ⭐ aslinya gk bakal sepeduli ini padanya. Tipikal konflik salah paham tapi disini sebenarnya yg agak salah si karena tiap dia menampilkan kepeduliannya pada pasti jawabannya selalu demi ⭐. Owhwhwh makasih asupannya sensei,1857278010120102098,,kudemana,in, | ☕🎹 | ⭐💧 | 🎈🤖 | ,0,0,0,https://x.com/kudemana/status/1857278010120102098,1262553690293977088,kudemana
1857272610796810483,Fri Nov 15 04:21:16 +0000 2024,0,@avvnturine P3 sih soalnya ngena banget sampe sekarang gw masih depresi,1857277666174636526,,avvnturine,in,rentry byf!,0,1,0,https://x.com/yvzuriha/status/1857277666174636526,1833530899809636356,yvzuriha
1857265582304850267,Fri Nov 15 03:33:15 +0000 2024,0,Duduk di pojok kamar and take a look at my whole room and I pfftt it so messy literally kamar orang depresi wakakakaka orang depresi dengan masa depan cerah aamiin!!,1857265582304850267,,,in,,0,0,0,https://x.com/eeunoiiaa5/status/1857265582304850267,1732243809722048512,eeunoiiaa5
1857264560756920751,Fri Nov 15 03:29:12 +0000 2024,5,Gimana ya nasib seunghan pasti dia depresi WKWKWk anjeeeeng tuh dia keliatan bahagia sial malah anak riize yang musti nanggung bacotan akgae si seunghan disuruh ini itu lah speak up supaya leave SM gue marah bgt dan akan gue inget terus sampe nanti jahatnya kalian sama riize,1857264560756920751,,,in,,0,2,0,https://x.com/wonnbinaa/status/1857264560756920751,1844954660270178304,wonnbinaa
1857264026851664379,Fri Nov 15 03:27:04 +0000 2024,0,gw lg rest tiktok ajg serem bgt komennya gw depresi,1857264026851664379,,,in,,0,3,0,https://x.com/geminiunpad/status/1857264026851664379,1809078427078832131,geminiunpad
1857245704831558042,Fri Nov 15 03:25:56 +0000 2024,0,@jevdraz Depresi banget yaa,1857263741768958410,,jevdraz,in,,0,0,0,https://x.com/DolanIDN/status/1857263741768958410,539481987,DolanIDN
1857046489811312938,Fri Nov 15 03:24:17 +0000 2024,0,@xenoctober depresi dulu,1857263324247040283,,xenoctober,in,"Marveline Reign, 22. HIM.",0,0,0,https://x.com/Arlecchinio/status/1857263324247040283,1637884159539691521,Arlecchinio
1857262823362990571,Fri Nov 15 03:22:18 +0000 2024,0,Gimana ya happy lega tapi sedih luar biasa Sedih banget banget banget cuman as long as seunghan happy ya udah gapapa gapapa Ngerti banget diposisi serba salah dibully sampe depresi padahal yang lu lakuin cuman nafas doang Jadi kalau itu bikin seunghan ga sakit hati it s okay,1857262823362990571,,,in,,0,0,0,https://x.com/tacendream/status/1857262823362990571,1407528860338429954,tacendream
1857234797321707622,Fri Nov 15 03:19:39 +0000 2024,0,@8Travelers Kalo skizo sm epilepsi sih udah banyak di temui ya tapi cotad delusion ini udh mendekati depresi bahkan biss gila kali ya,1857262157869789445,,8Travelers,in,,0,1,0,https://x.com/Far_Rida_/status/1857262157869789445,1117948972616675328,Far_Rida_
1857261855590469648,Fri Nov 15 03:18:27 +0000 2024,0,KWKWKWKWK nangis tapi I know gimana stress dan sumpeknya kalu jadi samsak dan kalau dilanjut malah sakit hati dan depresi Jadi emang pas kemaren tuh udah kaya as long as you are happy dan ga depresi gapapa apapun keputusannya aku juga ga bisa egois Eh berita hari ini keluar,1857261855590469648,,,in,,0,0,0,https://x.com/tacendream/status/1857261855590469648,1407528860338429954,tacendream
1857191881140244934,Fri Nov 15 03:16:28 +0000 2024,0,@WindBaile Sekarang aku sudah kangen lagi.,1857261359093956681,,WindBaile,in,,0,0,0,https://x.com/Djongsoeng/status/1857261359093956681,993640229289447424,Djongsoeng
1857191881140244934,Fri Nov 15 03:16:11 +0000 2024,0,@WindBaile Aku sayang kamu sekali.,1857261287564329270,,WindBaile,in,,0,1,0,https://x.com/Djongsoeng/status/1857261287564329270,993640229289447424,Djongsoeng
1857191881140244934,Fri Nov 15 03:15:50 +0000 2024,0,@WindBaile Maluu.,1857261196778574097,,WindBaile,in,,0,1,0,https://x.com/Djongsoeng/status/1857261196778574097,993640229289447424,Djongsoeng
1856908696686653545,Fri Nov 15 03:08:53 +0000 2024,0,@convomf Gue pernah diginiin tapi sama temen deket gue sendiri dan suka ilang2an. Pas itu dia minta maaf dan bilang lg depresi mau menghilang ke semuanya tp gue liat sw nya dia masih tik tok an ama temen yg lainpantek bgt anying. Untung gue cut off gue jdnya yg stress karna dia,1857259450798891481,,convomf,in,,0,0,0,https://x.com/cutiepietannies/status/1857259450798891481,1410839803847798784,cutiepietannies
1857259430431297996,Fri Nov 15 03:08:49 +0000 2024,7,Demi apa yaaa sebagai orang yang dr smp ampe sma nyambung 3 angkot dan skrg naik motor how the hell people love rain so much gila...gua klo bawa motor lg ujan pikirannya udah ini gua antara selamat atau kepleset ketabrak pajero....dan mendung bikin makin depresi bruh,1857259430431297996,,,in,🇮🇩,0,1,0,https://x.com/samonata_/status/1857259430431297996,1319943436653359106,samonata_
1855458862968562038,Fri Nov 15 03:08:09 +0000 2024,0,@selsmarss ntn uncontrollably fond pas SMA depresi aku ngk main lead de nak mati️,1857259265448431666,,senkananscoopy,in,,0,0,0,https://x.com/senkananscoopy/status/1857259265448431666,1607782582095319040,senkananscoopy
1855458862968562038,Fri Nov 15 03:01:35 +0000 2024,0,@selsmarss IYE KAN BJIRRRRRR DH LAME TK NTN YG MCM GINI WKWKWK AKU AKU PUN IKUT DEPRESI LIAT DE NAK MATI TP HIDUP DE MAKIN SERU️,1857257612888481926,,selsmarss,in,,0,1,0,https://x.com/senkananscoopy/status/1857257612888481926,1607782582095319040,senkananscoopy
1857077334148333778,Fri Nov 15 02:54:53 +0000 2024,0,@Call4mity KAGSJWGWJSHS BAGUS BGT PLS,1857255924370755655,,Call4mity,in,"unlabeled, legal.",0,1,0,https://x.com/pingksan/status/1857255924370755655,1771932636732346368,pingksan
1857245803632599236,Fri Nov 15 02:50:11 +0000 2024,1,@ricesyiii semangat ,1857254743032430773,,ricesyiii,in,"unlabeled, legal.",0,0,0,https://x.com/pingksan/status/1857254743032430773,1771932636732346368,pingksan
1857233042378727809,Fri Nov 15 02:49:58 +0000 2024,0,@mansochist mending turu,1857254689160708339,,mansochist,in,"unlabeled, legal.",0,0,0,https://x.com/pingksan/status/1857254689160708339,1771932636732346368,pingksan
1857244226184179965,Fri Nov 15 02:49:34 +0000 2024,0,@alkanalie happy birthday kayy semoga yg disemogan tersemogkan,1857254587654410742,,alkanalie,in,"unlabeled, legal.",0,0,0,https://x.com/pingksan/status/1857254587654410742,1771932636732346368,pingksan
1857254363686899893,Fri Nov 15 02:48:41 +0000 2024,0,Kapan kelar mensnyaaaaa gak stabil bgt anjir bikin depresi iniiii kalo kelamaan ga sholattt bikin gabisa nenangin diri njirrr,1857254363686899893,,,in,,0,0,0,https://x.com/aalienbitches/status/1857254363686899893,1845376026920239104,aalienbitches
1857110104216424800,Fri Nov 15 02:34:49 +0000 2024,0,@jaechingu Nah kaaan. Samaaaa. Ga depresi tp kyk nyantol terngiang2 terus wkwk,1857250877578567803,,jaechingu,in,Unknown,0,1,0,https://x.com/_lowkeygirl/status/1857250877578567803,399871363,_lowkeygirl
1857117994020962502,Fri Nov 15 02:22:47 +0000 2024,1,@Rizieq_Sangean Ibunya pasti mengalami gangguan mental depresi,1857247848997540198,,Rizieq_Sangean,in,Bekasi,0,1,0,https://x.com/ijnark/status/1857247848997540198,156875810,ijnark
1857246114493469000,Fri Nov 15 02:19:37 +0000 2024,0,@BFRRayne @Y4M4TO3ND0 Gue gebukin abis itu gue pergi dari hidupnya. Dia stress depresi karena gue udah ga ada dihidupnya.,1857247050427167059,,BFRRayne,in,,0,1,0,https://x.com/NRSMatsuoka/status/1857247050427167059,1815979453924925440,NRSMatsuoka
1857048064290086949,Fri Nov 15 02:18:20 +0000 2024,0,@cyvliaryi AK TQKUTTTtapi penasaran jyga ,1857246727507775967,,cyvliaryi,in,"unlabeled, legal.",0,1,0,https://x.com/pingksan/status/1857246727507775967,1771932636732346368,pingksan
1857000976697242105,Fri Nov 15 02:17:52 +0000 2024,1,@cyvliaryi DITUNGGU BUBUBB biar kita bisa bermesraan juga depan ipentill‍️‍‍,1857246608959951062,,cyvliaryi,in,"unlabeled, legal.",0,1,0,https://x.com/pingksan/status/1857246608959951062,1771932636732346368,pingksan
1857216161219526687,Fri Nov 15 02:17:28 +0000 2024,0,@Hitemantemanku cukup stres &amp; depresi,1857246509810757821,,Hitemantemanku,in,"f22, jkt",0,1,0,https://x.com/notyouraleen/status/1857246509810757821,1799237228541218816,notyouraleen
1856978424268824815,Fri Nov 15 02:17:25 +0000 2024,0,@chikalofbatagor gatau..bentar ak search ,1857246498708468094,,chikalofbatagor,in,"unlabeled, legal.",0,0,0,https://x.com/pingksan/status/1857246498708468094,1771932636732346368,pingksan
1856978424268824815,Fri Nov 15 02:16:56 +0000 2024,0,@dekmaiki KIYUU CANTIKU CINTAKU SAYANGKUU MAKASIH BUBUBB AK KAMGENN URUEUEUE,1857246375915975067,,dekmaiki,in,"unlabeled, legal.",0,0,0,https://x.com/pingksan/status/1857246375915975067,1771932636732346368,pingksan
1857229786923594023,Fri Nov 15 02:15:55 +0000 2024,0,@nellesta__ bisa untuk depresi juga ya kunyit ini,1857246120214397331,,nellesta__,in,Indonesia,0,0,0,https://x.com/anotherherirl/status/1857246120214397331,1075363035995267072,anotherherirl
1857051939512500585,Fri Nov 15 02:15:38 +0000 2024,0,@Call4mity cape abis kerja itu bub mksh ya,1857246048445764082,,Call4mity,in,"unlabeled, legal.",0,0,0,https://x.com/pingksan/status/1857246048445764082,1771932636732346368,pingksan
1857245817402425695,Fri Nov 15 02:14:43 +0000 2024,1,LUPYUU BUAT KA GIGI TELAH MEMBUAT AU LUCU DAN MENGGEMASKAN INI MAACI SUDAH MENGHIBUR WATASHI YANG SEDANG DEPRESI AK CINTA KAISAGI HIDUP KAISAGI ,1857245817402425695,,,in,"unlabeled, legal.",0,1,1,https://x.com/pingksan/status/1857245817402425695,1771932636732346368,pingksan
1857245345211953265,Fri Nov 15 02:12:50 +0000 2024,0,Judul Buku: I Want to Die But I Want to Eat Tteokpokki Pengarang: Baek Se Hee Buku pengalaman pribadi Baek Se Hee berjuang dengan depresi dan distimia (depresi kronis yang berlangsung lama tetapi dengan gejala yang lebih ringan). Part yang aku ingat dari buku ini (cont..) https://t.co/cJKS6lL5ye,1857245345211953265,https://pbs.twimg.com/media/GcZCkKTaoAACDxU.jpg,,in,,1,1,0,https://x.com/ChoiKristal27/status/1857245345211953265,626240321,ChoiKristal27
1857244588987322826,Fri Nov 15 02:09:50 +0000 2024,0,SUKA SUKA LU DEH ALIANDO,1857244588987322826,,,in,"unlabeled, legal.",0,0,0,https://x.com/pingksan/status/1857244588987322826,1771932636732346368,pingksan
1857126910016512093,Fri Nov 15 02:09:04 +0000 2024,0,@zafeeradriana Woiii gantian Rante leher ibunya ,1857244395705414107,,zafeeradriana,in,,0,0,0,https://x.com/PJ_DEPRESI/status/1857244395705414107,1205847076992475137,PJ_DEPRESI
1857074518990176626,Fri Nov 15 02:07:43 +0000 2024,0,@rozepuzzle ak lebih ngakak pas bagian aurel,1857244056033890583,,rozepuzzle,in,"unlabeled, legal.",0,0,0,https://x.com/pingksan/status/1857244056033890583,1771932636732346368,pingksan
1857186976090440042,Fri Nov 15 02:07:41 +0000 2024,0,@Maoklee yang teriak teriak kek org depresi itu ga sih? ,1857244048790270322,,Maoklee,in,Unlabeled.,0,1,0,https://x.com/pathetiqc/status/1857244048790270322,1817798138650124288,pathetiqc
1857037503456309304,Fri Nov 15 02:07:04 +0000 2024,0,@znodt oh iya gue,1857243891608739914,,znodt,in,"unlabeled, legal.",0,0,0,https://x.com/pingksan/status/1857243891608739914,1771932636732346368,pingksan
1857014331268850175,Fri Nov 15 02:06:53 +0000 2024,0,@kgiyoomi maluu aja .,1857243846008336860,,kgiyoomi,in,"unlabeled, legal.",0,1,0,https://x.com/pingksan/status/1857243846008336860,1771932636732346368,pingksan
1857224212777513197,Fri Nov 15 00:48:52 +0000 2024,0,kamar ku berantakannya kayak orang depresi di film njir,1857224212777513197,,,in,ur heart ,0,0,0,https://x.com/marseuuloaf/status/1857224212777513197,1410497658372775937,marseuuloaf
1857098339595976734,Fri Nov 15 00:48:47 +0000 2024,0,@tanyakanrl Masih untung lo di ingetin makan takutnya di jalan kejang2 gimana nanti di ingetin ibadah langsung depresi keknya,1857224192607035806,,tanyakanrl,in,,0,0,0,https://x.com/nzzsn_k1/status/1857224192607035806,1296157357680934912,nzzsn_k1
1857221990442271148,Fri Nov 15 00:40:10 +0000 2024,5,Mengatasi Depresi Saat merasa depresi sudah sewajarnya kamu akan enggan tertawa. Tapi justru dengan bercanda dan tertawa bersama teman kamu tidak akan merasa kesepian dan pikiran pun cenderung menjadi lebih positif. Sebuah penelitian lain menemukan bahwa efek tertawa dapat,1857222023430504657,,quoterandom05,in,,0,1,0,https://x.com/quoterandom05/status/1857222023430504657,1734143539226001408,quoterandom05
1857216185219334478,Fri Nov 15 00:33:44 +0000 2024,0,@dcpmqartp585 Nonton lagi dong Cen gw depresi,1857220406245302336,,dcpmqartp585,in,,0,1,0,https://x.com/uletrokok/status/1857220406245302336,1370702841954721792,uletrokok
1857219350723539154,Fri Nov 15 00:29:33 +0000 2024,0,eh spss lu emang gabisa ya gw suruh buat mengolah data sendiri trs ekspor sendiri ke dokumen yg rapih jgn kepotong tabelnya?? mandiri lah knp kudu sama gw deh dikira gw gak ada kerjaan lain apa AH ELAH DEPRESI knp gw ambil matkul ini ya bgsttttt,1857219350723539154,,,in,,0,1,0,https://x.com/roealie/status/1857219350723539154,1278352180144033792,roealie
1857215601774874954,Fri Nov 15 00:14:39 +0000 2024,0,kisah cintanya di a lull in the sea bikin depresi,1857215601774874954,,,in,between pages of books ,0,0,0,https://x.com/haaezyy/status/1857215601774874954,1617388116733726721,haaezyy
1857187402881884265,Fri Nov 15 00:12:55 +0000 2024,0,@puspa_novitta jgn depresi lagi ya,1857215166838125002,,puspa_novitta,in,Indonesia,0,0,0,https://x.com/rafiq_erouck/status/1857215166838125002,1100372166,rafiq_erouck
1857212102731248127,Fri Nov 15 00:00:45 +0000 2024,0,kalo di rl ada emak yg kyk emaknya sanha perlu ditunggu dan divalidasi sampe dia terima kalo punya salah dan mulai terima situasi. kebanyakan nangkis perasaan sendiri dan kebaikan karena dia depresi dan trauma berat sm kematian anaknya. jahat tp gue jujur kasian bgt.,1857212102731248127,,,in,,0,1,0,https://x.com/21degreecelcius/status/1857212102731248127,216934732,21degreecelcius
1857039878275440974,Thu Nov 14 23:39:44 +0000 2024,1,@sketja sissssttt i feel u aku bahkan sampe kambuh depresi karena pink ga dapet minta maaf terus ke anak jastip gue as owner jg ga dapet kok semangattt sisstttt,1857206814401765860,,sketja,in,"Kota Surabaya, Jawa Timur",0,0,0,https://x.com/bydya97_/status/1857206814401765860,1355404259538264064,bydya97_
1857206206747820131,Thu Nov 14 23:37:19 +0000 2024,2,Pada orang dgn gangguan depresi maupun cemas bisa juga mengalami keluhan2 fisik Karena adanya masalah secara biologis pd beberapa sistem di tubuh seperti sistem otonom imun metabolik jaras hypothalamic-pituitary-adrenal (HPA) yang mana banyak juga struktur di otak berperan.,1857206206747820131,,,in,,0,0,1,https://x.com/EricksonArthur/status/1857206206747820131,68961833,EricksonArthur
1857205179852161112,Thu Nov 14 23:33:14 +0000 2024,0,Depresi tak ter-depresiasi.,1857205179852161112,,,in,,0,0,1,https://x.com/BNGPY/status/1857205179852161112,99705510,BNGPY
1857024495527117295,Thu Nov 14 23:27:05 +0000 2024,10,@Sayswhy12 @worksfess Heyyyy aku pun di plat merah. Dan memang isinya ordal semua. Jd pen cerita2 deh. Boleh DM aja kah kak? Sumpah sama persis nasibnya. Klo aku malah disiksa dulu sebelum keluar dari situ dan ya fitnahnya ngadi2 banget. Sampai aku kena depresi berat dan minum antidepresan trs,1857203632799920285,,Sayswhy12,in,,0,1,1,https://x.com/1novative_id/status/1857203632799920285,1572497797882212352,1novative_id
1857195284981502205,Thu Nov 14 23:26:11 +0000 2024,0,@nowplayingbts walopun panas bikin cranky tapi hujan bikin depresi jir (masih mencari keributan),1857203404625637710,,nowplayingbts,in,,0,1,0,https://x.com/eufonitann/status/1857203404625637710,1688508059562500096,eufonitann
1857196703646150980,Thu Nov 14 22:59:33 +0000 2024,0,bangun tidur buka twitter rasanya makin depresi annjgggg tubir dimana mana,1857196703646150980,,,in,enfp,0,0,0,https://x.com/zaaavery/status/1857196703646150980,414303015,zaaavery
1857165820990042590,Thu Nov 14 22:39:41 +0000 2024,0,@balisius depresi,1857191701443760345,,balisius,in,unknown,0,1,0,https://x.com/therealclownnn/status/1857191701443760345,1469612413,therealclownnn
1857021973995344007,Thu Nov 14 22:23:21 +0000 2024,1,@dewsendpie Kataku hater kek gini ngerusak nama ship yg dibawa2 ikutan kesal banget liatinnya padahal aku bukan yg kena terdampak hater sensei,1857187592120480185,,dewsendpie,in, | ☕🎹 | ⭐💧 | 🎈🤖 | ,0,0,0,https://x.com/kudemana/status/1857187592120480185,1262553690293977088,kudemana
1857184587740225742,Thu Nov 14 22:11:25 +0000 2024,0,setiap baca Dan Kematian Makin Akrab aku selalu kagum kok bisa ya subagio sastrowardoyo nulis puisi sebikin depresi ini,1857184587740225742,,,in,,0,0,0,https://x.com/bonfireshaze/status/1857184587740225742,1741841403687399424,bonfireshaze
1857180876754620860,Thu Nov 14 22:00:38 +0000 2024,0,walopun panas tp masih bisa pake kipas. kalo dingin udahmah bikin depresi orang orang jd pada ga keluar rumah pembeli sepi bikin ekonomi kaga jalan. belum lagi kalo tinggal di daerah rawan banjir repoot. lain juga genteng bocor dan mulai banyak nyamuk dan bisa bikin penyakit,1857181873237328186,,eufonitann,in,,0,0,1,https://x.com/eufonitann/status/1857181873237328186,1688508059562500096,eufonitann
1857122053536760172,Thu Nov 14 18:02:55 +0000 2024,0,Kelas menengah hidupnya bakal semakin sulit karena sangat terdampak dgn hal ini. Kelas bawah siap² gantung diri karena depresi,1857122053536760172,,,in,,0,0,0,https://x.com/ahbabilo/status/1857122053536760172,1578803206314168320,ahbabilo
1857119218283737137,Thu Nov 14 17:53:51 +0000 2024,0,@Lihatorang coping mechanism mu madang but seriously talking salah satu gejala minor depresi itu perubahan pola makan (entah jd males makan atau jd doyan makan) ,1857119771063668800,,Lihatorang,in,eng | ind,0,1,0,https://x.com/crusfornicis/status/1857119771063668800,1607574387934519296,crusfornicis
1857119067687321883,Thu Nov 14 17:51:03 +0000 2024,0,depresi dikit ngurusin metopen bareng proker,1857119067687321883,,,in,,0,0,0,https://x.com/dinoufl/status/1857119067687321883,1484014436667260933,dinoufl
1857117352808353863,Thu Nov 14 17:44:15 +0000 2024,0,hallo flora @S_FloraJKT48 ᡣ𐭩 ྀིྀ jujur aku gatau mau ngomong apa karena ini cukup dagdidug kan hati aku. km tau kan kalo ini salah? semoga km bisa merenungkan ini semuaa jangan di bawa stres ataupun depresi kasian km nyaa juga hehehe.,1857117352808353863,,,in,,0,1,0,https://x.com/winayyuuy_/status/1857117352808353863,1467748947884068866,winayyuuy_
1857117027741392967,Thu Nov 14 17:42:57 +0000 2024,0,Ada 3 wl saatnya pasang alarm dan jualin aja Rui foil dan Honami foilnya,1857117027741392967,,,in, | ☕🎹 | ⭐💧 | 🎈🤖 | ,0,0,0,https://x.com/kudemana/status/1857117027741392967,1262553690293977088,kudemana
1857115650285764623,Thu Nov 14 17:37:29 +0000 2024,0,Pengen duduk sendirian di deket air di danau dket rumah w sambil bengong ngeliatin ikan2 Tp diliatin org g ya ntar dikira gw depresi skit jiwa,1857115650285764623,,,in,,0,0,0,https://x.com/Putrizzia/status/1857115650285764623,3810790520,Putrizzia
1857115033232433525,Thu Nov 14 17:35:02 +0000 2024,0,Wktu menunjukkan pukul setengah tiga pagi. Sperti biasa kmu hanya bergelut dgn pikiranmu sndiri. Pdhal kmu hrus masuk kerja jam 8 pagi. Knapa? Apakah kmu mengalami depresi dan sedih berulang kali? Teguk saja minuman itu lagi ,1857115033232433525,,,in,Ning raimu,0,0,0,https://x.com/Zaarathustraa/status/1857115033232433525,1142245398,Zaarathustraa
1857112827846447543,Thu Nov 14 17:33:29 +0000 2024,0,Fakta Terbaru Kasus Kematian Song Jae Rim Ini Penyebab yang Membuatnya Merasa Depresi https://t.co/cYXJ8TBmTU,1857114644021985683,,InfoBerita16,in,,0,1,0,https://x.com/InfoBerita16/status/1857114644021985683,1532513436768251904,InfoBerita16
1857114253628719605,Thu Nov 14 17:31:56 +0000 2024,1,seneng makan sedih makan stres makan depresi makan... apapun makan makan makan,1857114253628719605,,,in,,0,1,0,https://x.com/thieerrr/status/1857114253628719605,1803099962529787904,thieerrr
1856184702409027789,Thu Nov 14 17:25:32 +0000 2024,0,@cookiexchann @merch_fess Gas lah kak tag kalau ada bulk murah ToruYuki Tapi plis jangan berharap bakal kokop semua karena aku lagi utamakan kolek fandom lain kak tapi aku tipe kalau merchnya cocok banget buat otp mau ku hap kok,1857112645935214962,,cookiexchann,in, | ☕🎹 | ⭐💧 | 🎈🤖 | ,0,1,0,https://x.com/kudemana/status/1857112645935214962,1262553690293977088,kudemana
1857111898308952129,Thu Nov 14 17:22:34 +0000 2024,0,GABISA TIDURRR BJIR KARENA TADI DAH TURU ,1857111898308952129,,,in,caratland 💎,0,0,0,https://x.com/depres0t/status/1857111898308952129,4399128134,depres0t
1857110682266902779,Thu Nov 14 17:21:04 +0000 2024,0,Gue serius. Di Indo banyak orang gangguan psikosomatis gangguan cemas menyeluruh sampe depresi berujung gangguan psikotik ya karena stressor-stressor kecil yang menumpuk dan ga bisa dihindari lagi karena stressornya kebijakan pemerintah sendiri.,1857111519328370957,,fsunset_love,in,,0,0,0,https://x.com/fsunset_love/status/1857111519328370957,1707383549769437184,fsunset_love
1857084327521095925,Thu Nov 14 17:16:24 +0000 2024,1,@LeonDaVinci69 @translatingTXT Pesan yg aku tangkep dari tadi ya kamu depresi as simple as that! Kamu terlalu lama hidup di sosmed kamu terlalu jauh dari kehidupan kamu yg asli. Kamu nyelem terlalu dalem leoni sampai ngga sadar kamu mulai berubah jdi orang jahat.,1857110344512196628,,LeonDaVinci69,in,,0,1,0,https://x.com/withsugarr/status/1857110344512196628,1179019093787045889,withsugarr
1857108324682203294,Thu Nov 14 17:08:22 +0000 2024,1,Masih depresi dikit pengen churros atau donat freshly out of penggorengan &amp; pake powdered sugar,1857108324682203294,,,in,,0,0,0,https://x.com/ter_csc/status/1857108324682203294,1605085451408117760,ter_csc
1857107161215824272,Thu Nov 14 17:03:45 +0000 2024,0,Hari ini semua orang yg ketemu gue nanya airin r u okayyy? se depresi itu kah w kemarin ,1857107161215824272,,,in,"Seoul, Republic of Korea",0,0,0,https://x.com/gombiscuit/status/1857107161215824272,1334884157948715009,gombiscuit
1857106159150502056,Thu Nov 14 16:59:46 +0000 2024,1,cara buat depresi diri sendiri = bahagiain semua orang,1857106159150502056,,,in,"East Borneo, Indonesia",0,1,0,https://x.com/Dhipy_Company/status/1857106159150502056,1766389610039668736,Dhipy_Company
1857105833211130105,Thu Nov 14 16:58:28 +0000 2024,1,Hobi Nasehati Orang Depresi Sama Aja Boonk https://t.co/XY8M3pTuIu,1857105833211130105,https://pbs.twimg.com/ext_tw_video_thumb/1857105810217988096/pu/img/R74MRXr4he19cMCk.jpg,,in,,0,0,0,https://x.com/cnzads_/status/1857105833211130105,1253927707,cnzads_
1857105186927296924,Thu Nov 14 16:55:54 +0000 2024,0,bisa diprediksi isinya kita bakaln fanwar sama fandom sendiri (lagi) ‍↔️‍↔️,1857105186927296924,,,in,caratland 💎,0,0,0,https://x.com/depres0t/status/1857105186927296924,4399128134,depres0t
1857068591671128361,Thu Nov 14 16:55:18 +0000 2024,0,@jnimeaj SYIBAALL naah abis tuu akuu jga mengalami depresi beraattt selepas nonton banana iwak inii,1857105037010375130,,jnimeaj,in,𝑱𝒂𝒆𝒎𝒊𝒏 𝒀𝒆𝒋𝒊𔒌 #PLAVE,0,1,0,https://x.com/Seumbagi/status/1857105037010375130,1575333112732475392,Seumbagi
1857104278667870552,Thu Nov 14 16:52:54 +0000 2024,0,ANAK BESEK SEMUANYA BAIK SAMA AKU HUHUHU AKU CINTA MEREKA SEMUANYA ARGH MEREKA SUKA BERBAGI MAKAN DENGANKU GHIBAH SEMUANYA AKU SAMA MEREKA,1857104430375530978,,sparklespinkie,in,,0,0,0,https://x.com/sparklespinkie/status/1857104430375530978,1328651617390903300,sparklespinkie
1857104278667870552,Thu Nov 14 16:52:18 +0000 2024,1,anak besek semuanya baik sama aku bahkan aku pulang jam 8 pun di ikutin sampe depan rumah padahal aku bawa motor sendiri se care itu mereka semua sama aku?? itu basic sih tapi aku kayak wow masi ada org baik ya wkkwkw makasi fahrul udah mau anterin org panik ini diculik,1857104278667870552,,,in,,0,2,0,https://x.com/sparklespinkie/status/1857104278667870552,1328651617390903300,sparklespinkie
1857103847262675011,Thu Nov 14 16:50:35 +0000 2024,0,orang orang baik nanget sama aku makasi ya udh nenangin orang sep panikan aku ini aku gatau kalo gaada kalian aku bakal sepanik aoa sendirian gatau apa apa,1857103847262675011,,,in,,0,0,0,https://x.com/sparklespinkie/status/1857103847262675011,1328651617390903300,sparklespinkie
1857103709622374885,Thu Nov 14 16:50:02 +0000 2024,0,aku jadi mau nangis,1857103709622374885,,,in,,0,0,0,https://x.com/sparklespinkie/status/1857103709622374885,1328651617390903300,sparklespinkie
1857101181329322116,Thu Nov 14 16:39:59 +0000 2024,1,kata mokondo aja belum bisa mewakilkan blio... minta dijajanin lah ngedadak depresi lah ngedadak sakit lah hadeuhhh https://t.co/HuAfxZezJi,1857101181329322116,https://pbs.twimg.com/media/GcW_rtEacAAUgNx.jpg,,in,,0,1,0,https://x.com/Isaaa_jkt48/status/1857101181329322116,1739659146440695808,Isaaa_jkt48
1857100884582236349,Thu Nov 14 16:38:48 +0000 2024,1,Kalimat template anak remaja yg lagi depresi (based on experience) https://t.co/2rk6bDyDJX,1857100884582236349,https://pbs.twimg.com/media/GcW_aAlW0AEa57I.jpg,,in,far away,0,0,0,https://x.com/gorgoeuss/status/1857100884582236349,1813263485079592962,gorgoeuss
1857098936399348043,Thu Nov 14 16:31:04 +0000 2024,0,Hari hari nerima slipkol dari ayla isinya depresi (arent we all),1857098936399348043,,,in,was terorgii,0,0,0,https://x.com/arkantaraaa/status/1857098936399348043,1345404458537156608,arkantaraaa
1857046250232627650,Thu Nov 14 16:26:56 +0000 2024,0,@rwintarou gw yang cuma liat gambarnya aja depresi,1857097896560111905,,rwintarou,in, IC : @N_0039N,0,1,0,https://x.com/ba9ji/status/1857097896560111905,3019377753,ba9ji
1857043502300828120,Thu Nov 14 16:25:48 +0000 2024,0,@WindBaile Amu kucing.,1857097612081393964,,WindBaile,in,,0,1,0,https://x.com/Djongsoeng/status/1857097612081393964,993640229289447424,Djongsoeng
1857082627926151313,Thu Nov 14 16:23:29 +0000 2024,1,@nowinforu @LeonDaVinci69 Yes childish behavior. Dari awal aku cuma bilang kalau dia ngekpop malah jadi jahat stress dan depresi better stop aja. Eh malah kemana mana dan makin kesetanan. Padahal konteks aku dari awal cuma buat ke leoni aja. Bukan ke moa engene apalagi army yg di bawa bawa.,1857097030075556083,,nowinforu,in,,0,1,0,https://x.com/withsugarr/status/1857097030075556083,1179019093787045889,withsugarr
1857096022645764107,Thu Nov 14 16:19:29 +0000 2024,0,bnrn nocomment ajg gw udh depresi BGT gmn ini kak awl yaallah harus 929part... ,1857096022645764107,,,in,❤︎ jwi,0,0,0,https://x.com/renteoki/status/1857096022645764107,1360220301208866822,renteoki
1857095016373719047,Thu Nov 14 16:15:29 +0000 2024,0,rasanya persis bgt anjing perut gw keremes remes........... euphoriany.... bnr bnr PERSIS AJGGGGGGGGG BARU 2 AU INI (recently) yg bikin gw hampir gila (udh sih) GMN INI bgsssst bahkan gw udah self diagnosis gw udah DEPRESI https://t.co/McX6osDiCL,1857095016373719047,https://pbs.twimg.com/tweet_video_thumb/GcW6EdGWwAEKqGj.jpg,,in,❤︎ jwi,1,0,0,https://x.com/renteoki/status/1857095016373719047,1360220301208866822,renteoki
1857084327521095925,Thu Nov 14 16:13:55 +0000 2024,1,@LeonDaVinci69 @translatingTXT Sorry tapi aku orang bukan anjing. Kamu hal kek gini aja ngga paham? Aku ngga ada bilang kamu ngerendahin yeonjun dari tadi? Point aku aku cuma mau kasih tau kalau kamu kek orang stress dan depresi. Dateng dgn haus akan validasi dan berakhir dengan merasa tersakiti(?),1857094619344818553,,LeonDaVinci69,in,,0,1,0,https://x.com/withsugarr/status/1857094619344818553,1179019093787045889,withsugarr
1855895407727161493,Thu Nov 14 15:24:13 +0000 2024,2,[ gejala depresi sendiri membuat seseorang ingin menyendiri. pilihan untuk semakin menyendiri akan semakin memperkuat rasa tidak dimengerti serta memperbesar rasa sakit yang sudah terjadi. ],1857082113746477543,,bookwormdaily,in,📚204/200,0,0,0,https://x.com/bookwormdaily/status/1857082113746477543,1029119443056582656,bookwormdaily
1857080388943761821,Thu Nov 14 15:17:22 +0000 2024,0,FAWK LAPTOPKU RUSAK mana yg rusak KEYBOARD... disaat ada tugas mini skripsi &amp; jurnal2an.... #depresi,1857080388943761821,,,in,,0,0,0,https://x.com/bangkuitem/status/1857080388943761821,1849077435968675840,bangkuitem
1857023638781698494,Thu Nov 14 15:12:54 +0000 2024,6,@LeonDaVinci69 @HeeJK_goldenace @translatingTXT Kamu kok ngekpop kek orang stress gtu sih? Takut aku baca replyan kamu kek orang depresi gtu ngkpopnya?,1857079264501223865,,LeonDaVinci69,in,,0,1,0,https://x.com/withsugarr/status/1857079264501223865,1179019093787045889,withsugarr
1857075081249161248,Thu Nov 14 15:11:30 +0000 2024,0,@awmoure iya soalnya aku depresi diejek km mulu,1857078915564503237,,awmoure,in,Massachusetts ,0,1,0,https://x.com/potabiiy/status/1857078915564503237,1627872766929293312,potabiiy
1815270449485594675,Thu Nov 14 15:09:40 +0000 2024,0,kisah depresi. https://t.co/OKNeayOn5n,1857078451607392282,https://pbs.twimg.com/media/GcWrAWIXQAA9Yqs.jpg,seungmix,in,"unlabeled, ze / zir.",0,0,0,https://x.com/seungmix/status/1857078451607392282,1011171594054467586,seungmix
1857061787339792734,Thu Nov 14 15:09:24 +0000 2024,0,@cuguwwu Aku. (Sekali ngetweet depresi),1857078385073176801,,cuguwwu,in,© t_a_n_jr (on X),0,1,0,https://x.com/tsxumu/status/1857078385073176801,505841530,tsxumu
1857077377756549239,Thu Nov 14 15:05:24 +0000 2024,2,depresi hilang sedikit https://t.co/mNbRtwCvM2,1857077377756549239,https://pbs.twimg.com/media/GcWqBUWXEAEgfTp.jpg,,in,,0,0,0,https://x.com/HANJINOFTWS/status/1857077377756549239,1711777046471573504,HANJINOFTWS
1856981259609936105,Thu Nov 14 15:04:52 +0000 2024,0,@cindetr takutnya ntar ditolak malah depresi,1857077243987542479,,cindetr,in,,0,0,0,https://x.com/cornerbrown_/status/1857077243987542479,1385936437095268357,cornerbrown_
1857054697401516048,Thu Nov 14 15:04:25 +0000 2024,0,@tanyarlfes Serem begini buat orang introvert?? Bukannya tenang malah depresi ,1857077131085263026,,tanyarlfes,in,,0,0,0,https://x.com/milleniamwr/status/1857077131085263026,1510583452650774537,milleniamwr
1857075463887147410,Thu Nov 14 14:57:48 +0000 2024,0,banting bantung rumah semua diancurin dikira lucu?,1857075463887147410,,,in,,0,0,0,https://x.com/sparklespinkie/status/1857075463887147410,1328651617390903300,sparklespinkie
1857075372929474972,Thu Nov 14 14:57:26 +0000 2024,0,bukan papah gua dia,1857075372929474972,,,in,,0,0,0,https://x.com/sparklespinkie/status/1857075372929474972,1328651617390903300,sparklespinkie
1857075332634845667,Thu Nov 14 14:57:16 +0000 2024,0,akwkwkkwwk punya papah kayak orang gilaaaaa,1857075332634845667,,,in,,0,0,0,https://x.com/sparklespinkie/status/1857075332634845667,1328651617390903300,sparklespinkie
1857062202852675968,Thu Nov 14 14:57:16 +0000 2024,0,@flaminstalizedx Aku ngikutin di tl aja udah depresi. Sepanjang drama itu tayang belom pernah liat duanwu bahagia di tl ku. Capeee,1857075331686949228,,flaminstalizedx,in,earth,0,1,0,https://x.com/haihimmel/status/1857075331686949228,1605863652258590720,haihimmel
1857075270433304917,Thu Nov 14 14:57:01 +0000 2024,0,Bebang keluarga jangan terlalu dimanja memang. Sudah untung dibayari sekolah Kak aku sampe sekarang struggle udah 4 tahun bayar hutang 10jt dgn gaji 1 jt perbulan Karena awal mulanya kakakku bikin masalah. Depresi kusembunyikan. Ini apalagi udah mau lahiran juga.,1857075270433304917,,,in,,0,0,0,https://x.com/AedPangolin/status/1857075270433304917,1533356701227036672,AedPangolin
1856675694505509062,Thu Nov 14 14:53:52 +0000 2024,0,@wasitUDEEN @TOKYOxWAR gua bacanya depres anjir gomen,1857074477449785761,,wasitUDEEN,in,SND — OCRP,0,0,0,https://x.com/HARUTOxWAR/status/1857074477449785761,2956544711,HARUTOxWAR
1857058007005163997,Thu Nov 14 14:53:00 +0000 2024,0,@zzzzzzpai lagi depresi sir?,1857074257060069698,,zzzzzzpai,in,"Jakarta Timur, DKI Jakarta",0,0,0,https://x.com/Dimasmuchlis1/status/1857074257060069698,1324908598422458368,Dimasmuchlis1
1857073888997306517,Thu Nov 14 14:51:32 +0000 2024,0,AYOK PAK KETUMMM ANDA MEMBICARAKAN TSUKASHIZU TERUS AYOOO BUCIN TSUKASHIZUUUUU,1857073888997306517,,,in, | ☕🎹 | ⭐💧 | 🎈🤖 | ,0,0,0,https://x.com/kudemana/status/1857073888997306517,1262553690293977088,kudemana
1857019692482785665,Thu Nov 14 14:49:03 +0000 2024,0,@cappuchurro Kenapa depresi?,1857073265681776669,,cappuchurro,in,"West Java, Indonesia",0,0,0,https://x.com/Engkang_engkang/status/1857073265681776669,758011224,Engkang_engkang
1857054120806363435,Thu Nov 14 13:33:38 +0000 2024,0,orang pada depresi tuh bukan karena jauh dari tuhan tapi karena tinggal di indonesia,1857054284174557367,,marimellorinee,in,whole cake island,0,0,0,https://x.com/marimellorinee/status/1857054284174557367,1277592906,marimellorinee
1856879766017904686,Thu Nov 14 13:33:19 +0000 2024,0,@sadarrdirii Pernah kak. Gara gara depresi putus cinta ,1857054206164619442,,sadarrdirii,in,"Kiy's hubby . 21.11,14.6,4124",0,0,0,https://x.com/kazutomacha14/status/1857054206164619442,2868224604,kazutomacha14
1857053904548110353,Thu Nov 14 13:32:07 +0000 2024,0,aysel depresi ngajak-ngajak ,1857053904548110353,,,in,24,0,1,0,https://x.com/sukangablu/status/1857053904548110353,1180438324864880640,sukangablu
1857020879990886730,Thu Nov 14 13:30:24 +0000 2024,0,revisi: depresi cukup banyak &gt;&gt; depresi sangat banyak,1857053470601130412,,HANJINOFTWS,in,,1,0,0,https://x.com/HANJINOFTWS/status/1857053470601130412,1711777046471573504,HANJINOFTWS
1857052804671492603,Thu Nov 14 13:27:45 +0000 2024,0,staterpack orang depresi bgt kah bang? @mhmmdrizqy__ https://t.co/x43HQf6KSG,1857052804671492603,https://pbs.twimg.com/media/GcWTrnpXoAArSJm.jpg,,in,,1,3,0,https://x.com/pacshyaan/status/1857052804671492603,1498357429251473408,pacshyaan
1857052776024383685,Thu Nov 14 13:27:38 +0000 2024,51,ini kenapa uje sama byan coded bgt ya pas byan nemenin uje potong rambut abis ngurung diri depresi akibat cerai dari shayi @foudebws https://t.co/Z7q9EOzy16,1857052776024383685,https://pbs.twimg.com/ext_tw_video_thumb/1856991695885488128/pu/img/FcB2hmGDicnl69s9.jpg,,in,"milky way, universe",1,0,6,https://x.com/edelweisstheory/status/1857052776024383685,4562138782,edelweisstheory
1857051771274657914,Thu Nov 14 13:23:39 +0000 2024,0,tidak jadi depresi ,1857051771274657914,,,in,,0,0,0,https://x.com/maricakesini/status/1857051771274657914,1307504187790381057,maricakesini
1857051722171982056,Thu Nov 14 13:23:27 +0000 2024,0,tiap bulan cm nungguin gigs biar ga depresi,1857051722171982056,,,in,964 targa,0,1,0,https://x.com/Targanism/status/1857051722171982056,1777522843338887168,Targanism
1857013761153941523,Thu Nov 14 13:21:48 +0000 2024,0,@rachmaanindya aku juga belum baca sih. tokoh utamanya tuh tersiksa banget gitu hidupnya depresi. tapi kata reviewer yang kutonton bukunya malah meromantisasi penyakit mental (?) jadi si tokoh ini disiksa mulu bukan buat pesan moral tapi dijadiin bahan untuk bikin pembaca ikut sakit gitu lho,1857051305023299749,,rachmaanindya,in,,0,1,0,https://x.com/SKlNNYDlPPlNGS/status/1857051305023299749,1140658942428639233,SKlNNYDlPPlNGS
1857051102723616940,Thu Nov 14 13:20:59 +0000 2024,0,Kalau uang sumber kebahagiaan gak mungkin para artis itu pada bundir dan depresi,1857051102723616940,,,in,heaven,0,0,0,https://x.com/dakochi95/status/1857051102723616940,1469861708290166785,dakochi95
1856291552768778501,Thu Nov 14 13:14:21 +0000 2024,0,@ChilAel_ udah ga depresi lagi.,1857049430270038373,,ChilAel_,in,"unlabeled, legal.",0,1,0,https://x.com/pingksan/status/1857049430270038373,1771932636732346368,pingksan
1857046328313889186,Thu Nov 14 13:13:50 +0000 2024,0,@wonuswancat @yangbikinkangen tapi harusnya dia ikut ngehapus juga gasih kalo sampe si cwo depresi gimana ,1857049300292825291,,wonuswancat,in,wherever u'r,0,1,0,https://x.com/mivko_/status/1857049300292825291,1801840552725647363,mivko_
1856976049856536648,Thu Nov 14 13:04:48 +0000 2024,0,@rvouyaa depresi kerjakan lupakan ciao FOKUS PANIT ,1857047029232328723,,rvouyaa,in,Heaven,0,1,0,https://x.com/elzaaffu/status/1857047029232328723,1175733144227418117,elzaaffu
1857046892770668575,Thu Nov 14 13:04:16 +0000 2024,0,Dia cerita depresi karena korban grooming tapi ngapa malah jadi groomer najis jijik bgtttttttttt,1857046892770668575,,,in,laut tengah,0,0,0,https://x.com/hyachienth/status/1857046892770668575,1435523855527804929,hyachienth
1857041397393637852,Thu Nov 14 13:02:35 +0000 2024,1,@ChandraLiv31677 Karena aku pernah komunikasi sama psikiater selama bergabung di komunitas Guru dan disitu ada seminar tentang psikologi. Kalo udah kena fase sebulan mereka itu ada 4 1 Minggu masa depresi 1 Minggu masa maniak (perasaan menggebu2) 1 Minggu masa normal 1 Minggu netral,1857046469687067079,,ChandraLiv31677,in,"Garut, Indonesia",0,1,0,https://x.com/PositifVibe0595/status/1857046469687067079,1813403757432246272,PositifVibe0595
1857006444085661711,Thu Nov 14 13:01:24 +0000 2024,0,@sabargakjuga_ Bisa gila stress depresi :),1857046174001181128,,sabargakjuga_,in,"Tangerang, Indonesia",0,0,0,https://x.com/aristamahr/status/1857046174001181128,2734530816,aristamahr
1857045438949363900,Thu Nov 14 12:58:29 +0000 2024,7,WEDRINK RASA COKLAT ENAK BANGET WEEE!!! https://t.co/PedYvCVpHa,1857045438949363900,https://pbs.twimg.com/media/GcWM-8zW4AAKlvz.jpg,,in, | ☕🎹 | ⭐💧 | 🎈🤖 | ,0,0,0,https://x.com/kudemana/status/1857045438949363900,1262553690293977088,kudemana
1855527113740452098,Thu Nov 14 12:55:15 +0000 2024,0,@tanyakanrl Poin yg gw dpt dr list: 1. Gaada service kendaraan bs boncos klo tiba2 mati 2. Gaada healing bkin depresi 3. Sandwich generation gaakan bisa tenang smpe mati juga 4. Gaada dana darurat gawat 5. Mkn sejuta sebln buat sendiri? Luar biasa Anjay️ gw aj mkn sndri sminggu 50rb,1857044624344326241,,tanyakanrl,in,World,0,0,0,https://x.com/Yoedhst_/status/1857044624344326241,1214229244290584578,Yoedhst_
1856207856019878029,Thu Nov 14 12:54:52 +0000 2024,0,@tanyarlfes Temenku pernah cerita: Mending jadi kek km ya gak punya ayah (konteks ayahku udah alm) daripada aku punya ayah tapi fatherless. It means se depresi itu dia dengan ayahnya sampe menghancurkan mental temenku. Dia bertahan hanya karena sayang ibunya,1857044527300649278,,tanyarlfes,in,,0,0,0,https://x.com/ayamayamku_/status/1857044527300649278,2395446763,ayamayamku_
1857003753905242369,Thu Nov 14 10:19:22 +0000 2024,0,@galuhsekarpd dan kudu juangkep isine ,1857005397283934437,,galuhsekarpd,in,caratland 💎,0,0,0,https://x.com/depres0t/status/1857005397283934437,4399128134,depres0t
1856498490899370122,Thu Nov 14 10:13:40 +0000 2024,0,@tang__kira Se setres2 nya org depresi ga gini juga deh ... Ini gila beneran,1857003962190246235,,tang__kira,in,anti war,0,0,0,https://x.com/nana4lifeu/status/1857003962190246235,1207247328601497600,nana4lifeu
1857002288264405178,Thu Nov 14 10:07:01 +0000 2024,0,ada yg bs bantu war gak sih? depresi bgt sumpah,1857002288264405178,,,in,,0,0,0,https://x.com/scllsta/status/1857002288264405178,793308408963174400,scllsta
1857001658770718894,Thu Nov 14 10:06:01 +0000 2024,0,@everywonoww loh mau nonton dua hari ya anda,1857002035947683862,,everywonoww,in,caratland 💎,0,1,0,https://x.com/depres0t/status/1857002035947683862,4399128134,depres0t
1857001319132745872,Thu Nov 14 10:03:10 +0000 2024,0,kalo ada day2 apa sbaiknya beli green ya,1857001319132745872,,,in,caratland 💎,0,0,0,https://x.com/depres0t/status/1857001319132745872,4399128134,depres0t
1857000932380172412,Thu Nov 14 10:01:38 +0000 2024,10,2 tahun depresi aokwowk,1857000932380172412,,,in,,0,4,0,https://x.com/PanitiaRumbIing/status/1857000932380172412,1775008756600053760,PanitiaRumbIing
1856999845044658605,Thu Nov 14 09:57:19 +0000 2024,0,cepet sih antriannya ga yg sampe depresi depresi amat,1856999845044658605,,,in,,0,1,0,https://x.com/villashortcakes/status/1856999845044658605,1834125908703412228,villashortcakes
1856937594397102332,Thu Nov 14 09:51:01 +0000 2024,0,@OHMYV3NUS wanita langsung depresi,1856998259471855660,,OHMYV3NUS,in,Indonesia,0,0,0,https://x.com/rafiq_erouck/status/1856998259471855660,1100372166,rafiq_erouck
1856998037672931692,Thu Nov 14 09:50:08 +0000 2024,0,kyknya emg sistemnya bikin stres &amp; depresi mahasiswa biar bs lebih relate sm klien nnti deh,1856998037672931692,,,in,Exo's heart,0,0,0,https://x.com/chanzelnut_/status/1856998037672931692,1101829349462835202,chanzelnut_
1856997834072932789,Thu Nov 14 09:49:19 +0000 2024,2,Haha frustrasi sampai depresi. ,1856997834072932789,,,in,Banyumas,0,1,0,https://x.com/trial_imbalance/status/1856997834072932789,55484249,trial_imbalance
1845829781293506635,Thu Nov 14 09:49:06 +0000 2024,0, saya masih sulit mencerna semuanya. bahkan saya sampai berpikir ini hanya mimpi padahal jelas-jelas nyata. setelah menyadari itu saya kembali depresi dan merasa harus menerimanya... terus seperti itu huhuhuuuu tamiko,1856997778670375269,,ggiiyuuu,in,22-she/her | unlabeled ,0,1,0,https://x.com/ggiiyuuu/status/1856997778670375269,1587847609695150080,ggiiyuuu
1856997267527377319,Thu Nov 14 09:47:04 +0000 2024,0,Belum konser udah depresi duluan ,1856997267527377319,,,in,,0,0,0,https://x.com/nunagyu/status/1856997267527377319,891996362425851904,nunagyu
1856996997258969364,Thu Nov 14 09:46:01 +0000 2024,0,bilang eh ini meja aku ya kemarin aku disini . Lol Karena aku anaknya tidak suka konflik dan konfrontasi maka aku yaudah pindah ke room lain di lantai 4. Tapi itu lantai 4 sepi bangetttt. Masa aku tiap hari disitu 9 - 5 selama 9 bulan bisa depresi kurang interaksi,1856997001172271118,,kenikirputih,in,,0,1,0,https://x.com/kenikirputih/status/1856997001172271118,1264781595204096001,kenikirputih
1856996258566549669,Thu Nov 14 09:43:04 +0000 2024,0,Gitu deh waktu friendship breakup gue malah depresi berat otw ke psikolog LOL,1856996258566549669,,,in,,0,0,0,https://x.com/syike/status/1856996258566549669,1622118078367830021,syike
1856992914838360182,Thu Nov 14 09:29:46 +0000 2024,468,perna ada yg komen gasuka lovrun karna fl nya kelihatan depresi. maksudku ini orang yg dicintai dan nyelamatin hidupnya udah mati 3x dan itu karna dia sendiri dia punya kesempatan buat nyelamatin tapi gagal terus. dan kau harap dia senyum bahagia selama 16 episode?,1856992914838360182,,,in,,2,14,49,https://x.com/crochetyarns/status/1856992914838360182,1748172005588062208,crochetyarns
1856992666908762309,Thu Nov 14 09:28:47 +0000 2024,0,Lu tau gak gw dr pagi belom makan krn MUAL skrg ga napsu makan karena DEPRESI,1856992666908762309,,,in,,0,1,0,https://x.com/ter_csc/status/1856992666908762309,1605085451408117760,ter_csc
1856991879260508163,Thu Nov 14 09:25:39 +0000 2024,0,Gw sadar semenjak gw pmo sebagai pelampiasan gw karena kesepian dan gagal akan pencapaian bikin gw makin anxiety dan udh tahap depresi berat yg keknya gw udh skizo obat dari dokter yg udh dosis tinggi pun kek nya udh gk mempan buat gw,1856991879260508163,,,in,,0,0,0,https://x.com/gyuwarii/status/1856991879260508163,1818264254329634816,gyuwarii
1856937594397102332,Thu Nov 14 09:14:25 +0000 2024,0,@OHMYV3NUS kek org depresi dh,1856989048524738752,,OHMYV3NUS,in,,0,0,0,https://x.com/achaesthetic/status/1856989048524738752,1084296661877239808,achaesthetic
1856981772812390841,Thu Nov 14 08:45:30 +0000 2024,4,Dengerin Kalo orang yang suka marah2 artinya ? Sering ngeluh marah makin jauh rejeki e bukannya sadar malah makin ngamukan depresi nyalahin segalanya Kayak siapa yaaaaa https://t.co/Dh6e9ca57X,1856981772812390841,https://pbs.twimg.com/ext_tw_video_thumb/1856981710912851968/pu/img/o1T8LOHLGgckjHmr.jpg,,in,Somewhere over the rainbow ,0,0,0,https://x.com/DakotaGeorgy/status/1856981772812390841,1717067783165620224,DakotaGeorgy
1856973143363010727,Thu Nov 14 08:33:11 +0000 2024,0,@lakelightllily Aku nyumbang doa aja ya moms biar gak depresi dikit,1856978675318886453,,lakelightllily,in,"Anneliese, 22.",0,1,0,https://x.com/izhuyuan/status/1856978675318886453,4803284113,izhuyuan
1856976797017280947,Thu Nov 14 08:32:37 +0000 2024,0,@atbience jgn bub ak bubb,1856978532037267721,,atbience,in,"unlabeled, legal.",0,0,0,https://x.com/pingksan/status/1856978532037267721,1771932636732346368,pingksan
1856978483164954715,Thu Nov 14 08:32:26 +0000 2024,0,bangun dan depresi,1856978483164954715,,,in,,0,0,0,https://x.com/EdFareed/status/1856978483164954715,1119043224046198786,EdFareed
1856918203869663395,Thu Nov 14 08:31:38 +0000 2024,0,Beberapa kasus bunuh diri terjadi dalam konteks impulsivitas akut atau perubahan neurologis akut tanpa riwayat depresi.,1856978285533827451,,AlamSosial,in,,0,1,0,https://x.com/AlamSosial/status/1856978285533827451,1844266574133567488,AlamSosial
1856918203869663395,Thu Nov 14 08:31:16 +0000 2024,0,Meskipun depresi sering terkait penelitian menunjukkan bahwa bunuh diri dapat terjadi dalam konteks berbagai kondisi neurologis dan psychiatric masing-masing dengan pola perubahan otak yang berbeda.,1856978189840781349,,AlamSosial,in,,0,1,0,https://x.com/AlamSosial/status/1856978189840781349,1844266574133567488,AlamSosial
1856918203869663395,Thu Nov 14 08:30:38 +0000 2024,0,Simplifikasi bahwa depresi selalu mendahului bunuh diri tidak sepenuhnya akurat dari perspektif neurobiologis. https://t.co/H9cnoSz6oF,1856978032394998064,https://pbs.twimg.com/media/GcVPmAIbEAASd7O.jpg,AlamSosial,in,,0,1,0,https://x.com/AlamSosial/status/1856978032394998064,1844266574133567488,AlamSosial
1856976185252876512,Thu Nov 14 08:23:18 +0000 2024,0, kamu dengan bernadya mu dan biarkan Kurt Cobain dengan suara depresi nya tetap di telinga ku .,1856976185252876512,,,in,,0,0,0,https://x.com/nvmdrock/status/1856976185252876512,1472950268807450630,nvmdrock
1855456728198049836,Thu Nov 14 08:18:00 +0000 2024,0,@znodt ak abis reread ini semalem tes,1856974851627782383,,znodt,in,"unlabeled, legal.",0,1,0,https://x.com/pingksan/status/1856974851627782383,1771932636732346368,pingksan
1856935790124945488,Thu Nov 14 08:16:43 +0000 2024,0,@WindBaile Dikasih nama apa ya kira-kira.,1856974531573035328,,WindBaile,in,,0,0,0,https://x.com/Djongsoeng/status/1856974531573035328,993640229289447424,Djongsoeng
1856849150287253586,Thu Nov 14 08:15:05 +0000 2024,0,@SkyAyraa hayyoh ngaku siapa yang bilang depresi dan anxiety gak nyata,1856974116890579293,,SkyAyraa,in,handled by admins.,0,0,0,https://x.com/brettney/status/1856974116890579293,790887539162816513,brettney
1856970803742470605,Thu Nov 14 08:01:56 +0000 2024,0,Sebuah studi di tahun 2018 dalam jurnal Explore juga menyatakan bahwa grounding dapat mengurangi peradangan. Studi tersebut menemukan bahwa rasa sakit stres depresi dan kelelahan berkurang pada mereka yang melakukan grounding. Selain itu mereka juga lebih bahagia.,1856970810705006664,,bentangpustaka,in,Yogyakarta - Indonesia,0,1,0,https://x.com/bentangpustaka/status/1856970810705006664,74914639,bentangpustaka
1856922733512462744,Thu Nov 14 08:01:14 +0000 2024,0,@endricaca @HabisNontonFilm underrated abis saking tegangnya crew series ini banyak yg kebawa depresi ,1856970635362406717,,endricaca,in,Across The Universe,0,0,0,https://x.com/txtfromjodi/status/1856970635362406717,104767086,txtfromjodi
1856968436011995497,Thu Nov 14 07:52:30 +0000 2024,1,Udah isi full.. tinggal bayar.. trus tiba2 formsnya error.. aku depresi skrg thanks https://t.co/HWuUopzMYP,1856968436011995497,https://pbs.twimg.com/media/GcVG8s4bkAMi7m3.jpg,,in,"Jakarta Selatan, DKI Jakarta",1,0,0,https://x.com/gyunamina/status/1856968436011995497,1792774442285985792,gyunamina
1856947731652382890,Thu Nov 14 06:33:31 +0000 2024,0,@Araseoyo__ kakkk jastip manaaa?,1856948557577949485,,Araseoyo__,in,caratland 💎,0,1,0,https://x.com/depres0t/status/1856948557577949485,4399128134,depres0t
1856918203869663395,Thu Nov 14 06:31:03 +0000 2024,0,Hewan mungkin menunjukkan tanda-tanda depresi atau kesedihan tetapi tidak dalam bentuk yang sama kompleksnya seperti pada manusia.,1856947937223610522,,AlamSosial,in,,0,1,0,https://x.com/AlamSosial/status/1856947937223610522,1844266574133567488,AlamSosial
1856918203869663395,Thu Nov 14 06:30:42 +0000 2024,0,Hal ini memungkinkan manusia untuk mengalami depresi kronis dan pemikiran bunuh diri yang berkelanjutan sesuatu yang tampaknya tidak terjadi pada hewan.,1856947848853819717,,AlamSosial,in,,0,1,0,https://x.com/AlamSosial/status/1856947848853819717,1844266574133567488,AlamSosial
1856946477421269460,Thu Nov 14 06:25:15 +0000 2024,2,gaisss sisa yellow sama green please daripada besok kalian malah taruhannya sama calo mending ambil yellow/green deh :'),1856946477421269460,,,in,caratland 💎,0,0,2,https://x.com/depres0t/status/1856946477421269460,4399128134,depres0t
1856778358174171549,Thu Nov 14 06:21:50 +0000 2024,3,@BlondeLiarrr @slutfor0327 Hahaha stan rozak depresi liat Lisa ada dimana-mana ,1856945616519131569,,BlondeLiarrr,in,,0,1,0,https://x.com/aphroditelalali/status/1856945616519131569,735250421199970306,aphroditelalali
1856943737110471152,Thu Nov 14 06:14:21 +0000 2024,1,Sedih bgt liat artis sokor pada bundir gara2 depresi. Keras bgt kayaknya kehidupan mereka. Khawatir sama idol yg w suka malah ikutan. Amit2 ,1856943737110471152,,,in,,0,1,0,https://x.com/Wanna_Onge/status/1856943737110471152,1386652089728659463,Wanna_Onge
1856936211929337916,Thu Nov 14 06:09:11 +0000 2024,1,@urscorpionss ak yank,1856942433722142933,,urscorpionss,in,"unlabeled, legal.",0,0,0,https://x.com/pingksan/status/1856942433722142933,1771932636732346368,pingksan
1856918203869663395,Thu Nov 14 06:02:34 +0000 2024,0,Manipulasi sirkuit ini dapat mengubah perilaku terkait stress dan depresi membuka jalan untuk pengembangan intervensi yang lebih tepat sasaran.,1856940770617696762,,AlamSosial,in,,0,1,0,https://x.com/AlamSosial/status/1856940770617696762,1844266574133567488,AlamSosial
1856918203869663395,Thu Nov 14 06:02:13 +0000 2024,0,Penelitian menggunakan teknologi optogenetik pada model hewan telah mengungkapkan sirkuit neural spesifik yang terlibat dalam perilaku terkait depresi dan bunuh diri. https://t.co/CgyqgDjsQO,1856940683472638296,https://pbs.twimg.com/media/GcUtnhka8AAzs2D.jpg,AlamSosial,in,,0,1,0,https://x.com/AlamSosial/status/1856940683472638296,1844266574133567488,AlamSosial
1856835598226788596,Thu Nov 14 06:01:48 +0000 2024,0,@septino_biel Dia motong kuping di rumah kuning gara2 depresi ditinggal partner co-habitant dia. Partnernya adl sesama pelukis dengan gaya lukis kontra banget sama style-nya van Gogh. Warnanya lbh berani goresannya lbh tegas &amp; angle yg dipakai beda,1856940575804567906,,a_wintersoltice,in,,0,0,0,https://x.com/a_wintersoltice/status/1856940575804567906,1605292149259440133,a_wintersoltice
1856751464049442998,Thu Nov 14 05:56:25 +0000 2024,0,@WindBaile Nanti aku nyom nyom.,1856939223129231752,,WindBaile,in,,0,0,0,https://x.com/Djongsoeng/status/1856939223129231752,993640229289447424,Djongsoeng
1856935790124945488,Thu Nov 14 05:55:56 +0000 2024,0,@WindBaile Penasaran kenapa notif Telegram nya kamu tutupin nama aku.,1856939102077170146,,WindBaile,in,,0,1,0,https://x.com/Djongsoeng/status/1856939102077170146,993640229289447424,Djongsoeng
1856933134698516884,Thu Nov 14 05:36:07 +0000 2024,0,Biarlah menjadi urusan nanti. Tugasku sekarang adalah bergembira atas nikmat hidupku terutama yang saat ini. Daripada murung terus kan? Apalagi aku baru pulih setelah hampir 2 tahun depresi. Aku baru merasakan dunia berbunga-bunga lagi. Jadi ayolah ,1856934112311087282,,fdrianda,in,🌏,0,1,0,https://x.com/fdrianda/status/1856934112311087282,1451743277279973384,fdrianda
1856627546902941847,Thu Nov 14 05:34:26 +0000 2024,3,@alvianyps Penolong ku waktu depresi pas tugas akhir sampe aku jadiin wallpaper haha suka bgt.. https://t.co/QK1CQx5Xga,1856933691970523459,https://pbs.twimg.com/media/GcUnV-xbYAA8XBF.jpg,alvianyps,in,,0,2,1,https://x.com/kejucheesekeju/status/1856933691970523459,1709616541124464640,kejucheesekeju
1856931293214163443,Thu Nov 14 05:24:55 +0000 2024,0,itulah kalo malem tidur bukannya main twitter... bnr bnr cringe dan alay maaf (gw) malu tp kenang2an lah pernah depresi segitunya ^__^,1856931293214163443,,,in,⚞ ꒰ིྀ 猫 愛 ꒱ིྀ . . 🎀,0,0,0,https://x.com/hongnyangis/status/1856931293214163443,1478041685011566592,hongnyangis
1856931056722874531,Thu Nov 14 05:23:58 +0000 2024,11,Cemangat Kobo... Aku kenal Kobo waktu lagu Jerry viral saat itu aku lagi depresi berat sejak itu jd sering nonton Kobo lihat Kobo jd semangat jalani hidup lagi... Akan tetap kudukung Kobo...,1856931056722874531,,,in,,0,1,0,https://x.com/Neuvillette619/status/1856931056722874531,1579151292324540417,Neuvillette619
1856831947642913166,Thu Nov 14 05:21:52 +0000 2024,0,@icharecently Emang uang itu ga jamin ya kalo kita depresi sama aj,1856930525694628307,,icharecently,in,,0,0,0,https://x.com/jancooeek/status/1856930525694628307,1209729193681944578,jancooeek
1856928556095549698,Thu Nov 14 05:15:44 +0000 2024,0,@upgirls_nay Kalo orang yang kenal sama lu ngeliat lu kaya gitu pasti dikira lagi depresi nay,1856928985164517457,,upgirls_nay,in,,0,0,0,https://x.com/Matxhss/status/1856928985164517457,941639396595396610,Matxhss
1856928650328768861,Thu Nov 14 05:14:24 +0000 2024,2,Nyam nyam ToyaKana oishi Yeah ToyaSaki berat tapi gk papa sama siapa aja Tapi agak ranjau juga artisnya AkiEna loh weit apa dia artis gambar cakep puoll di pixiv itu ya Ena harem Akito Toya Arata,1856928650328768861,,,in, | ☕🎹 | ⭐💧 | 🎈🤖 | ,0,0,0,https://x.com/kudemana/status/1856928650328768861,1262553690293977088,kudemana
1854135956707938494,Thu Nov 14 05:04:57 +0000 2024,0,@tietyee udah kek orang depres i aja si wenli. apa gara-gara ditinggal jessica sama jean atau stress karna ngurusin perang yang gak kelar-kelar?,1856926271101706548,,tietyee,in,,0,2,0,https://x.com/RCyclocke88/status/1856926271101706548,1517030992761868289,RCyclocke88
1856921297072394469,Thu Nov 14 04:45:11 +0000 2024,0,Lo kira gue ga depresi? Sinting,1856921297072394469,,,in,,0,0,0,https://x.com/Allyah26560066/status/1856921297072394469,1325221651345125376,Allyah26560066
1856700705106808834,Thu Nov 14 04:44:24 +0000 2024,0,@TTed378 @Tar0b0y Yah prosesnya kaya orang gil* depresi ‍,1856921098363023565,,TTed378,in,,0,1,0,https://x.com/1per100/status/1856921098363023565,3421318274,1per100
1856760221429108977,Thu Nov 14 04:39:51 +0000 2024,0,@Tirgaryen sama walawe kalo abis nonton jd depresi gw gk nanggung tapi,1856919952076513628,,Tirgaryen,in,borderland,0,0,0,https://x.com/sinamwhore/status/1856919952076513628,1344570965968080902,sinamwhore
1856725400757637469,Thu Nov 14 04:37:42 +0000 2024,0,@jodanspace A W0rld With0ut Y0u Sebagai pecinta BL phycological INI TERMASUK YANG TOP MARKOTOP. Ngikut perjalanan mereka tuh bener bener dibuat rollercoaster. Sedih nya dapet bahagia nya juga dapet bahkan juga ngerasain rasanya depresi ini termasuk salah satu manhwa yg story telling nya,1856919412315754553,,jodanspace,in,,0,0,0,https://x.com/paradisae4a/status/1856919412315754553,1597561206860312578,paradisae4a
1856919204341117176,Thu Nov 14 04:36:52 +0000 2024,1,Witnessing Barae Performance life tuh kayak wah i have survived this long . Dari yang dengerin Barae era stress depresi menghadapi berbagai masalah hidup dan tekanan masa kuliah ditinggal bokap meninggal beban ekonomi kuliah kedokteran yg mahal. Trus dititik skrg udah kerja..,1856919204341117176,,,in,,0,2,0,https://x.com/gvnw_/status/1856919204341117176,631034377,gvnw_
1856615717799636998,Thu Nov 14 04:36:10 +0000 2024,1,@n0vemberninth @vaurmillions Ayo masuk kak marilah depresi bersama sama,1856919026460758078,,n0vemberninth,in,this acc obsessed with Till,0,0,0,https://x.com/sehachii/status/1856919026460758078,1486422135732334592,sehachii
1856918528496210191,Thu Nov 14 04:34:11 +0000 2024,0,kangen pacar aku T_____T,1856918528496210191,,,in,,0,0,0,https://x.com/sparklespinkie/status/1856918528496210191,1328651617390903300,sparklespinkie
1856916830507692122,Thu Nov 14 04:28:33 +0000 2024,0,bella depresi dijauhin edward aku yg baca ikutan nyesek &amp; sakit hati juga,1856917110955417749,,vvanillapopcorn,in,Cr: Eclipse,0,1,0,https://x.com/vvanillapopcorn/status/1856917110955417749,1435712594203975681,vvanillapopcorn
1856885505625043429,Thu Nov 14 04:23:38 +0000 2024,1,@8Travelers Sbnrnya ada bbrpa macam ya buat gangguan depresi untuk yg hypomania ini masih bisa dismbuhkan ?,1856915871979151827,,8Travelers,in,,0,0,0,https://x.com/selenaulannn/status/1856915871979151827,1420083957345918979,selenaulannn
1856911416030368086,Thu Nov 14 04:18:01 +0000 2024,0,@spbrkle bismillahhh kita semua dilancarkan nontonnya ,1856914460226843090,,spbrkle,in,caratland 💎,0,1,0,https://x.com/depres0t/status/1856914460226843090,4399128134,depres0t
1856908234352988262,Thu Nov 14 04:17:14 +0000 2024,0,@spbrkle GA GITU,1856914261320372287,,spbrkle,in,caratland 💎,0,0,0,https://x.com/depres0t/status/1856914261320372287,4399128134,depres0t
1856911416030368086,Thu Nov 14 04:05:55 +0000 2024,3,masih amaze aku dan temen temenku jadi nonton lancarkan kami semua ya Allah. Gaberhenti bersyuku banget ,1856911416030368086,,,in,caratland 💎,0,1,0,https://x.com/depres0t/status/1856911416030368086,4399128134,depres0t
1856908234352988262,Thu Nov 14 04:04:24 +0000 2024,0,@spbrkle INGAT APA,1856911030481555707,,spbrkle,in,caratland 💎,0,1,0,https://x.com/depres0t/status/1856911030481555707,4399128134,depres0t
1855593829224624190,Thu Nov 14 01:37:43 +0000 2024,0,@tanyarlfes Nggak aku cerita kalo aku depresi aja disuruh jangan sedih jgn nangis wkwk. Tapi itu krn dia ga ngerti dan takut kalo sekarang ga gitu lg krn udah ngerti.,1856874117733257507,,tanyarlfes,in,,0,0,0,https://x.com/shiranaihito39/status/1856874117733257507,1831404907808878593,shiranaihito39
1856829525168198080,Thu Nov 14 01:28:32 +0000 2024,1,@miikagereo mw bub,1856871808634654952,,miikagereo,in,"unlabeled, legal.",0,0,0,https://x.com/pingksan/status/1856871808634654952,1771932636732346368,pingksan
1856871296958959749,Thu Nov 14 01:26:30 +0000 2024,0,Dipendem aja sampe depresi ansietas,1856871296958959749,,,in,,0,0,0,https://x.com/gembestboi/status/1856871296958959749,1007854084085313536,gembestboi
1856867389226586511,Thu Nov 14 01:10:59 +0000 2024,0,hbis nabrak motor tadi paginpls,1856867389226586511,,,in,,0,0,0,https://x.com/sparklespinkie/status/1856867389226586511,1328651617390903300,sparklespinkie
1856867349921763699,Thu Nov 14 01:10:49 +0000 2024,0,aku gemeter,1856867349921763699,,,in,,0,0,0,https://x.com/sparklespinkie/status/1856867349921763699,1328651617390903300,sparklespinkie
1856695961793491386,Thu Nov 14 01:09:49 +0000 2024,0,@yoreoara cantik dan hamil anakku,1856867097655349431,,yoreoara,in,"unlabeled, legal.",0,0,0,https://x.com/pingksan/status/1856867097655349431,1771932636732346368,pingksan
1856863203936121211,Thu Nov 14 01:08:38 +0000 2024,0,@Mendokussaiiii keliatan enak ,1856866800576991583,,Mendokussaiiii,in,"unlabeled, legal.",0,1,0,https://x.com/pingksan/status/1856866800576991583,1771932636732346368,pingksan
1856730700608852103,Thu Nov 14 01:01:40 +0000 2024,2,@Heraloebss Setuju. Itu pembenci sdh sampe taraf misuh2 kyk org depresi tdk ada positif smua negatif.,1856865044329631897,,Heraloebss,in,"Eskişehir, Türkiye",0,1,0,https://x.com/Fengshuiwarna/status/1856865044329631897,1834064333833469952,Fengshuiwarna
1856859171016368366,Thu Nov 14 00:50:58 +0000 2024,0,gak jadi depresi,1856862353192882553,,pacarkakavasha,in,,0,0,0,https://x.com/pacarkakavasha/status/1856862353192882553,1708170623900631040,pacarkakavasha
1856672411665539475,Thu Nov 14 00:47:22 +0000 2024,0,@wombingbekasee lg depresi kakak,1856861449001558219,,wombingbekasee,in,miche,0,0,0,https://x.com/berriesoflove/status/1856861449001558219,1788570668944265216,berriesoflove
1856860339587182814,Thu Nov 14 00:42:58 +0000 2024,0,beneran se depresi itu,1856860339587182814,,,in,,0,0,0,https://x.com/fflufhy/status/1856860339587182814,1850138173038563328,fflufhy
1856514170960916820,Thu Nov 14 00:38:34 +0000 2024,0,@Wandadu_ sudah sampai mana level stressmu ? ○ susah tidur ○ asal lambung ○ rambut rontok ○ sakit kepala ○ haid berantakan ○ sakit dada ️ depresi,1856859233473696175,,Wandadu_,in,Indonesia,0,0,0,https://x.com/hoJINchalatte/status/1856859233473696175,1949129227,hoJINchalatte
1856703178638774361,Thu Nov 14 00:36:57 +0000 2024,0,@xaverax mang depresi cmn buat orang kerja mang kuliahan gboleh ?!,1856858826085208481,,xaverax,in,,0,1,0,https://x.com/marky0urheart/status/1856858826085208481,1544968748624359426,marky0urheart
1856855812922323413,Thu Nov 14 00:32:13 +0000 2024,0,@azelleast Waduh bisa depresi lama lama :(,1856857632868634940,,azelleast,in,"Palembang, South Sumatra",0,0,0,https://x.com/bunwalls/status/1856857632868634940,1162918633,bunwalls
1856778472296997097,Thu Nov 14 00:29:57 +0000 2024,0,@cimolibur knp mereka suka bkin atsm depresi,1856857063244325217,,cimolibur,in,18↑,0,1,0,https://x.com/dailyypie/status/1856857063244325217,1731545998022086656,dailyypie
1856854056805044348,Thu Nov 14 00:18:00 +0000 2024,0,gue depresi beneran anjing,1856854056805044348,,,in,,0,0,0,https://x.com/ttojizenin/status/1856854056805044348,1483280966886227972,ttojizenin
1856853990102683960,Thu Nov 14 00:17:44 +0000 2024,0,Gue rasanya mau nangis sampe depresi juga gak bisa. Didunia ini emang orang yg punya duit selalu memang.,1856853990102683960,,,in,caratland!,0,0,0,https://x.com/gyulachoco/status/1856853990102683960,1705048603423875072,gyulachoco
1856819765576438263,Thu Nov 14 00:12:52 +0000 2024,0,@baajiingaan Jangan banyak depresi ya kawan,1856852763914969543,,baajiingaan,in,,0,0,0,https://x.com/mychasiye/status/1856852763914969543,44423237,mychasiye
1856732705784009071,Wed Nov 13 16:15:48 +0000 2024,0,kita usahakan punya anak 3 lucu lucu kaya jasmine,1856732705784009071,,,in,,0,0,0,https://x.com/merveille_z/status/1856732705784009071,1141981884966002689,merveille_z
1856648742226842019,Wed Nov 13 16:15:38 +0000 2024,0,@orchdlrst Ternyata dia punya depresi juga yah,1856732666567233763,,orchdlrst,in,"England, United Kingdom",0,0,0,https://x.com/Sseterah_/status/1856732666567233763,1200438083969118208,Sseterah_
1856732300819751159,Wed Nov 13 16:14:11 +0000 2024,0,Syukuran sampe wh kr bisa promosi jual Tsukasa WD set kalau gitu,1856732300819751159,,,in, | ☕🎹 | ⭐💧 | 🎈🤖 | ,0,0,0,https://x.com/kudemana/status/1856732300819751159,1262553690293977088,kudemana
1856719315858608314,Wed Nov 13 16:00:44 +0000 2024,1,@ciatehv @lofflythv Lalu pesan untuk @lofflythv aku cuman bisa bilang yang sabar dan tegar ya. Berdoa sama Tuhan supaya hati kamu dikuatkan. Kalau bisa kamu juga konsultasi ke psikolog mengenai depresi yg kamu alami. Tetap semangat. Kamu pasti bisa melewati semua ini ️,1856728914510643312,,JooGH88,in,,0,1,0,https://x.com/JooGH88/status/1856728914510643312,3284444058,JooGH88
1856719388130562533,Wed Nov 13 15:58:40 +0000 2024,1,@rozepuzzle kai klo udah gantian pls ,1856728396233073022,,rozepuzzle,in,"unlabeled, legal.",0,1,0,https://x.com/pingksan/status/1856728396233073022,1771932636732346368,pingksan
1856590581713252531,Wed Nov 13 15:57:57 +0000 2024,0,@ttangdal depresi juga karena JADI HILANG SEMANGAT MELANJUTKAN,1856728215613833530,,ttangdal,in,call me Lou!,0,0,0,https://x.com/reverierealm/status/1856728215613833530,1211598159656321026,reverierealm
1856727035361825184,Wed Nov 13 15:55:04 +0000 2024,0,+ sinar matahari + depresi + muka selalu nempel bantal kalo tidur (nindihnya juga nafsuan). lengkap kombonya,1856727489491640774,,hwanghue,in,she/her,0,1,0,https://x.com/hwanghue/status/1856727489491640774,1498678942097678343,hwanghue
1856719315858608314,Wed Nov 13 15:49:55 +0000 2024,0,@ciatehv @lofflythv Pesan gw kepada cucunguk @ciatehv lu gak usah sok jagoan di sosmed. Lu boleh saja tersinggung tetapi bukan dengan cara sampah sehingga membuat orang yang lu serang depresi karena hinaan dari lu. Cara lu ini juga bisa mengarah ke kriminal dan bisa banget dilaporkan ke polisi.,1856726193057501326,,JooGH88,in,,0,1,0,https://x.com/JooGH88/status/1856726193057501326,3284444058,JooGH88
1856726087566549230,Wed Nov 13 15:49:30 +0000 2024,303, Kasian member depresi kena tubir Kalo salah ya memang pantas. Lucu banget disuruh kasihani orang yang tidak menghargai penggemarnya..,1856726087566549230,,,in,,2,2,41,https://x.com/MrTNerd/status/1856726087566549230,1361166732988096517,MrTNerd
1856721647941845255,Wed Nov 13 15:48:56 +0000 2024,0,@owleyfly km ikut ga bubbb.....,1856725947229299136,,owleyfly,in,"unlabeled, legal.",0,1,0,https://x.com/pingksan/status/1856725947229299136,1771932636732346368,pingksan
1856723826585002488,Wed Nov 13 15:47:43 +0000 2024,0,@nnnpetals WKWKWK ANJING EMG GW TBTB DEPRESI,1856725640306925758,,nnnpetals,in,🤍,0,1,0,https://x.com/sleepyn4yy/status/1856725640306925758,1585876530021834752,sleepyn4yy
1854789361638031623,Wed Nov 13 15:45:27 +0000 2024,0,Nangis tiap hari mikir gmn caranya ngembaliin bb ke semula klo dia gamau prohe Suamiku kyknya ngeh bojonya rodok2 depresi akhirnya dia turun tangan ngide bikin snack menu lengkap buat bantu genjot asupan prohe.,1856725070191960123,,wmdnptr,in,Indonesia,0,1,0,https://x.com/wmdnptr/status/1856725070191960123,128254919,wmdnptr
1856724885839786136,Wed Nov 13 15:44:43 +0000 2024,0,semoga engga depresi,1856724885839786136,,,in,,0,0,0,https://x.com/aydrunks/status/1856724885839786136,1473969699717214208,aydrunks
1856724863320514707,Wed Nov 13 15:44:38 +0000 2024,0,bawaaa gw ke psikiater pliss ga kuaat gw depresi butuh obat,1856724863320514707,,,in,𝑡ℎ𝑖𝑦𝑦𝑎♡𝑠𝑎𝑛𝑡𝑎𝑟𝑎,0,0,0,https://x.com/sanpeachykeen/status/1856724863320514707,1205156895406751744,sanpeachykeen
1856724301216665665,Wed Nov 13 15:42:26 +0000 2024,0,kalo jiwa karena pas preklin minat jiwa jadi pas stase ini enjoy enjoy ae meski shock pasien longcase dapetnya pas lagi manic anjrot terus pas ujiannya dia malah ada depresi kampret tapi semua preseptornya dapet yang baik sih :3 gak ada revisi samsek malah,1856724308967776336,,uhatuka,in,,0,0,0,https://x.com/uhatuka/status/1856724308967776336,2339958619,uhatuka
1856724206958080411,Wed Nov 13 15:42:01 +0000 2024,0,plis bang aku depresi banget kamu bikin aku bingung kayak duh anjinggg aku deprresi,1856724206958080411,,,in,🤍,0,1,0,https://x.com/sleepyn4yy/status/1856724206958080411,1585876530021834752,sleepyn4yy
1856723933795680593,Wed Nov 13 15:40:56 +0000 2024,0,ada ga ya orang yang depresi karna laptop rusak,1856723933795680593,,,in,,0,1,0,https://x.com/eyysdaily/status/1856723933795680593,1693672516756307969,eyysdaily
1856723298077544958,Wed Nov 13 15:38:25 +0000 2024,0,depresi,1856723298077544958,,,in,,0,0,1,https://x.com/unimendoan/status/1856723298077544958,1340117239584866304,unimendoan
1856721788866347260,Wed Nov 13 15:38:00 +0000 2024,0,@constellavation smngt syg....,1856723196260893174,,constellavation,in,"unlabeled, legal.",0,1,0,https://x.com/pingksan/status/1856723196260893174,1771932636732346368,pingksan
1856707656121262366,Wed Nov 13 15:37:19 +0000 2024,0,@MrTNerd ak suka flora juga tp dia buat salah yaudh kalau idk yaudah tp dia manusia pasti tau depresi rasa takut dan ak msh dukung member lain contohnya callie aja ak msh dukung walaupun dia kena skandal,1856723023640105156,,MrTNerd,in,,0,1,0,https://x.com/Fiokazz/status/1856723023640105156,1288672703860191232,Fiokazz
1856722260381569072,Wed Nov 13 15:34:17 +0000 2024,0,top 3 hari yg paling seru menurutku: 1. rabu (krn badmin i love badmin krn selalu seruu️) 2. sabtu (krn libyurrr) 3. jumat sore ke malem (krn besoknya libur) minggu sbnrnya seru jg tapi pagi sampe siang kalo udah sore ke malem aku sll depresi krn bsknya senin ,1856722260381569072,,,in,,0,0,0,https://x.com/hollarawra/status/1856722260381569072,1405600580203028481,hollarawra
1856631676358770800,Wed Nov 13 15:32:27 +0000 2024,0,@Baebluenaa Depresi.,1856721795950530662,,Baebluenaa,in,N109 Zone,0,1,0,https://x.com/N109Crow/status/1856721795950530662,1829904704576593920,N109Crow
1856721647941845255,Wed Nov 13 15:31:51 +0000 2024,0,krn ak jg mw ikut anisd...ad yg mw di tag?.....,1856721647941845255,,,in,"unlabeled, legal.",0,12,0,https://x.com/pingksan/status/1856721647941845255,1771932636732346368,pingksan
1856664953060831519,Wed Nov 13 15:30:12 +0000 2024,0,@SankaOikawa Ibu kena gangguan mental Oikawa. Depresi karena ayah dulu kejam jadi masih recovery sampai sekarang. Makasih doanya. Semoga keluarga dan teman-teman kamu gak ada yang jahat ya. Iya soba itu maksudnya mie soba. Kamu suka?,1856721233506873373,,SankaOikawa,in,icb: @hrak_mumi,0,0,0,https://x.com/SankaShoto/status/1856721233506873373,2954084334,SankaShoto
1856720888789713233,Wed Nov 13 15:28:50 +0000 2024,0,fak sumpah ini hopeless banget meninggal ga ya,1856720888789713233,,,in,,0,0,0,https://x.com/sparklespinkie/status/1856720888789713233,1328651617390903300,sparklespinkie
1856711751280279726,Wed Nov 13 15:25:21 +0000 2024,0,@chikalofbatagor Ak yank,1856720010129076544,,chikalofbatagor,in,"unlabeled, legal.",0,0,0,https://x.com/pingksan/status/1856720010129076544,1771932636732346368,pingksan
1856688551221469329,Wed Nov 13 15:24:46 +0000 2024,0,@kimchyummy Gede bgt...infokan judul....,1856719865790521505,,kimchyummy,in,"unlabeled, legal.",0,1,0,https://x.com/pingksan/status/1856719865790521505,1771932636732346368,pingksan
1856719078251241648,Wed Nov 13 15:21:39 +0000 2024,0,depresi tapi hana dul set net dul dul set net set dul set net net dul set net ‍️ https://t.co/zPPHVoK1UK,1856719078251241648,https://pbs.twimg.com/media/GcRkKZDaMAAbQUm.jpg,,in,,0,1,0,https://x.com/debubintanggg/status/1856719078251241648,1207603611976339456,debubintanggg
1856718425575526433,Wed Nov 13 15:19:03 +0000 2024,0,KATA KATA KASAR AJA GA CUKUPP BUAT DESKRIPSIIN BETAPA DEPRESI NYA GW VDUDVSUSHIS ANJIIIINGGGG,1856718425575526433,,,in,𝑡ℎ𝑖𝑦𝑦𝑎♡𝑠𝑎𝑛𝑡𝑎𝑟𝑎,0,0,0,https://x.com/sanpeachykeen/status/1856718425575526433,1205156895406751744,sanpeachykeen
1856717495698333931,Wed Nov 13 15:15:21 +0000 2024,0,Inilah kenapa saya depresi baca novel Rusia ,1856717495698333931,,,in,0341,0,0,0,https://x.com/bogiyuniar/status/1856717495698333931,167774647,bogiyuniar
1856717426739798317,Wed Nov 13 15:15:05 +0000 2024,0,gua depresi bgt bgstt,1856717426739798317,,,in,,1,0,0,https://x.com/jaeminszo/status/1856717426739798317,1233405191182934016,jaeminszo
1856184702409027789,Wed Nov 13 15:14:54 +0000 2024,0,@cookiexchann @merch_fess Iya lagi : Hiks aku mau cari merch Horimiya ToruYuki otp kesayangan,1856717383068700723,,cookiexchann,in, | ☕🎹 | ⭐💧 | 🎈🤖 | ,0,2,0,https://x.com/kudemana/status/1856717383068700723,1262553690293977088,kudemana
1856717256945995881,Wed Nov 13 15:14:24 +0000 2024,0,maslahnya tulisan gue jauh dari unyu dan cutesy genrenya angst dan depresi semua...,1856717256945995881,,,in,she/her,0,1,0,https://x.com/yujinievers/status/1856717256945995881,1110842772624334848,yujinievers
1856679289594564934,Wed Nov 13 15:09:58 +0000 2024,0,@hotrachasauce Jejangan dia meninggoy gegara depresi gegara kelakuan sasaeng,1856716139528868195,,hotrachasauce,in,,0,1,0,https://x.com/hyn_hwng/status/1856716139528868195,1480790411580882945,hyn_hwng
1856707029521609156,Wed Nov 13 15:09:12 +0000 2024,0,@Phillatheria Keadaan yang tidak memunhkinkan itu dimana Di cari bro kebenarannya jangan sampai slh paham lagi dan membuat member depresi kalau kebenarannya terungkap baru kita memihat yabg benar dan juga Keadaan yang tidak memunhkinkan kata2nya ambigu,1856715946939068445,,Phillatheria,in,,0,0,0,https://x.com/Fiokazz/status/1856715946939068445,1288672703860191232,Fiokazz
1856706543796023365,Wed Nov 13 15:07:39 +0000 2024,23,@kacamatahakim Di cari bro kebenarannya jangan sampai slh paham lagi dan membuat member depresi kalau kebenarannya terungkap baru kita memihat yabg benar,1856715555891454172,,kacamatahakim,in,,0,1,0,https://x.com/Fiokazz/status/1856715555891454172,1288672703860191232,Fiokazz
1856715375096070230,Wed Nov 13 15:06:56 +0000 2024,0,Siapapun beliin gue bebek madura rica rica pinggir kali pls gue udah ngiler dari hari minggu sampe si reza mancing mancing mulu tai (soalnya lg ditahap depresi beliin pls),1856715375096070230,,,in,,0,0,0,https://x.com/briefinquery/status/1856715375096070230,1410154474945925120,briefinquery
1856712876989501559,Wed Nov 13 15:05:29 +0000 2024,0,@iteramfs Gk usah kkn nder nanti rame2 bilang yg salah panitnya ngapain ngewajibin tapi lama,1856715012565610598,,iteramfs,in, | ☕🎹 | ⭐💧 | 🎈🤖 | ,0,0,0,https://x.com/kudemana/status/1856715012565610598,1262553690293977088,kudemana
