conversation_id_str,created_at,favorite_count,full_text,id_str,image_url,in_reply_to_screen_name,lang,location,quote_count,reply_count,retweet_count,tweet_url,user_id_str,username
1874238670955569531,Tue Dec 31 23:59:55 +0000 2024,0,@bisayukbisa_ rencana gagal karena hujan,1874244123877925174,,bisayukbisa_,in,jawut (jawa utara),0,1,0,https://x.com/yangoyoo/status/1874244123877925174,1398997877737754631,yangoyoo
1874044417168072883,Tue Dec 31 23:59:36 +0000 2024,1,@nabiylarisfa Jangan kecewa dulu Kak https://t.co/AjLv7tFBgE,1874244041992528337,https://pbs.twimg.com/media/GgKnBP_bYAIH13R.jpg,nabiylarisfa,in,,0,0,0,https://x.com/KitaKawanKakak/status/1874244041992528337,1429458635206234114,KitaKawanKakak
1874128679003185592,Tue Dec 31 23:59:26 +0000 2024,0,@park_sungcheol Aku pun juga ingin bertahan jauh lebih lama kok aku bersyukur udh berada dititik ini. Walau kadang aku ngerasa belum sepenuhnya pulih makasih buat myday dan Day6 aku jadi ngga sendirian lagi hehe.. km juga harus lebih bahagia yaa Rid,1874244001362305425,,park_sungcheol,in,Indonesia,0,0,0,https://x.com/_biyoonim/status/1874244001362305425,1143064675464036353,_biyoonim
1874231109262991461,Tue Dec 31 23:59:20 +0000 2024,0,@selfreminder_id Semangat mencapai tujuan itu ya pasti berat dan lelah tapi jangan sampai menyerah,1874243976158642403,,selfreminder_id,in,,0,0,0,https://x.com/hijratiime/status/1874243976158642403,1968241728,hijratiime
1872993060998824061,Tue Dec 31 23:59:20 +0000 2024,0,@Vrizr Aku pribadi kecewa sih sama eksekusinya makanya pas selesai kayak angin lalu aja tp bener kata Vri masalah kontennya yg berasa crammed; itu emg masalah mecha anime pada umumnya kalo cm dapet 12-13 eps,1874243975525392868,,Vrizr,in,,0,1,0,https://x.com/granblade/status/1874243975525392868,911196855207211011,granblade
1874120135600214050,Tue Dec 31 23:59:11 +0000 2024,0,@fixovn galau sampe ketiduran,1874243937982169123,,fixovn,in,Gempita Kazumi,0,0,0,https://x.com/catcentil/status/1874243937982169123,1863544082204864512,catcentil
1874089121054155174,Tue Dec 31 23:59:08 +0000 2024,0,@unmeemma iya sadar diri ini sangat bersalah,1874243924862366067,,unmeemma,in,,0,1,0,https://x.com/jgnribut_/status/1874243924862366067,1626781844690841600,jgnribut_
1874241564698173823,Tue Dec 31 23:59:02 +0000 2024,0,@EndoghDadar Sedih.. Ga ada inisiatif bawa pulang sampahnya masing2,1874243899671421212,,EndoghDadar,in,jkt - bekasi - semarang - sby,0,1,0,https://x.com/landy__land/status/1874243899671421212,1336192707933261824,landy__land
1871883808636895249,Tue Dec 31 23:58:50 +0000 2024,10,@pinggiran_roti @reposhittory @amusingamused Iya pas ini gua sedih bgt gitu masih ada yg milih,1874243850564448485,,pinggiran_roti,in,,0,1,1,https://x.com/pengenkerjaa/status/1874243850564448485,1617204406558265348,pengenkerjaa
1874131788647588224,Tue Dec 31 23:58:37 +0000 2024,1,@Nindimarina Masya allah sedih banget :(,1874243798295077100,,Nindimarina,in,,0,0,0,https://x.com/pinbae_/status/1874243798295077100,483650969,pinbae_
1874085677639356590,Tue Dec 31 23:58:34 +0000 2024,0,@tanyakanrl Lebih rajin lagi shalat dan menghafal quran jangan cepat menyerah kurangi malasnya haru lebih produktif lagi jangan terlalu banyak makan manis semangat untuk tahun ini semoga lulus dan lanjut selesaikan s1. Aamiin,1874243782314779039,,tanyakanrl,in,,0,0,0,https://x.com/jaemin_na82811/status/1874243782314779039,1835990247764819968,jaemin_na82811
1874243760135238052,Tue Dec 31 23:58:28 +0000 2024,0,ni kalo gw yg ngelamar gw giniin aelah anjir,1874243760135238052,,,in, maba 24,0,0,0,https://x.com/inibelll/status/1874243760135238052,1373960484521570305,inibelll
1872980770299756601,Tue Dec 31 23:58:28 +0000 2024,0,@AbudiAlsagoff jgn ckap gitu...so adakah klu isteri yg xreti/ xpandai masak n mengemas rumah dikategorikn gagal jugak ???? pd masa skrg tekanan hidup tu sama je utk perempuan @ lelaki....,1874243757203427678,,AbudiAlsagoff,in,"Bandar Seremban, Negri Sembila",0,0,0,https://x.com/Harlyza2/status/1874243757203427678,1151103058400518144,Harlyza2
1874167784940462497,Tue Dec 31 23:58:25 +0000 2024,0,@PorosHalangID siap-siap kecewa lagi? damn gua ga kuat ,1874243744763175160,,PorosHalangID,in,,0,0,0,https://x.com/liphaj_/status/1874243744763175160,1606464287186489344,liphaj_
1874242273137045525,Tue Dec 31 23:58:23 +0000 2024,1,@SuhartiniTaurus Happy new year to you too Bude Jangan lelah belagak gila karna kegilaan adalah ramuan penghilang lelah,1874243738652074282,,suhartinitaurus,in,Bumi ALLAH,0,1,0,https://x.com/MaOx_x1wuR/status/1874243738652074282,1745429046790676480,MaOx_x1wuR
1874243720574624147,Tue Dec 31 23:58:19 +0000 2024,6,ngakaknya udah 10+ tahun berjuang memahami wonpil pun younghyun masih struggle soal gift kesukaan wonpil itu apa younghyun orangnya praktis tapi soal nyari hadiah buat wonpil -bisa dibilang ujungnya gagal mulu- doi usahanya gaada ampun awet jadinya interest doi ke wonpil,1874243720574624147,,,in,,0,1,0,https://x.com/xiaoma04/status/1874243720574624147,1460500016674394114,xiaoma04
1874070899168862712,Tue Dec 31 23:58:13 +0000 2024,0,Awal 2025 dimulai dengan gagal lari karena punggung sakit. Ada-ada saja.,1874243694813208643,,stiberojerse,in,Indonesia,0,0,0,https://x.com/stiberojerse/status/1874243694813208643,240149731,stiberojerse
1874243219271409875,Tue Dec 31 23:56:19 +0000 2024,0,wellcomee 2025 di 2024 lalu banyak banget ya plot twist nya? heran dikit.sedih dari banyaknya problem yang aku alami di tahun 2024 paling wuu tapi aku bersyukur kenal sama allin memang aku tau tentang kamu baru ini Bulan Desember.,1874243219271409875,,,in,,0,0,0,https://x.com/dilululuu/status/1874243219271409875,1871957670355423232,dilululuu
1874143377694089299,Tue Dec 31 23:56:17 +0000 2024,0,@jkyukm09 gagal sahur ,1874243209322520680,,jkyukm09,in,🐺🐮🦋‹𝟹,0,1,0,https://x.com/be_happierrr/status/1874243209322520680,721619985349513217,be_happierrr
1874243184978780236,Tue Dec 31 23:56:11 +0000 2024,0,nomor lapor G5225010100050 @pln_123 @infolistrikdjty @erickthohir @KemenBUMN @prabowo @gibran_tweet @OmbudsmanRI137 dan skrg dah 3 jam lebih msh zonk. kalian gagal menerapkan mutu layanan.. BUMN gak ada gunanya..!!,1874243184978780236,,,in,Kendal Jawa Tengah,0,1,0,https://x.com/BenkKendal/status/1874243184978780236,1103101081435856897,BenkKendal
1874238729982009673,Tue Dec 31 23:55:50 +0000 2024,0,@atikamld Jangan pernah menyerah,1874243097120612377,,atikamld,in,,0,0,0,https://x.com/tesrminal/status/1874243097120612377,777654253661945856,tesrminal
1874081321875890270,Tue Dec 31 23:55:48 +0000 2024,0,@hlogwarts woiii gapernah gagal bikin racun lippies,1874243086135788000,,hlogwarts,in,,0,1,0,https://x.com/aellsaa/status/1874243086135788000,1681966113851326464,aellsaa
1874243020809527305,Tue Dec 31 23:55:32 +0000 2024,0,kenapa ya kok kaya sedih gitu,1874243020809527305,,,in,RPS. Homophobic DNI.,0,0,0,https://x.com/scorpionsimp_/status/1874243020809527305,1498174276301574144,scorpionsimp_
1874242982507139435,Tue Dec 31 23:55:23 +0000 2024,8,masalahnya vid2 yg gue save banyak bgt anjir ada puluhan ribu saved vvup aja sampe 2000an vt demon slayer ada 3000 dll.. gw sedih bgt jancok gw gaakan maafin lu selamanya tiktod eek,1874242982507139435,,,in,,0,0,0,https://x.com/cikgukayla/status/1874242982507139435,1763439764605403136,cikgukayla
1874181643193516175,Tue Dec 31 23:55:17 +0000 2024,0,@BabyMoonJin7 @BabyMoonJin7 Halo Kak atas ketidaknyamanannya admin mohon maaf. Terkait permasalahan gagal beli token agar segera teratasi mohon menginformasikan Nomor Meter via DM ya. Admin menunggu konfirmasi lebih lanjut ya. Thanks -Riani,1874242957735583974,,BabyMoonJin7,in,Indonesia,0,0,0,https://x.com/pln_123/status/1874242957735583974,558516132,pln_123
1874170809671098465,Tue Dec 31 23:55:00 +0000 2024,0,@Netizen2510 @suryandika_ @SeputarMadrid @jfelixdiaz Jadinya perjudian siih buat liverpool. Jual Januari bakal kehilangan pemain inti yang mana lagi title race di EL bahkan champion. Satu sisi lagi kalo gagal perpanjang TAA bisa pergi gratis,1874242885312504297,,Netizen2510,in,"Kota Bandung, Jawa Barat",0,2,0,https://x.com/Adiiifir/status/1874242885312504297,1013557306871562240,Adiiifir
1874242830421680399,Tue Dec 31 23:54:47 +0000 2024,0,Awal tahun dah sedih aja aduh dhill bentar lagi osceee,1874242830421680399,,,in,she/her ,0,0,0,https://x.com/_xneophytedhill/status/1874242830421680399,1351467853497597954,_xneophytedhill
1874223090630353240,Tue Dec 31 23:54:40 +0000 2024,0,Apa yang bisa kita pelajari dari ini? 1️⃣ Kesabaran adalah kunci. Tidak semua hal bisa langsung dikuasai tapi dengan bimbingan dan ketekunan hasilnya akan terlihat. 2️⃣ Gagal itu wajar. Sama seperti anak makaka yang jatuh berkali-kali kita juga perlu mencoba terus tanpa takut,1874242800495321309,,nellesta12,in,"Tangerang, Indonesia",0,1,0,https://x.com/nellesta12/status/1874242800495321309,2734530816,nellesta12
1874242798008098894,Tue Dec 31 23:54:39 +0000 2024,333,Kalau pemimpin2 umno gagal kawal sekor babi bernama akmal tu baik korg join pas je la. Noktah.,1874242798008098894,,,in,"Dubai, United Arab Emirates",3,23,74,https://x.com/f4kr0ls00d/status/1874242798008098894,1154598746606280709,f4kr0ls00d
1874242786645729651,Tue Dec 31 23:54:36 +0000 2024,0,YAA ALLAH SEDIH BET!,1874242786645729651,,,in,,0,1,0,https://x.com/SiiGendhis/status/1874242786645729651,1110483376220168192,SiiGendhis
1874238650864853450,Tue Dec 31 23:54:30 +0000 2024,0,@Chndrawhyn secukupnya aja sih ntar kecewa,1874242760246784495,,Chndrawhyn,in,"Tangerang, Banten",0,0,0,https://x.com/rikyyy77/status/1874242760246784495,1556405954425819136,rikyyy77
1874094200515682762,Tue Dec 31 23:54:16 +0000 2024,1,@KimTaegqukiey AKU SEDIH BANGET,1874242700532474282,,KimTaegqukiey,in,🔞 HOMOPHOBIC DNI.,0,1,0,https://x.com/woodyhoon314/status/1874242700532474282,1643551186191286272,woodyhoon314
1874240499453935997,Tue Dec 31 23:54:09 +0000 2024,0,Gue kecewa banget nget nget :),1874242672950755594,,aul1641224,in,,0,0,0,https://x.com/aul1641224/status/1874242672950755594,1769427094990155778,aul1641224
1874110967283671048,Tue Dec 31 23:54:05 +0000 2024,0,@prabowo @KemenkeuRI Jokoei kecewa dana pengganti IKN tidak didapatkan,1874242654994915471,,prabowo,in,,0,0,0,https://x.com/ucoxregar/status/1874242654994915471,804501241594191872,ucoxregar
1874229207984955518,Tue Dec 31 23:53:45 +0000 2024,0,@ceritanetijen Sedih banget liatnyap,1874242570924245007,,ceritanetijen,in,,0,0,0,https://x.com/anakbvngsv/status/1874242570924245007,1285808670752641024,anakbvngsv
1874240499453935997,Tue Dec 31 23:53:44 +0000 2024,0,Dan sejujurnya gue kecewa sama dokter ortopedi yg dulu nangan gue waktu di Indonesia karena kata dokter yg disini ngomong kalau gak di benerin kemungkinan usia 30.n gak bisa jalan jleb banget. sebenernya waktu itu pengen nangis terus menerus tapi di kuatin soalnya pada khawati,1874242568286069025,,aul1641224,in,,0,2,0,https://x.com/aul1641224/status/1874242568286069025,1769427094990155778,aul1641224
1874242557489844284,Tue Dec 31 23:53:43 +0000 2024,2,... walau badan berlumuran darah walau pedang menghunus tajam walau tercabik-cabik oleh keadaan. Laki-laki tidak diciptakan untuk menyerah terkesan kejam memang tapi begitulah konsekuensi menjadi laki-laki. Hadramaut 1 Januari 2025,1874242562682417329,,Penulis__00,in,Indonesia ,0,0,0,https://x.com/Penulis__00/status/1874242562682417329,1804163475373199362,Penulis__00
1874242557489844284,Tue Dec 31 23:53:42 +0000 2024,2,Dear 2025 Jika diluar sana orang lain merayakan keseruan aku malah termenung sendirian berandai-andai jika tahun ini adalah nyawa terakhir untuk berjuang. ...,1874242557489844284,,,in,Indonesia ,0,1,0,https://x.com/Penulis__00/status/1874242557489844284,1804163475373199362,Penulis__00
1874177103400411307,Tue Dec 31 23:53:41 +0000 2024,0,@TiaraYaya188584 @CCccccc2021 @pln_123 Ita setelah payment keliatan jumlah kwh nya jadi double...kalo nau coba kira kira takut gagal beli aja dulu dlm nominal kecil,1874242554226761810,,TiaraYaya188584,in,"Jakarta Timur, DKI Jakarta",0,1,0,https://x.com/keep_believe/status/1874242554226761810,63383634,keep_believe
1874242512937967821,Tue Dec 31 23:53:31 +0000 2024,0,Ya Allah sedih bgtt.. padahal miu udah gede skrg,1874242512937967821,,,in,ˢᵉˡᵉᶜᵗⁱᵛᵉ,0,0,0,https://x.com/calledmesyaa/status/1874242512937967821,1277873797299752960,calledmesyaa
1874227815132127655,Tue Dec 31 23:53:28 +0000 2024,0,@mychasiye bener banget makanya selalu nyiapin bagian kecewa,1874242500111852028,,mychasiye,in,,0,0,0,https://x.com/sexieyt/status/1874242500111852028,522011897,sexieyt
1874242445032206556,Tue Dec 31 23:53:15 +0000 2024,5,kesepian,1874242445032206556,,,in,21+,0,11,0,https://x.com/Daramissu/status/1874242445032206556,1508432905579950087,Daramissu
1874059336328286280,Tue Dec 31 23:53:10 +0000 2024,1,@detikcom Dengar ya Jeung Srie kalian jgn melebihi presiden pula kewenangaannya semua mau dipajaki sampai sekolah tak luput dari pajak bahkan lbh gila lagi kantin sekolah mau di pajak buat bayar gaya hidup kalian. Kalian itu menteri gagal. Paham @KemenkeuRI https://t.co/F97R0gtbeJ,1874242426061418709,,detikcom,in,,0,0,0,https://x.com/aladinmovic2000/status/1874242426061418709,1502704748491075586,aladinmovic2000
1874242421464400064,Tue Dec 31 23:53:09 +0000 2024,1, Kak boleh minta link chanel tele kaka gaaa?? Di profil ga adaa aku udah jarang update di sana jadi biar ga kecewa amat ini kukasih tau duluan https://t.co/qQ8P2BBCnv #tellonym https://t.co/kGw1dw16VE,1874242421464400064,,,in,,0,0,0,https://x.com/pathjeeey/status/1874242421464400064,1638378762759970823,pathjeeey
1874242394327310611,Tue Dec 31 23:53:03 +0000 2024,21, Lagian itu kan hanya respon atas putusan pengadilan yang ga sebanding dengan nilai korupsinya Get well soon. Indonesia cemas 2045 di depan mata.,1874242394327310611,,,in,,0,3,0,https://x.com/vincentrcrd/status/1874242394327310611,253096749,vincentrcrd
1874242359640416758,Tue Dec 31 23:52:54 +0000 2024,0,Coba buat malam tahun baru besok bikin plan bakar-bakaran di rumahmu nder biar ortu ngerasa aman kamu happy Ama bestie kamu. Kalo aku liat tipe ortumu ini kalo malam pergi main mereka cemas,1874242359640416758,,,in,,0,0,0,https://x.com/hyn_hwng/status/1874242359640416758,1480790411580882945,hyn_hwng
1874090644433764588,Tue Dec 31 23:52:53 +0000 2024,0,@beterkukiis Dia menyerah nad menghadapi kerasnya kehidupan ,1874242353340490110,,beterkukiis,in,"West Java, Indonesia",0,1,0,https://x.com/Engkang_engkang/status/1874242353340490110,758011224,Engkang_engkang
1874091830578733071,Tue Dec 31 23:52:49 +0000 2024,0,@carnationade @archesafar si sungho sedih kak baca ini,1874242338916311317,,carnationade,in,,0,0,0,https://x.com/jaemysite/status/1874242338916311317,1851226968475516928,jaemysite
1874242302706933867,Tue Dec 31 23:52:41 +0000 2024,72,aku udah bahagia kok walau kadang kesepian ,1874242302706933867,,,in,,0,77,0,https://x.com/kazkizu/status/1874242302706933867,1757279408514371585,kazkizu
1874242300823691287,Tue Dec 31 23:52:40 +0000 2024,0,semalem hampir aja tangan ini coret pc,1874242300823691287,,,in,she/they · 19,0,0,0,https://x.com/minhongitis/status/1874242300823691287,1697696833236242434,minhongitis
1874242295509508447,Tue Dec 31 23:52:39 +0000 2024,1,Jangan malu malu minta saja sana mantan kekasihmu ayah dari putri cantik.... Solusi.... Sedih terusss semangat,1874242295509508447,,,in,Mars,0,1,0,https://x.com/HermanSporty7/status/1874242295509508447,1827835985368879104,HermanSporty7
1874242271744573531,Tue Dec 31 23:52:33 +0000 2024,0,Hmm awal 2025 udh sedih ajaa,1874242271744573531,,,in,Indonesia,0,0,0,https://x.com/meovvmi/status/1874242271744573531,532958610,meovvmi
1873861569333113170,Tue Dec 31 23:50:20 +0000 2024,1,@angelsandmee @hipohan dia memang pantes di hajar bahkan sampe mati kalo perlu yang lain belum nyebrang eh dia seenak jidat nyebrang sendirian.,1874241712459309083,,angelsandmee,in,,0,0,0,https://x.com/diysarla1551/status/1874241712459309083,1823048122752450560,diysarla1551
1874241706411057301,Tue Dec 31 23:50:19 +0000 2024,0,GOOD MORNING 2025 SEMOGA TAHUN INI LEBIH BAIK YAA WALAUPUN AWALANNYA AJA UDAH SEDIH GINI BANGSAT,1874241706411057301,,,in,"DKI Jakarta, Indonesia",0,0,0,https://x.com/matchaalt_/status/1874241706411057301,1869236547234758657,matchaalt_
1874241705568067654,Tue Dec 31 23:50:18 +0000 2024,1,satu pesan aku buat kamu pid happy terus yaaa..jgn sedih sedih lagi aku tau berat banget ngelewatin semuanya. tapi kamu ga sendiri kamu masih punya org org yg mau ngehargain kehadiran km. i love you pid,1874241705568067654,,,in,,0,0,0,https://x.com/pudingtiramisu/status/1874241705568067654,1683447908375613440,pudingtiramisu
1874072998422225225,Tue Dec 31 23:50:04 +0000 2024,0,@acmilanIN Saya gak tau nih admin nya ini akun lagi ada masalah apa... Seharus nya fokus bahas milan saja tanpa tendensi atau bawa2 inter. Krn fakta nya memang milan saat ini lagi terpuruk... Jauh dibandingkan dengan inter... Seseuatu yg menyedihkan utk club dan rossoneri.,1874241643760832836,,acmilanIN,in,,0,0,0,https://x.com/hosin_engi/status/1874241643760832836,1300049765799870464,hosin_engi
1874157405447348534,Tue Dec 31 23:49:59 +0000 2024,0,@superjumanto7 Tmn² kristen mu itu sakit hati sedih saat mlht org² kristen di persekusi oleh kaum klian hnya sj mreka di ajarkan untuk mngasihi https://t.co/cqXXtdFK9f,1874241622483099863,https://pbs.twimg.com/media/GgKk0OBbYAIhirW.jpg,superjumanto7,in,,0,0,0,https://x.com/grace_sihab21/status/1874241622483099863,1792103223010172928,grace_sihab21
1874110967283671048,Tue Dec 31 23:49:56 +0000 2024,27,@prabowo @KemenkeuRI Silahkan pak.... Terserah saja. Sdh.lelah kami teriak tentang kenaikan pajak ini. Silahkan nikmati EFEK kebijakan bapak. Semoga ALLAH menunjukkan dan membalas semuanya. Kami cm bs berdoa. Semoga selamat pak ,1874241610462224687,,prabowo,in,,0,0,2,https://x.com/Alfa_Bimas/status/1874241610462224687,1726031471205588992,Alfa_Bimas
1874241601121435673,Tue Dec 31 23:49:54 +0000 2024,0,Gagal pengen ngajakin anak nonton Mufasa,1874241601121435673,,,in,,0,1,0,https://x.com/kokoding13/status/1874241601121435673,1788966539821228032,kokoding13
1874240765603532870,Tue Dec 31 23:49:47 +0000 2024,0,@aldmrmli tahun ini juga ga ada yang bagi kalender biasanya aku ga pernah beli sedih️,1874241571585220709,,aldmrmli,in,,0,1,0,https://x.com/ciidera_/status/1874241571585220709,1746011754474463232,ciidera_
1874241551851004129,Tue Dec 31 23:49:42 +0000 2024,1,Mungkin profesor itu yg disebut profesor gagal pak @prabowo. Tapi filosofinya biarkan anjing menggonggong kafilah tetap berlalu. Tetap semangat pak @prabowo bekerja demi kemajuan bangsa Indonesia dan demi kesejahteraan rakyat bangsa ini !,1874241551851004129,,,in,"Bumiayu, Indonesia",0,0,0,https://x.com/sukardiyahya162/status/1874241551851004129,1539724674749579265,sukardiyahya162
1874029536247243124,Tue Dec 31 23:49:34 +0000 2024,0,@CNNIndonesia Kecewa ama loe,1874241517747105877,,CNNIndonesia,in,,0,0,0,https://x.com/CheGueva12345/status/1874241517747105877,1103151712162832384,CheGueva12345
1874077748257579308,Tue Dec 31 23:49:18 +0000 2024,0,@ayatolatte Menyerah sih wkwkwk,1874241452563456234,,ayatolatte,in,World,0,1,0,https://x.com/yaelahyoo__/status/1874241452563456234,1131737472717729792,yaelahyoo__
1874236758784950447,Tue Dec 31 23:49:16 +0000 2024,1,@YangWenliGaming UDEH LELAH HAMBA (tapi tetap berjuang) (ayo survive together myo),1874241443243712542,,YangWenliGaming,in,,0,0,0,https://x.com/Zashache/status/1874241443243712542,134461212,Zashache
1871393113090281863,Tue Dec 31 23:49:12 +0000 2024,0,@ainhyung bener banget justru memandang masa lalu tuh supaya menjadi mawas diri kedepannya. BUKAN MAKIN GALAU #qotd,1874241424600002866,,ainhyung,in,RAN’s Wifey. ,0,1,0,https://x.com/uchipagaeri/status/1874241424600002866,1014876832267677701,uchipagaeri
1874241408246464983,Tue Dec 31 23:49:08 +0000 2024,0,@taspen selamat pagi. Kenapa pas melakakuan otentikasi di aplikasi taspen gagal terus ya? Bisa tolong dibantu? Terima kasih.,1874241408246464983,,taspen,in,,0,0,0,https://x.com/keihisuki/status/1874241408246464983,107664328,keihisuki
1874123354661441649,Tue Dec 31 23:48:53 +0000 2024,0,@kegblgnunfaedh Kantor ga libur juga ? Klo anak libur ortu kerja. Anak jd sendirian dirumh. Malah ga ibadah ,1874241348049805366,,kegblgnunfaedh,in,,0,0,0,https://x.com/genearoha/status/1874241348049805366,1016324521,genearoha
1874241328479134174,Tue Dec 31 23:48:50 +0000 2024,0,abis itu aku ngobrol sm papaku. aku ceritain perasaanku dan dilemaku. trnyata hal yg bikin aku gbisa fokus cakalanq krn aku byk insecure dan membandingkan diri aku dgn org lain. aku jg merasa gagal. dan drpd aku benar gagal mending gausah dilanjutin,1874241335949222278,,cakalanq,in,+62,0,1,0,https://x.com/cakalanq/status/1874241335949222278,1276149542451380229,cakalanq
1874241329238266249,Tue Dec 31 23:48:49 +0000 2024,0,semoga 2025 ini tidak ada kesedihan yang BENERAN SEDIH,1874241329238266249,,,in,dream land,0,0,0,https://x.com/whosthelime/status/1874241329238266249,1304176597709107200,whosthelime
1874104995161002189,Tue Dec 31 23:48:45 +0000 2024,0,@psi_id Mereka sakit hati karena Jokowi sakit jiwakalo merasa tak bersalah kenapa tidak di protest,1874241313031475316,,psi_id,in,,0,0,0,https://x.com/jmelive/status/1874241313031475316,483473604,jmelive
1874017930410942570,Tue Dec 31 23:48:38 +0000 2024,0,@hafizha_anisa semoga 2025 membawa berkah yang baik terutama buat diriku sendiri dan keluarga harapannya all of things i need will come truee aamin plan plan yang gagal di tahun lalu akan kembali ter realisasikan di tahun baru ini lanjut profesi/s2 insyaallah,1874241285856649709,,hafizha_anisa,in,"Malang, Jawa Timur",0,0,0,https://x.com/inicchhaakk/status/1874241285856649709,1219946582730166272,inicchhaakk
1874029624164048959,Tue Dec 31 23:48:36 +0000 2024,0,@AbdulAzis544162 @gagal_hijrah Bagi yg muslim Mudah2an mereka sadar.. next bisa ikut kajian2 majelis ilmu.. dimana pun itu.. ya.. nunggu mereka mau belajar sajalah.. ada waktunya.. entah sadar karena dah berumur.. atau hidayah..,1874241276343968005,,ShopeeDate,in,Indonesia,0,0,0,https://x.com/ShopeeDate/status/1874241276343968005,101900202,ShopeeDate
1874241265606549529,Tue Dec 31 23:48:34 +0000 2024,0,Sedih pulak rasa 2am datang aku takde kat malaysia hm,1874241265606549529,,,in,Malaysia,0,0,0,https://x.com/radishpickle_/status/1874241265606549529,1023113165725265921,radishpickle_
1873941091902472211,Tue Dec 31 23:48:32 +0000 2024,0,@abu_waras @prabowo Artinya eksekutif tidak bisa intervensi yudikatif. Hanya bisa kecewa dan banding lewat kejaksaan,1874241257595400275,,abu_waras,in,,0,0,0,https://x.com/AubreyUsro7816/status/1874241257595400275,1871645173316456448,AubreyUsro7816
1874240374992228493,Tue Dec 31 23:48:30 +0000 2024,0,selisih 25rb coy apa tidak sedih,1874241252142833771,,babycheess,in,.id,0,1,0,https://x.com/babycheess/status/1874241252142833771,572284288,babycheess
1873973227011342547,Tue Dec 31 23:48:22 +0000 2024,0,@tang__kira Banyolan sama nyokap kemaren jangan sampe 2 orang yg berhasil selamat dr maut pas udah sehat jadi korban bully knetz terus BD. Yg anak cowok selamat dr kejadian itaewon aja dibully sampe BD. Kadang heran sama kelakuan knetz sih. Saking stres bgt kali ya hidup mereka jadi jahat ,1874241218299023648,,tang__kira,in,,0,0,0,https://x.com/temantolakangin/status/1874241218299023648,251398528,temantolakangin
1874226643927261689,Tue Dec 31 23:48:22 +0000 2024,0,@mystzical Pokoknya jangan menyerah ya,1874241216197636356,,mystzical,in,,0,0,0,https://x.com/peachviityy/status/1874241216197636356,1703672524050194432,peachviityy
1874241139131433136,Tue Dec 31 23:48:20 +0000 2024,0,Ketiduran ueueue sedih kali wak,1874241208173944983,,aqlhwofyu_,in,,0,0,0,https://x.com/aqlhwofyu_/status/1874241208173944983,1831921791478226944,aqlhwofyu_
1874133509771821512,Tue Dec 31 23:48:09 +0000 2024,0,MAU BGT SIH TBH tp nanti nunggu dpt kerja dlu bjirrr nanti gabisa kerja di bumn gagal jd mbak mbak scbd https://t.co/5Fp8OGVosw,1874241161592005122,https://pbs.twimg.com/media/GgKkZ3KbYAUNjPR.jpg,flowsinner,in,19! she/her ,0,0,0,https://x.com/flowsinner/status/1874241161592005122,1142892572794220544,flowsinner
1874238971821384132,Tue Dec 31 23:47:58 +0000 2024,0,@dhiiblue Aku juga jurr sendirian langsung berasa bgt hampanya. Btw tetehnya mungkin belum datang sabar ya jur,1874241117488898116,,dhiiblue,in,,0,0,0,https://x.com/judgiing/status/1874241117488898116,1780654641275138049,judgiing
1874239232468017294,Tue Dec 31 23:47:41 +0000 2024,0,@makeyourbedwet Asli! Gw ovt karna perekonimiab negara yg makin terpuruk,1874241045309046902,,makeyourbedwet,in,Jakarta Capital Region,0,1,0,https://x.com/keken_1807/status/1874241045309046902,1220874830620135424,keken_1807
1874235379840393718,Tue Dec 31 23:47:41 +0000 2024,0,@ridikaa_ Nggak akan menyerah semudah itu dong,1874241044646420631,,ridikaa_,in,"Jakarta Pusat, DKI Jakarta",0,0,0,https://x.com/oycd_/status/1874241044646420631,1063746957787594752,oycd_
1874240939096723918,Tue Dec 31 23:47:16 +0000 2024,0,sedih banget dulu pas jaman kuliah aja matkul gua banyak membahas soal dampak negatif perkebunan kelapa sawit. daerahnya tuh bener2 jadi gersang bangettt. masa sekelas presiden ga mention dampak2 ini? harusnya sebelum nyeletuk gitu blio mengkaji dulu-,1874240939096723918,,,in,,0,1,0,https://x.com/gitchamatcha_/status/1874240939096723918,1274583615431602177,gitchamatcha_
1873694039805182349,Tue Dec 31 23:47:01 +0000 2024,0,@gagal_hijrah Kalo ada ruang hotel pertama di pake psk psk terus di pake acara ngaji knp jd dihubung hubungkan kalian cm haters pks karena pks lurus.,1874240877708869921,,gagal_hijrah,in,,0,0,0,https://x.com/nduweh075/status/1874240877708869921,460231299,nduweh075
1874240875112652870,Tue Dec 31 23:47:00 +0000 2024,3,Setiap ke jkt selalu keinget bapak keinget my first love jg ... makanya memilih buat lama di perantauan biar apa? Biar ga keinget sedih sedihnya https://t.co/sM2pfXnVft,1874240875112652870,https://pbs.twimg.com/media/GgKkI8Hb0AAkPVR.jpg,,in,🪆💋,0,1,0,https://x.com/MiroslavaShara/status/1874240875112652870,1692522771774111744,MiroslavaShara
1874240874785472637,Tue Dec 31 23:47:00 +0000 2024,0,Di sini LG Sendirian lg https://t.co/bVYjuODX1S,1874240874785472637,https://pbs.twimg.com/media/GgKkI90bUAAR3iQ.jpg,,in,,0,0,0,https://x.com/ArryBenjoss/status/1874240874785472637,1452771866213449732,ArryBenjoss
1874228425759875138,Tue Dec 31 23:46:57 +0000 2024,0,@fckgstar pagi2 dah galau wae,1874240861216845959,,fckgstar,in,Jakarta Capital Region,0,0,0,https://x.com/akibapuk/status/1874240861216845959,1371469446770950148,akibapuk
1874239911542640930,Tue Dec 31 23:43:11 +0000 2024,0,sedih bgt tampilan tiktoknya udh begini https://t.co/DB3vZmmkAy,1874239911542640930,https://pbs.twimg.com/media/GgKjRFbbYAE8BLI.jpg,,in,,0,0,0,https://x.com/azureemoon/status/1874239911542640930,1311659802490146816,azureemoon
1873898471004184598,Tue Dec 31 23:43:05 +0000 2024,0,@marrtirnez Hehehehe tp aku lelah bgt kak,1874239889119817908,,marrtirnez,in,"Jakarta Capital Region, Indone",0,0,0,https://x.com/MelindaAghnia/status/1874239889119817908,958913569780740098,MelindaAghnia
1874239879921754475,Tue Dec 31 23:43:03 +0000 2024,0,ga ada yang namanya gagal kok karena semua manusia tujuannya kan belajar semua belajar otodidak sendiri :-),1874239879921754475,,,in,,0,0,0,https://x.com/bfastbrunch/status/1874239879921754475,1795405156043120641,bfastbrunch
1874239854806262149,Tue Dec 31 23:42:57 +0000 2024,0,Spill bacaan pertama kamu di hari awal 2025. I'll go first: I reread again of Gagal Menjadi Manusia that I gained this book in 2021. Kalo baca buku ini sebisa mungkin jangan lagi keadaan anxiety atau overthinking. Harus wise dan bersih pikiran. https://t.co/UWcNZeSNRM,1874239854806262149,https://pbs.twimg.com/media/GgKjNJ1bYAIj2Bn.jpg,,in,,0,0,0,https://x.com/pecandubaca/status/1874239854806262149,326610676,pecandubaca
1874131788647588224,Tue Dec 31 23:42:54 +0000 2024,1,@Nindimarina Ya Allah sedih banget,1874239842185613723,,Nindimarina,in,,0,0,0,https://x.com/strbide/status/1874239842185613723,3266863724,strbide
1874239837718667335,Tue Dec 31 23:42:53 +0000 2024,0,Dia cuma ketawa2 aja tidak merasa bersalah sama sekali aneh ini orang,1874239837718667335,,,in,"Sawahlunto, Sumatera Barat",0,0,0,https://x.com/gzuryanto/status/1874239837718667335,1166238703544455168,gzuryanto
1874239817053331542,Tue Dec 31 23:42:48 +0000 2024,1,Bahagia itu begitu sederhana begitu kamu jalan sama pacar baru eh tiba-tiba mantan lewat sendirian,1874239817053331542,,,in,"Bandung, Jawa Barat",0,0,0,https://x.com/pecaklele4/status/1874239817053331542,2591154708,pecaklele4
1874239748774256822,Tue Dec 31 23:42:32 +0000 2024,0,stres aku mw TIDOOOOOOOORRRRR.,1874239748774256822,,,in,,0,0,0,https://x.com/vocalistboi/status/1874239748774256822,993841895280291842,vocalistboi
1873849167518589212,Tue Dec 31 23:42:14 +0000 2024,0,@KABAR_CHELSEA Kelelahan minim nya rotasi di lini tengah dan belakang membuat pemain kelelahan. Mulai terlihat sejak tumbang dari Fulham. 2 goal pemain kita hanya jogging tanpa ngotot ingin merebut bola tersebut seakan pasrah dan terjadi gol,1874239675164205324,,KABAR_CHELSEA,in,"Kota Cirebon, Jawa Barat",0,0,0,https://x.com/marcoadithazard/status/1874239675164205324,1095853260970196992,marcoadithazard
1874091559777689770,Tue Dec 31 23:41:48 +0000 2024,0,@0debtmission Karna semalem aku tahun baruannya sendirian (ortu 2 nya udah gk ada+kaka aku sibuk) jdinya aku cuma bisa liat sw&amp;sg temen2 aku lagi bakar2+kumpul sm keluarganya. Jdilah aku nangis dn bikin maag kambuh dan perut kerasa kembung. Jdi aku mau beli es kelapa buat nguras perut hehe....,1874239564531081479,,TrueThisIsMe,in,,0,0,0,https://x.com/TrueThisIsMe/status/1874239564531081479,1271269288666513409,TrueThisIsMe
1874239481177591876,Tue Dec 31 23:41:28 +0000 2024,1,merasa gagal jadi manusia telat buat recap 2024. selamat tanggal 1 rajab dan selamat tahun baru oll,1874239481177591876,,,in,,0,1,1,https://x.com/user9981111/status/1874239481177591876,2149911042,user9981111
1874223745654808756,Tue Dec 31 23:41:25 +0000 2024,0,@casualheaet_ @idextratime Kak ini bisa beli dua kali gak? Tadi saya coba tulisannya transaksi gagal tapi uangnya udah kepotong,1874239468011708790,,casualheaet_,in,,0,1,0,https://x.com/antekeslemon/status/1874239468011708790,1142609440442421248,antekeslemon
1874239460990476350,Tue Dec 31 23:41:24 +0000 2024,0,tapi gue gk nyangka jir akhir tahun agak banyak sedih nya but it's okay karena gue ketemu sama banyak orang hebat dan orang orang baik di tahun ini gue juga gk nyangka bakal temenan sama temen temen yang superrr duper baik hati saling support dan kocag banget gilee,1874239463469277376,,milkyzyy,in,,0,1,0,https://x.com/milkyzyy/status/1874239463469277376,1376378684408426503,milkyzyy
1873729573944279436,Tue Dec 31 23:41:17 +0000 2024,2,@tanyarlfes Aku salah satu yang juga milih untuk nunda revisi nder karena didiagnosa anxiety dan depresi. Duduk depan laptop aja aku udah gemeteran gak tertahan mual pusing dll. Akhirnya aku nambah satu semester untuk revisi tsb dan Alhamdulillah aku bisa sembuh semoga kamu juga ya.,1874239435224866859,,tanyarlfes,in,,0,0,0,https://x.com/SatuHikun/status/1874239435224866859,1608462750774353927,SatuHikun
1874239403620786250,Tue Dec 31 23:41:10 +0000 2024,125,Selamat tahun baru sayang sayang ku yg lain terserah https://t.co/UNsRGqcuyO,1874239403620786250,https://pbs.twimg.com/media/GgKizGDbYAA1I_N.jpg,,in,Jichen's place,0,1,10,https://x.com/itsdekadey_/status/1874239403620786250,1666707953293082624,itsdekadey_
1873907857529483415,Tue Dec 31 23:40:59 +0000 2024,0,@stars6oy Sadar ga bikin lelah denial itu,1874239359966396796,,stars6oy,in,"Jakarta Capital Region, Indone",0,0,0,https://x.com/MelindaAghnia/status/1874239359966396796,958913569780740098,MelindaAghnia
1874239356296458445,Tue Dec 31 23:40:58 +0000 2024,0,Cinta ini tidak mudah tapi aku tak pernah menyerah,1874239356296458445,,,in,,0,0,0,https://x.com/bayipatrik/status/1874239356296458445,3052423888,bayipatrik
1868992178414105082,Tue Dec 31 23:40:47 +0000 2024,0,@KllMTAERAE ASIKLAH KAMU BISA PELUK PACARMU JUGA IAAH KENAPA KAYA SEDIH aku kasih backsound ya.. ulang gwaenchana.. im gwaenchanha (teng teng teng) eh bener banget sih!! gak peduli disayang keberapa sama orang yang penting jadi nomor 1 kalau sama ayang!! ;d,1874239307931934995,,KllMTAERAE,in,RAN’s Wifey. ,0,0,0,https://x.com/uchipagaeri/status/1874239307931934995,1014876832267677701,uchipagaeri
1874239302328345001,Tue Dec 31 23:40:46 +0000 2024,0,2025 gw anti galau,1874239302328345001,,,in,,0,1,0,https://x.com/cpekdud/status/1874239302328345001,894501103810650112,cpekdud
1874238544044318980,Tue Dec 31 23:37:45 +0000 2024,0,krn desember ku full tears aku berharap di januari ini udah ga sedih lagi,1874238544044318980,,,in,,0,0,0,https://x.com/beexzzx/status/1874238544044318980,1139717539825516544,beexzzx
1874238496925507960,Tue Dec 31 23:37:37 +0000 2024,0,kesalahannya jga ngga akan bisa gatau lagi sih kalo mau disantet atau di bunuh udah pasrah... berarti ini tandanya aing harus lebih mendekatkan diri sama Allah siapa tau segala ancaman dia ke aku malah balik ke diri dia sendiri ( amiiiiin ),1874238511702004103,,leopaxtra,in,lapak sambat ,0,0,0,https://x.com/leopaxtra/status/1874238511702004103,1428642050073714694,leopaxtra
1874238481624678640,Tue Dec 31 23:37:30 +0000 2024,0,Kalau kolosal kayanya bakalan selalu berat deh nder mungkin maksudnya costume drama ya yg gendrenya Wuxia atau xianxia Yg endingnya gk sedih canglanjue sih lumayan walau sebelumnya d kasih mewek seember ,1874238481624678640,,,in,Dylan’s♡,0,0,0,https://x.com/dylavendery/status/1874238481624678640,1866345840392200192,dylavendery
1873991808273047743,Tue Dec 31 23:37:29 +0000 2024,6,@Liltotochan Eehh sama lagi aku jg pernah ketipu gara² ikut kerja freelance waktu itu cm screenshot netflix/kasih bintang di shopee dapet komisi tp ujung²nya jg suruh top up waktu itu ketipu 5 juta sedikit tapi kecewa nangis kejer juga dapet dari ig trus masuk grup tele,1874238476817932431,,Liltotochan,in,,0,1,0,https://x.com/safa_andri/status/1874238476817932431,1606621467072163840,safa_andri
1874238406190129498,Tue Dec 31 23:37:12 +0000 2024,0,Emng gausa nongkrong aja dah gua mending sendirian aja cokk.,1874238406190129498,,,in,,0,1,0,https://x.com/brekganteng/status/1874238406190129498,1157753054294245376,brekganteng
1874238382504816683,Tue Dec 31 23:37:06 +0000 2024,0,Bangun tidur ku terus sedih tidak lupa agak depresi,1874238382504816683,,,in,,0,0,0,https://x.com/bubbled0re/status/1874238382504816683,1398915774505357313,bubbled0re
1873922527271293055,Tue Dec 31 23:36:59 +0000 2024,0,@gitanofieka Kak Gitaa musisinya warga subeomville Makasih kak udh mampir di akunkuuu dan udah suka post area makanan ituuu. Semoga kak gita sehat selalu yaa plis next pas ketemu kita ngobrolll (masih sedih pas temu subeom ga sempet nyamperin kak gita ),1874238353140572298,,gitanofieka,in,,0,0,0,https://x.com/meowmiawpaw/status/1874238353140572298,1557940152,meowmiawpaw
1874238307275825316,Tue Dec 31 23:36:48 +0000 2024,19,Sebelum tau soal pengait tali tak terkunci aja aku sudah kuatir setelah tau ya tentu bereaksi marah dan sedih #WangYibo profesional tapi staff hunantv enggak bukan mau mendramatisir tapi ini sudah sangat berbahaya! Semoga ada penjelasan dari hunantv https://t.co/87E7jO6bA8,1874238307275825316,https://pbs.twimg.com/ext_tw_video_thumb/1874238261608275971/pu/img/zzOSVa1I_nXj5BoV.jpg,,in,,0,0,0,https://x.com/NMoniq22/status/1874238307275825316,1539130170699030528,NMoniq22
1874064229935743271,Tue Dec 31 23:36:03 +0000 2024,0,@convomf SAYAA SENDIRIAN DIKAMAR DAN NANGIS KECIL,1874238118691561766,,convomf,in,Neverland,0,0,0,https://x.com/mafucutee/status/1874238118691561766,1524030272,mafucutee
1874029776811549067,Tue Dec 31 23:36:01 +0000 2024,0,@itsowrelwho hah seriusan?? Ya Allahhh sedih campur kesel jadi satu,1874238110298771603,,itsowrelwho,in,,0,0,0,https://x.com/strannyyz/status/1874238110298771603,1547494706535227392,strannyyz
1874238102841286715,Tue Dec 31 23:36:00 +0000 2024,0,ya Allah sedih banget?????? 2025 exo comeback woi semua org dah comeback banggg @. exo,1874238102841286715,,,in,happy life ,0,0,0,https://x.com/akunpalsuwk/status/1874238102841286715,1289864623064154114,akunpalsuwk
1874238076865962057,Tue Dec 31 23:35:53 +0000 2024,0,Setiap tahun baru sedih rasanya,1874238076865962057,,,in,,0,0,0,https://x.com/sisiripris/status/1874238076865962057,1107795080440508417,sisiripris
1874238048902545744,Tue Dec 31 23:35:47 +0000 2024,1,In the new year I started to lose myself Sekuat apapun usaha buat berubah tp ga dianggap yaaa sbg bentuk kecewa aku mengambil langkah baru yg mngkin membuatku menyesal atau membuatmu menyesal,1874238048902545744,,,in,"Kediri, Jawa Timur",0,1,0,https://x.com/ryn_forall/status/1874238048902545744,1656347884537913344,ryn_forall
1874131788647588224,Tue Dec 31 23:35:44 +0000 2024,1,@Nindimarina kebawa sedih banget pagi2 :((,1874238038412591540,,Nindimarina,in,,0,0,0,https://x.com/sojoyus/status/1874238038412591540,1325019723520598017,sojoyus
1872117693786247618,Tue Dec 31 23:35:42 +0000 2024,0,@N_IntanJKT48 D7 kupu-kupu Andai cinta setangkai bunga Takkan buat kau layu dan kecewa Kan ku jaga binar hatinya #DengerINTAN https://t.co/VIWMdTJrXo,1874238030258880689,https://pbs.twimg.com/media/GgKhjlPakAAT_Z5.jpg,rizkiepsa,in,cintaku,0,1,0,https://x.com/rizkiepsa/status/1874238030258880689,1278847357174468608,rizkiepsa
1874237937766064357,Tue Dec 31 23:35:20 +0000 2024,0,gue gasuka wot yg endingnya begini njir sedih:(,1874237937766064357,,,in, she/her,0,0,0,https://x.com/sandwicss/status/1874237937766064357,1154391275749036032,sandwicss
1874237862520250844,Tue Dec 31 23:35:02 +0000 2024,0,halahh jadian kan lo tapu klo gajadian gua yg sedih sih,1874237862520250844,,,in,,0,0,0,https://x.com/annamemay/status/1874237862520250844,1715342977995071488,annamemay
1874213101689790500,Tue Dec 31 23:34:59 +0000 2024,0,@Frederett_ Maksudnya biar ada yg bisa ngebantuin bikin mod fnf ny tapi karena formnya ditutup jadi kecewa berat soalny kalo dikirim lewat formnya pasti ada yg mau bantu bikin tapi ysdhlah karena telah berlalu kujadikan sebagai [SCRAPPED CONTENT] jadi kgk niat bikin,1874237848519663981,,Frederett_,in,,0,0,0,https://x.com/Mr_FX866/status/1874237848519663981,1743681881730908160,Mr_FX866
1874220476287115486,Tue Dec 31 23:34:53 +0000 2024,1,@nasiiiudukkkkk baru pulang ini saya pak jalan-jalan tanpa tujuan semalem sendirian,1874237821864861873,,nasiiiudukkkkk,in,OPEN BO TANPA DP 🏳️‍⚧️,0,1,0,https://x.com/_urprincess__/status/1874237821864861873,1709152184871608320,_urprincess__
1874237763333300671,Tue Dec 31 23:34:39 +0000 2024,104,Jika kamu lelah istirahatlah bukan menyerah. Bahkan mesin pun butuh waktu untuk kembali bekerja dengan baik dan tubuhmu juga butuh jeda untuk kembali lebih kuat.,1874237763333300671,,,in,,0,111,0,https://x.com/atikamld/status/1874237763333300671,1830932620525608965,atikamld
1874237743787884804,Tue Dec 31 23:34:38 +0000 2024,1,5. Mencegah Depresi Efek menenangkan dari berdoa ternyata mirip seperti saat seseorang melakukan yoga dan meditasi. Hati yang tenang tentunya berkorelasi dengan tingkat depresi yang lebih rendah,1874237761705922875,,All_clear5,in,,0,1,0,https://x.com/All_clear5/status/1874237761705922875,4242264560,All_clear5
1874237743787884804,Tue Dec 31 23:34:36 +0000 2024,0,2. Mengatasi Kesepian Kesiapan dan merasa sendiri terlalu lama dapat membuat seseorang mengalami depresi. Saat berdoa tidak akan ada batasan komunikasi antara kamu dan Tuhan. Ini bisa menjadi metode yang efektif untuk mengusir rasa kesepian terlebih untuk orang-orang yang,1874237752713286139,,All_clear5,in,,0,1,0,https://x.com/All_clear5/status/1874237752713286139,4242264560,All_clear5
1874237743787884804,Tue Dec 31 23:34:35 +0000 2024,1,1. Menenangkan Perasaan gelisah bisa menjadi pertanda awal masalah kesehatan mental. Doa bisa seperti mantra yang memberikan ketenangan dan menurunkan kegelisahan kamu. Saat berdoa seseorang seakan-akan masuk ke dalam sebuah gelembung yang tidak bisa diganggu orang lain,1874237749647319357,,All_clear5,in,,0,1,0,https://x.com/All_clear5/status/1874237749647319357,4242264560,All_clear5
1874237628436132181,Tue Dec 31 23:34:06 +0000 2024,0,sunrise day 1 of 2025 moga jd thn yg cerah ga ada lg cerita sedih tlg kerjasamanya ya make a happy year https://t.co/jYWlBERAqY,1874237628436132181,https://pbs.twimg.com/media/GgKhMK8bYAEZlUa.jpg,,in,,0,1,0,https://x.com/ramazzh/status/1874237628436132181,1166291096759963648,ramazzh
1873973877900271912,Tue Dec 31 23:34:06 +0000 2024,1,@WAHYU_UNIFORM @mohmahfudmd tul 100 salah satu dapat 9 poll...!!! pak pak Negara ini hancur karna penegak hukumx sllu makan uang haram juga iya kan??? sedih .,1874237627907571964,,WAHYU_UNIFORM,in,,0,0,0,https://x.com/ngurah_1766133/status/1874237627907571964,1724969216036773888,ngurah_1766133
1874237563302797788,Tue Dec 31 23:33:51 +0000 2024,0,Engga tau ahh sedih banget sbenernya tapi yaa gimana lagii semoga treasure makin sukses tahun ini,1874237563302797788,,,in,,0,0,0,https://x.com/oneuldo7chill/status/1874237563302797788,1455394670578528261,oneuldo7chill
1873888291751420025,Tue Dec 31 23:33:48 +0000 2024,1,@YNWAx1892 di tahun 2025 adalah awal yang baru. Semoga aku terus belajar dari masa lalu berani melangkah menuju masa depan dan tidak menyerah meski jalan terasa berat. Aku ingin lebih mencintai diriku sendiri bersyukur atas setiap hal kecil dan menjadi versi terbaik dari diriku. Semoga,1874237549302182243,,YNWAx1892,in,,0,1,0,https://x.com/winchan0616/status/1874237549302182243,1846769801882226688,winchan0616
1874000058288386155,Tue Dec 31 23:33:43 +0000 2024,36,@Skyblue_andsea @convomf di X kaya2 tapi pada kesepian money cant avoid loneliness,1874237529425412379,,Skyblue_andsea,in,,1,2,2,https://x.com/NoeNoeNeon/status/1874237529425412379,1664977976742772736,NoeNoeNeon
1873909527394857166,Tue Dec 31 23:33:42 +0000 2024,0,@tanyarlfes aku juga galau anjir antara a55 apa iphone 13 rencanaya mau belii,1874237524140519825,,tanyarlfes,in,"Bandar Lampung, Lampung",0,0,0,https://x.com/wtrmelonz14_/status/1874237524140519825,1682642678918545408,wtrmelonz14_
1874237507694714922,Tue Dec 31 23:33:38 +0000 2024,103,9. Berjemur untuk Menurunkan Risiko Depresi Salah satu manfaat penting dari berjemur adalah kemampuannya dalam menurunkan gejala depresi. Paparan sinar matahari merangsang produksi serotonin neurotransmiter yang memiliki peran besar dalam pengaturan suasana hati. Kadar https://t.co/ERfWsTDjS0,1874237507694714922,https://pbs.twimg.com/amplify_video_thumb/1874237411997429760/img/9yJIfRWcsWirEtmt.jpg,,in,"Kota Tangerang, Banten",0,116,0,https://x.com/whatwecantalk/status/1874237507694714922,1668636368107606017,whatwecantalk
1873407466748440992,Tue Dec 31 23:33:30 +0000 2024,0,@rizkiya_wardah @kegblgnunfaedh Maksudnya drpd hidup sakit2an terus menderita banget yg ngurus dan lihat sangat prihatin keluarga tidak bisa aktifitas. Itulah namanya sedih ( org yg dicintai mati sabar ( ujian ) bahagia ( senang penderitaan di dunia berakhir). Jika kaya warisan....,1874237476283502664,,rizkiya_wardah,in,,0,0,0,https://x.com/HoutenMeneer/status/1874237476283502664,1603550969173749760,HoutenMeneer
1874019375948456480,Tue Dec 31 23:33:30 +0000 2024,0,@evellyntifany_ gapapa kk gagal hal yang wajar. kita harus cobaaa lagi aja,1874237474312225159,,evellyntifany_,in,Indonesia,0,0,0,https://x.com/jiakhahahaaa/status/1874237474312225159,1753433987895435264,jiakhahahaaa
1874213101689790500,Tue Dec 31 23:33:29 +0000 2024,0,@Frederett_ Iy kak sama sama lagian sebenernya dh jadi dari kemarin jadi ini cuma repost tadi ny sih kalo form ny belum ditutup mau ngasih content stuff art tapi karena form ny dh ditutup sedih sih sampe nangis kemarin pdhl sebenernya aku pengen bikin mod fnf buat kakak,1874237470482849919,,Frederett_,in,,0,0,0,https://x.com/Mr_FX866/status/1874237470482849919,1743681881730908160,Mr_FX866
1874237460412326222,Tue Dec 31 23:33:26 +0000 2024,0,dahlah pasrah,1874237460412326222,,,in,,0,0,0,https://x.com/euforiapromise/status/1874237460412326222,1411847667924176903,euforiapromise
1874237444104888617,Tue Dec 31 23:33:22 +0000 2024,0,aku selalu gak ikut puasa hari pertama buoan rajab...sedih banget,1874237444104888617,,,in,,0,1,0,https://x.com/liyoughuty/status/1874237444104888617,1795631742415699970,liyoughuty
1874237380129145157,Tue Dec 31 23:33:07 +0000 2024,0,Shia! Niat gw mau tenang baca au lahhh mama n adek gw udh bangun gagal anjir! Ntar malam aja deh baca au nya,1874237380129145157,,,in,,0,0,0,https://x.com/vylcia/status/1874237380129145157,1737010431343091713,vylcia
1874178272524984520,Tue Dec 31 23:33:04 +0000 2024,0,@ristrettooooo_ Bukan era galau juga,1874237364719280149,,ristrettooooo_,in,Lokasi yang beroksigen,0,0,0,https://x.com/rejekianakbaik/status/1874237364719280149,1315198460946120704,rejekianakbaik
1874237346616594489,Tue Dec 31 23:32:59 +0000 2024,0,sedih bgt monyet,1874237346616594489,,,in,,0,0,0,https://x.com/inarizaniki/status/1874237346616594489,987660674456207360,inarizaniki
1874237343579988131,Tue Dec 31 23:32:59 +0000 2024,2,awal taun ini kenapa bawaan nya malah galau ya:(,1874237343579988131,,,in,,0,1,0,https://x.com/bloomizgurl/status/1874237343579988131,1251729280603570178,bloomizgurl
1874237316488978490,Tue Dec 31 23:32:52 +0000 2024,0,Ngerasa selalu sedih liat dia,1874237316488978490,,,in,Yogyakarta,0,0,0,https://x.com/mansalmann/status/1874237316488978490,1181227479119220736,mansalmann
1874237309241221486,Tue Dec 31 23:32:50 +0000 2024,1,apakah tahun baru tapi ngerasa hampa termasuk pendewasaan?,1874237309241221486,,,in,"Kota Bandung, Jawa Barat",0,0,0,https://x.com/bettercallnawaw/status/1874237309241221486,1711808870866452483,bettercallnawaw
1874237233672446105,Tue Dec 31 23:32:32 +0000 2024,0,Meskipun lagi nggak ada energi I still want to say terima kasih for existing Taerae Gunwook ZB1. Thank you for being with me (again) di tahun 2024 kemarin. The fact that I met all of you last year juga bikin aku SEDIH SEKALI HELLO. Kangen konser kangen jebewon.,1874237233672446105,,,in,"Abil: RPS, 22↑ (rentry byf!) ",0,0,0,https://x.com/t4er43/status/1874237233672446105,1743970841703133184,t4er43
1874237201711849851,Tue Dec 31 23:32:25 +0000 2024,0,gagal malem tahun barunan soale udann huhh takpee tidur lebih nikmat,1874237201711849851,,,in,Canada,0,0,0,https://x.com/estehangtzz/status/1874237201711849851,1568542767042932736,estehangtzz
1874237194271154209,Tue Dec 31 23:32:23 +0000 2024,150,8. Olahraga Beban sebagai Sarana Mengatasi Kecemasan Olahraga beban dapat menjadi cara efektif untuk mengurangi kecemasan dan stres. Ketika seseorang melakukan latihan beban tubuhnya akan melepaskan endorfin hormon yang dikenal sebagai hormon kebahagiaan. Endorfin berfungsi https://t.co/HVVeX524cj,1874237194271154209,https://pbs.twimg.com/amplify_video_thumb/1874237086750171137/img/qEkxWjEJdZdOPNT9.jpg,,in,"Kota Tangerang, Banten",0,163,0,https://x.com/whatwecantalk/status/1874237194271154209,1668636368107606017,whatwecantalk
1874237099429568913,Tue Dec 31 23:32:00 +0000 2024,0, semangat yg lagi sedih juga semangat satu hal yg terus aku ingat kl lagi ga baik baik ajaa.,1874237099429568913,,,in,,0,0,0,https://x.com/imyoursbyb/status/1874237099429568913,1791126138506641408,imyoursbyb
1874237089308696829,Tue Dec 31 23:31:58 +0000 2024,0,udah dibilang jangan terlalu excited di awal kan jadi kecewa ,1874237089308696829,,,in,,0,0,0,https://x.com/lalalahappyhhh/status/1874237089308696829,1343210312581881858,lalalahappyhhh
1874237088352395514,Tue Dec 31 23:31:58 +0000 2024,1,Proses deposit cepat Proses WD cepat Min deposit 10k RTP update setiap harinya Min bet RP.400 rupiah Bonus new member 100% Bonus gagal gacor 100% Masih banyak lagi guysss Buruan join MEKAR99 sekarang! #maxwinstarlightprincess #slotdana #trikslotstarlightprincess https://t.co/pvHwu3KLEV,1874237088352395514,https://pbs.twimg.com/ext_tw_video_thumb/1874237020626968577/pu/img/ItaOjQjT4Ci8e6EX.jpg,,in,,0,0,0,https://x.com/viviannnn99/status/1874237088352395514,1846363729337913344,viviannnn99
1874222290940068065,Tue Dec 31 23:31:56 +0000 2024,0,@vasbunva Mending sendirian deh,1874237079984779754,,vasbunva,in,,0,0,0,https://x.com/Nindimarina/status/1874237079984779754,2258137478,Nindimarina
1874237036124922112,Tue Dec 31 23:31:45 +0000 2024,0,ish gila padahal baru awal,1874237036124922112,,,in, maba 24,0,0,0,https://x.com/inibelll/status/1874237036124922112,1373960484521570305,inibelll
1874237017917477077,Tue Dec 31 23:31:41 +0000 2024,0,pagi2 Masi galau yaallah,1874237017917477077,,,in,seokjinnies,0,0,0,https://x.com/jinzlhh/status/1874237017917477077,1363870563496726530,jinzlhh
1874130824733614131,Tue Dec 31 23:31:24 +0000 2024,0,@cyannowaltz 24-25 feb aku masih maju mundur mau nonton soalnya sendirian ,1874236949072130505,,cyannowaltz,in,neptunus,0,1,0,https://x.com/sikochengorens/status/1874236949072130505,347771994,sikochengorens
1874225628624674978,Tue Dec 31 23:27:44 +0000 2024,0,@guanlill aaaa benr banget nih cak munk,1874236022349070736,,guanlill,in,"DKI Jakarta, Indonesia",0,0,0,https://x.com/galauvibes__/status/1874236022349070736,4900294679,galauvibes__
1873716660835872906,Tue Dec 31 23:27:38 +0000 2024,0,@selokanmampet Mau banget cuma pasti di TKP w sendirian nanti wkwkwkwk,1874236000899375443,,selokanmampet,in,,0,0,0,https://x.com/gembilihi/status/1874236000899375443,43307537,gembilihi
1874235967739252830,Tue Dec 31 23:27:30 +0000 2024,2,marah dan benci karena 3 cuitan yang aku ketik di akun twt ini tp dia ga baca ada banyak twt yang aku post tentang seberapa aku kangen dia seberapa aku berusaha buat ngelupain dia seberapa aku marah karena aku sekarang sendirian. kenapa fokusnya ke part buruknya aja?,1874235967739252830,,,in,Statistics Unair’20,0,0,0,https://x.com/akhirjuniii/status/1874235967739252830,1131199562368970753,akhirjuniii
1874163259022139397,Tue Dec 31 23:27:30 +0000 2024,0,@bukanorgindo Koq bisa sendirian?,1874235965700768172,,bukanorgindo,in,,0,0,0,https://x.com/Fachri10969/status/1874235965700768172,1241226154901532672,Fachri10969
1853733850213724490,Tue Dec 31 23:27:10 +0000 2024,0,Finish! Aku gak tau harus kaget atau sedih sama endingnya https://t.co/rAGzc05tWU,1874235880162087053,https://pbs.twimg.com/media/GgKfmMkbYAIZY6A.jpg,lilplutoproject,in,,0,0,0,https://x.com/lilplutoproject/status/1874235880162087053,1673224179594952704,lilplutoproject
1874219394601279892,Tue Dec 31 23:27:03 +0000 2024,0,@achaesthetic setiap orang boleh bangga dong,1874235851842216278,,achaesthetic,in,"DKI Jakarta, Indonesia",0,0,0,https://x.com/galauvibes__/status/1874235851842216278,4900294679,galauvibes__
1874235835748671966,Tue Dec 31 23:26:59 +0000 2024,0,Wajar gak ya ges gw marah &amp; kecewa banget kalau cowok yang sekarang ternyata deketin gw karena coba coba sempet chatingan juga sama cewek lain pernah ke club pas sama gw dan check in sama temen temen nya walaupun dia bilang gak hs sedih banget banyak bohongnya &amp; gw gak tau,1874235835748671966,,,in,,0,0,0,https://x.com/kiwicaa_/status/1874235835748671966,1649983546420006912,kiwicaa_
1874029624164048959,Tue Dec 31 23:26:42 +0000 2024,0,@fannanarch @gagal_hijrah Islam bukan berasal dari perbuatan orang arab. Tapi dari dalil Al quran dan sunnah nabi. Nabi diutus ke tanah arab karena segala kerusakan ada di budaya arab hingga hari ini.,1874235762428043721,,fannanarch,in,,0,0,0,https://x.com/fififefu/status/1874235762428043721,1812413622251048960,fififefu
1873935600304480416,Tue Dec 31 23:26:06 +0000 2024,0,@atikamld jangan sampai menyerah sih harus terus berusaha,1874235615350522119,,atikamld,in,Indonesia,0,0,0,https://x.com/jiakhahahaaa/status/1874235615350522119,1753433987895435264,jiakhahahaaa
1874222216906498252,Tue Dec 31 23:25:58 +0000 2024,0,@vasbunva ya siapa sih ga kecewa,1874235581670318201,,vasbunva,in,,0,0,0,https://x.com/POSESlF/status/1874235581670318201,6573972,POSESlF
1874155359235170774,Tue Dec 31 23:25:27 +0000 2024,0,@zarxcc aaaa terimakaasiih aku pun begituuuu akuu ga ngerasain kesepian di tahun laluu karena adaaa kamuuuuu dan teman teman lainnya yang selaluu baiikkkk . terimakasiih jugaa ya zaraa ️ semogaaa kamu di tahun ini dipenuhi sama kebahagian yaaa love u zaraa ️,1874235449931424217,,zarxcc,in,,0,1,0,https://x.com/dhitulll/status/1874235449931424217,1328965690506743816,dhitulll
1873991808273047743,Tue Dec 31 23:25:20 +0000 2024,0,@Liltotochan Kak sama aku juga kena 10 juta padahal itu juga buat dana pendidikan :'. Sedih bgt kalau keinget itu terus tpi mau gimana lagi akunya juga yang lalai :'( aku skrg cuma bisa ngiklasin (masih proses sih) dan yakin bahwa akan ada ganti yang lebih dan lebih lagi.,1874235420139282617,,Liltotochan,in,,0,0,0,https://x.com/Suka_biruu/status/1874235420139282617,1688928641881968641,Suka_biruu
1874235393614471403,Tue Dec 31 23:25:14 +0000 2024,0,Kusadari menyerah bukan berarti kalah.,1874235393614471403,,,in,,0,0,0,https://x.com/bayipatrik/status/1874235393614471403,3052423888,bayipatrik
1874235379840393718,Tue Dec 31 23:25:10 +0000 2024,86,Ingat yaaa jangan mudah menyerah terhadap hal-hal yang sedang kamu usahakan untuk terwujud!,1874235379840393718,,,in,"DKI Jakarta, Indonesia",0,89,1,https://x.com/ridikaa_/status/1874235379840393718,2954536411,ridikaa_
1874235334130851930,Tue Dec 31 23:24:59 +0000 2024,0,Hati ini lelah tapi tak pernah menyerah mencintai,1874235334130851930,,,in,,0,0,0,https://x.com/bayipatrik/status/1874235334130851930,3052423888,bayipatrik
1874235263494537468,Tue Dec 31 23:24:43 +0000 2024,0,ini mau top up shopepay kenapa gagal terus ya @bankbtn,1874235263494537468,,,in,,0,3,0,https://x.com/jaeeemwin/status/1874235263494537468,1472213094608695303,jaeeemwin
1874235259585519776,Tue Dec 31 23:24:42 +0000 2024,0,Sedih banget Ya Allah Lusikuu️‍,1874235259585519776,,,in,Monaco,0,0,0,https://x.com/leegavon/status/1874235259585519776,806893497718489089,leegavon
1873913826695143492,Tue Dec 31 23:24:30 +0000 2024,0,@kntung_ Walau sakit dan lelah ayo gas,1874235212693119369,,kntung_,in,"Jakarta Capital Region, Indone",0,0,0,https://x.com/MelindaAghnia/status/1874235212693119369,958913569780740098,MelindaAghnia
1873918596747059304,Tue Dec 31 23:24:06 +0000 2024,0,@ybas25 Ini yg jd sumber depresi dan sakit,1874235110045966618,,ybas25,in,"Jakarta Capital Region, Indone",0,0,0,https://x.com/MelindaAghnia/status/1874235110045966618,958913569780740098,MelindaAghnia
1874235023253282915,Tue Dec 31 23:23:45 +0000 2024,0,Semalam doa sama Tuhan Yesus ternyata langsung dijawab dong hehehe Agak capek sih yah excited sendirian,1874235023253282915,,,in,PNK,0,0,0,https://x.com/YufitadrElwardi/status/1874235023253282915,1443872094794575874,YufitadrElwardi
1874146817405059573,Tue Dec 31 23:23:44 +0000 2024,0,@racheltjhia sendirian banget???,1874235016169013448,,racheltjhia,in,,0,0,0,https://x.com/Marquisee_/status/1874235016169013448,3265599337,Marquisee_
1874234930970161367,Tue Dec 31 23:23:23 +0000 2024,0,GAK JADI GUYS maaf ralat kmrn ngetik begini krn lagi #sedih aja ternyata setelah dipikir2 dengan seksama 2024 HEPI BUANGET,1874234930970161367,,,in,,0,1,0,https://x.com/bloemcy/status/1874234930970161367,1368170467333468167,bloemcy
1874234524105847125,Tue Dec 31 23:23:19 +0000 2024,0,@mw0yamwoya Di aku gagal mulu pembayaranny,1874234914897616947,,mw0yamwoya,in,,0,0,0,https://x.com/sakppl/status/1874234914897616947,1760227536070680576,sakppl
1874232872166711736,Tue Dec 31 23:23:18 +0000 2024,0,Berjuang... akan ku atasi mood swing ku sendirian.. gak boleh jadi manja,1874234910195818532,,andrianaa66,in,"Sidoarjo, Indonesia",0,0,0,https://x.com/andrianaa66/status/1874234910195818532,1829254806013452288,andrianaa66
1874234878054850682,Tue Dec 31 23:23:11 +0000 2024,10,Bisa2nya jual cerita sedih di Twitter. Dalih gak punya duit untuk nebus obat tapi akunnya centang biru. Bener2 harus hati2 banget engage sama sebuah tweet di era post-truth,1874234878054850682,,,in,Belakang Situs Tragedi Bintaro,0,3,2,https://x.com/cicitnyanobita/status/1874234878054850682,2266903087,cicitnyanobita
1874234856567357658,Tue Dec 31 23:23:06 +0000 2024,0,TUB ELAHH GUE LAGI BACA JADI SEDIH LAGI KARENA GABISA LOGIN,1874234856567357658,,,in,,0,0,0,https://x.com/juzngeun/status/1874234856567357658,2923142329,juzngeun
1873645746739970150,Tue Dec 31 23:23:00 +0000 2024,0,@urmoonlite @jancooeek penonton kecewa berat,1874234831879762085,,urmoonlite,in,,0,0,0,https://x.com/KingZulin/status/1874234831879762085,1315999086995099648,KingZulin
1874029624164048959,Tue Dec 31 23:22:51 +0000 2024,2,@EdwardK740674 @gagal_hijrah Islam bukan agama arab. Apa yg dilakukan orang arab bukan otomatis sesuai islam.,1874234795078934748,,EdwardK740674,in,,0,1,0,https://x.com/fififefu/status/1874234795078934748,1812413622251048960,fififefu
1874223745654808756,Tue Dec 31 23:22:29 +0000 2024,0,@idextratime Bca &amp; jenius jg gagal Kayaknya lg maintenance Errornya Total KWH melebihi batas ,1874234703294980178,,callme_justinn,in,plat AB,0,1,0,https://x.com/callme_justinn/status/1874234703294980178,1007318732752875520,callme_justinn
1874234695598432656,Tue Dec 31 23:22:27 +0000 2024,0,habis baca ini lgsg hampa anjir kayak kehilangan partner yg udh klop bgt https://t.co/EgUNqkCQiQ,1874234695598432656,https://pbs.twimg.com/media/GgKehf4bYAI5qET.jpg,,in,,0,0,0,https://x.com/crepuiscule/status/1874234695598432656,1586875382262681600,crepuiscule
1874234686945583553,Tue Dec 31 23:22:25 +0000 2024,1,Dani Olmo Tinggalkan Camp Nou Barcelona Gagal Dapatkan Solusi https://t.co/gMODBmhFiD,1874234686945583553,,,in,Padang,0,0,0,https://x.com/CelahSumbar/status/1874234686945583553,1655524487646048256,CelahSumbar
1874232625646494024,Tue Dec 31 23:21:33 +0000 2024,0,@refleksipikiran Menjadi kuat sendirian,1874234466748748005,,refleksipikiran,in,"Bali, Indonesia",0,0,0,https://x.com/elynedanica/status/1874234466748748005,454040802,elynedanica
1874234409513345410,Tue Dec 31 23:21:19 +0000 2024,2,Kecewa banget mau co novel surat jenaka HC yang udah ku booked ternyata udah di co sama orang lain Dan itu ternyata udah di co dari bulan lalu pas aku cek toko sellernya dan ada penilaian dari yang co nya ,1874234409513345410,,,in,,1,3,0,https://x.com/SaharaYulianti/status/1874234409513345410,1576097953558974464,SaharaYulianti
1874234331931328994,Tue Dec 31 23:21:00 +0000 2024,0,Sedih,1874234331931328994,,,in,"Bury Saint Edmunds, England",0,0,0,https://x.com/metamorfosalt/status/1874234331931328994,934844236771467265,metamorfosalt
1874131788647588224,Tue Dec 31 23:21:00 +0000 2024,1,@Nindimarina Sedih bangt liatnya,1874234330144530458,,Nindimarina,in,"Bali, Indonesia",0,0,0,https://x.com/elynedanica/status/1874234330144530458,454040802,elynedanica
1874234304768950708,Tue Dec 31 23:20:59 +0000 2024,2,syukur deh gue beneran sedih kalo dia sakit nangis. apalagi nangis gegara gue pernah sih sekali. gue merasa bersalah bgt soalnya havian bukan pasangan yg tipe nyebelin. jd kalo havian nangis tau lah salah siapa? betul. salah gue. yaudah segitu dulu deh dedek havi mau bobo.,1874234325279097176,,icecoffeei50061,in,,0,0,0,https://x.com/icecoffeei50061/status/1874234325279097176,1670792606773551106,icecoffeei50061
1874029624164048959,Tue Dec 31 23:20:57 +0000 2024,2,@gagal_hijrah Benar... Umat Islam HARAM ikut Merayakan Tahun Baru.,1874234317851025503,,gagal_hijrah,in,"Sekupang, Indonesia",0,1,0,https://x.com/AbdulAzis544162/status/1874234317851025503,1684093760093958144,AbdulAzis544162
1874234304768950708,Tue Dec 31 23:20:57 +0000 2024,2, kenapa cantik? gue lanjut siapin obat buat doi. kakak sayang aku ga? ehem. pertanyaan yg minimal keluar seminggu sekali. sayanggggg banget banget. jangan sakit ya? aku sedih. gue ngelus surai dia yg panjang nan tebal itu. ntah kenapa air mata suami gue turun.,1874234316223635963,,icecoffeei50061,in,,0,1,0,https://x.com/icecoffeei50061/status/1874234316223635963,1670792606773551106,icecoffeei50061
1874029624164048959,Tue Dec 31 23:20:42 +0000 2024,1,@ManggisBiring @gagal_hijrah Agama itu harus masuk secara kaffah bukan resto padang ambil yg kamu suka,1874234253795594594,,ManggisBiring,in,,0,2,0,https://x.com/fififefu/status/1874234253795594594,1812413622251048960,fififefu
1874234192982319526,Tue Dec 31 23:20:27 +0000 2024,0,Sedih banget sumpah,1874234192982319526,,,in,,0,0,0,https://x.com/sunnyreii0_0/status/1874234192982319526,1736760644781895680,sunnyreii0_0
1874011145344082280,Tue Dec 31 23:20:06 +0000 2024,0,@crawbling Itu emang mukanya sedih mulu gitu ya,1874234105224978671,,crawbling,in,,0,0,0,https://x.com/zuk_zak13/status/1874234105224978671,1832812594325082113,zuk_zak13
1873975950188437571,Tue Dec 31 23:20:02 +0000 2024,0,@tirta_cipeng Setelah gagal UCL 2011 sebetulnya udh keliatan nurun SAF resign d momen yg pas sebelum MU tenggelem Mou sempet bikin ada harapan tp ganti lg &amp; kelelep lagi,1874234086199627875,,tirta_cipeng,in,"Jakarta, Indonesia",0,0,0,https://x.com/aditya_permanaS/status/1874234086199627875,230946136,aditya_permanaS
1874224739759378495,Tue Dec 31 23:19:48 +0000 2024,0,@pondtangpanting huhu Amiin amiinn!! iyaa sedih banget sebenernya!! aku udh nabung buat prioin section yg aku mau tapi harus nge prioritasin keperluan keluarga duluu : seengganya bisa ketemu sea walaupun di beda section,1874234028532129903,,pondtangpanting,in,Life in 1080p,0,1,0,https://x.com/cherry_ttee/status/1874234028532129903,1834159774763810818,cherry_ttee
1874234026560741580,Tue Dec 31 23:19:48 +0000 2024,0,itu ersyana udah dikasih pilihan dan ayumi bilang dia gak akan tanggung jawab kalo anaknya bakal kecewa,1874234026560741580,,,in,21+,0,0,0,https://x.com/pixxessa/status/1874234026560741580,1408925795100205057,pixxessa
1874110000584704102,Tue Dec 31 23:19:47 +0000 2024,0,@yugipork73 @kadangbablas @pandji isilop beraninya cuma sama warga sipil yg tak bersenjata dan sendirian.,1874234022634938457,,yugipork73,in,,0,0,1,https://x.com/tretannika/status/1874234022634938457,1693185172198592513,tretannika
1874233996789641704,Tue Dec 31 23:19:41 +0000 2024,0, Jika kamu merasa sendirian ingatlah bahwa Allah selalu dekat. Mintalah kepada-Nya dan Dia akan menjawab. ,1874233996789641704,,,in,"Bekasi, Jawa Barat",0,0,0,https://x.com/suunaartoo/status/1874233996789641704,2472154538,suunaartoo
1874065543491444940,Tue Dec 31 23:19:25 +0000 2024,0,@satriawiguna77 @jokowi Memanipulasi hukum itu sama dengan KKN mulai jd gub DKI saya ngefans banget sama pak Jokowi tp setelah dia ngakali undang-undang dan anak nya maju wapres saya langsung kecewa,1874233933187211448,,satriawiguna77,in,,0,0,0,https://x.com/Senja3317/status/1874233933187211448,1616451045051469824,Senja3317
1874233915466276939,Tue Dec 31 23:19:21 +0000 2024,0,Fuck gue mau tidur gue udah lelah dengan semua drama tahun baru ini,1874233915466276939,,,in,,0,0,0,https://x.com/toychips/status/1874233915466276939,1415340950491074564,toychips
1874203812921323596,Tue Dec 31 23:19:15 +0000 2024,0,@elynedanica secantik wajah dia ya,1874233888748560457,,elynedanica,in,"DKI Jakarta, Indonesia",0,0,0,https://x.com/galauvibes__/status/1874233888748560457,4900294679,galauvibes__
1874029624164048959,Tue Dec 31 23:19:10 +0000 2024,5,@gagal_hijrah Ribet amat hidup lu Negara2 Islam di seluruh dunia aja merayakan cm di Indonesia aja yg kebalik otakny,1874233869953884513,,gagal_hijrah,in,Jakarta Capital Region,0,0,0,https://x.com/kurnia_N_syah/status/1874233869953884513,239667488,kurnia_N_syah
1874233849879867397,Tue Dec 31 23:19:06 +0000 2024,89,Kecewa nya cowo ketika melihat wanita nya masih melakukan 5 hal ini 1. Friendly 2. Menyembunyikan sesuatu dari cowo nya 3. Masih merespon masa lalu nya 4. Merespon cowo lain dengan baik 5. Balik lagi ke nomer 3 sama 4,1874233849879867397,,,in,"Sukabumi, Indonesia",0,65,23,https://x.com/Wrbas1t/status/1874233849879867397,1783499187000406016,Wrbas1t
1874233842057584839,Tue Dec 31 23:19:04 +0000 2024,76,_Pagi pertama 2025 Sendirian sejenak itu berbahaya . Seperti candu Karena sekali km merasakan kedamaian itu Kamu tak akan ingin berurusan dgn org lain lagi https://t.co/WiiL3Etiwy,1874233842057584839,https://pbs.twimg.com/ext_tw_video_thumb/1874232691786428416/pu/img/P4e_bbMEGyEbeo3s.jpg,,in,"Kota Surabaya, Jawa Timur",0,4,10,https://x.com/LintangNamirah/status/1874233842057584839,1482355590320242689,LintangNamirah
1874232625646494024,Tue Dec 31 23:18:14 +0000 2024,0,@refleksipikiran Menjadi kuat sendirian,1874233632602415325,,refleksipikiran,in,,0,0,0,https://x.com/tesrminal/status/1874233632602415325,777654253661945856,tesrminal
1874229207984955518,Tue Dec 31 23:18:04 +0000 2024,0,@ceritanetijen sedih banget yaa,1874233593599607140,,ceritanetijen,in,"DKI Jakarta, Indonesia",0,0,0,https://x.com/ridikaa_/status/1874233593599607140,2954536411,ridikaa_
1873914726285287603,Tue Dec 31 23:18:01 +0000 2024,0,sampai kita ketemu hari itu dan dia tetep gamau jemput aku wkwk. Aku dengan mood ku yang acak adul hari itu melihat muka dia yang santai aja ga ada setitik pun rasa bersalah/penyesalan aku makin emosi. Dan akhirnya aku mutusin buat langsung bilang udahan.,1874233578680443006,,sleepygdn,in,,0,1,0,https://x.com/sleepygdn/status/1874233578680443006,4332397158,sleepygdn
1874120675193229367,Tue Dec 31 23:17:54 +0000 2024,0,@berdaging @dakaputratjas @IndoPopBase Kalo udah di putus pengadilan ya berarti hasil dari resultnya yang di percaya ya sandra dewi dan suaminya dipenjara dan ya emang terbukti bersalah. Pahami konteksnya.,1874233550394057118,,berdaging,in,,0,2,0,https://x.com/tukinizam/status/1874233550394057118,1052814806,tukinizam
1874222717530259901,Tue Dec 31 23:17:53 +0000 2024,0,@elynedanica sebagus ini dong min,1874233547168637374,,elynedanica,in,"DKI Jakarta, Indonesia",0,0,0,https://x.com/galauvibes__/status/1874233547168637374,4900294679,galauvibes__
1874233536556982600,Tue Dec 31 23:17:51 +0000 2024,0,lagi enak enak lari pagi sendirian malah ditanya sendirian boy lah gw emang keliatan sendiri? gw rame rame dalam hidup ini gw sendirian cihuy,1874233536556982600,,,in,Shanghai-La Frontier.,0,5,0,https://x.com/Tediouys/status/1874233536556982600,2705511739,Tediouys
1874182398608621837,Tue Dec 31 23:17:44 +0000 2024,0,@ristrettooooo_ oh jadi gitu ya min,1874233505775059267,,ristrettooooo_,in,"DKI Jakarta, Indonesia",0,0,0,https://x.com/galauvibes__/status/1874233505775059267,4900294679,galauvibes__
1873583620327449032,Tue Dec 31 23:17:36 +0000 2024,0,@infopediia itu dia sedih keinget keluarga dirumah makan apa akhirnya si mbak nya minta pulang sekalian ngebungkusin makananya buat di makan bareng keluarga,1874233473462100336,,infopediia,in,"cilacap,jawa tengah",0,0,0,https://x.com/abdullahridh0/status/1874233473462100336,1525999006736072704,abdullahridh0
1874233462691094652,Tue Dec 31 23:17:33 +0000 2024,0,Kan Pemangku kebijakannya gak becus gagal solusi akhirnya tarungin masyarakat.,1874233462691094652,,,in,Indonesia,0,1,0,https://x.com/bagasomp/status/1874233462691094652,1008570890265583616,bagasomp
1874233444190085576,Tue Dec 31 23:17:29 +0000 2024,0,Tahun baru harapan baru tapi apa jadinya kalau masih terjebak masalah lama? Jangan cuma fokus pada beban masalahnya yuk mulai cari solusinya! Dimulai dengan langkah kecil di hari ini. Nggak apa-apa kalau gagal yang penting jangan berhenti mencoba. Kamu berani mulai? https://t.co/CU23pFkwxI,1874233444190085576,https://pbs.twimg.com/media/GgKdYqDaEAAIYVn.jpg,,in,,0,0,0,https://x.com/resilienid/status/1874233444190085576,1874035109202190337,resilienid
1874226100806807964,Tue Dec 31 23:17:27 +0000 2024,0,@elynedanica sebagus ini dong min,1874233435977560174,,elynedanica,in,"DKI Jakarta, Indonesia",0,0,0,https://x.com/galauvibes__/status/1874233435977560174,4900294679,galauvibes__
1169561968090349573,Tue Dec 31 23:17:23 +0000 2024,0,@BTS_twt Masyoon udah 2025. Aku bisa ya bertahan sampe hari ini. Setelah huru hara kehidupan dunia penolakan impian yg ga terwujud sakit hati kecewa Alhamdulillah setidaknya masih ada hal kecil yang bisa membuatku tersenyum dan ketawa walaupun itu hanya video lucu kalian (+),1874233420899049800,,BTS_twt,in,,0,1,0,https://x.com/metteyoon/status/1874233420899049800,1388453235350900741,metteyoon
1874233406755921964,Tue Dec 31 23:17:20 +0000 2024,0,ngide banget tuh commis foto sama kun buat dijadiin lockscreen ujung2nya sedih hahahahagaga gw,1874233406755921964,,,in,0124♡,0,0,0,https://x.com/xiaodanuo/status/1874233406755921964,1279868312663408640,xiaodanuo
1874233406177108008,Tue Dec 31 23:17:20 +0000 2024,1,ini udh kelar nontonnya dibikin gagal move on harus nonton apalagi setelah ini!!!,1874233406177108008,,,in,,0,0,0,https://x.com/illa_chill/status/1874233406177108008,1261340716598390784,illa_chill
1874233380872884304,Tue Dec 31 23:17:14 +0000 2024,306,Omar al-Mukhtar digantung oleh pasukan pendudukan Italia pd 1931. Kata-kata terakhirnya Kami tidak menyerah. Kami menang atau mati. Ini bukanlah akhir. Kalian generasi berikutnya dan generasi setelah kalian harus berjuang. Hidupku akan lebih panjang daripada hidup algojoku . https://t.co/YBOiC3bSB0,1874233380872884304,https://pbs.twimg.com/media/GgKdNgKacAAah7G.png,,in,Yemen,0,6,87,https://x.com/SoftWarNews/status/1874233380872884304,2256063276,SoftWarNews
1874233377358045591,Tue Dec 31 23:17:13 +0000 2024,2,i want revolution so hard man but setidaknya pada sepakat buat demo dah... sedih banget kalau masih liat ada yg komen ngapain demo padahal itu pejabrut kalau ga diprotes bakal sombong makan gaji buta dan ga ngerasa bersalah,1874233379442614405,,samnotyou,in,home,0,0,1,https://x.com/samnotyou/status/1874233379442614405,1544803216214609920,samnotyou
1874232625646494024,Tue Dec 31 23:17:13 +0000 2024,0,@refleksipikiran harus tetep kuat ya min,1874233378695958562,,refleksipikiran,in,"DKI Jakarta, Indonesia",0,0,0,https://x.com/galauvibes__/status/1874233378695958562,4900294679,galauvibes__
1874233370026402253,Tue Dec 31 23:17:11 +0000 2024,0,Tbh setiap perayaan apapun itu aku selalu ngerasa melanklonis yang dtg secara tiba². Rasanya kosong bngt pdhl aku gk pernah benar benar sendirian dalam waktu yang lama sekarang,1874233370026402253,,,in,,0,1,0,https://x.com/mactcha_/status/1874233370026402253,1190136099336667136,mactcha_
1874233353974800796,Tue Dec 31 23:17:07 +0000 2024,2,Gimana aku mau buka hati lagi inget kamu juga aku sedih,1874233353974800796,,,in,"Banten, Indonesia",0,0,0,https://x.com/AchenkPict7957/status/1874233353974800796,1660719816792211456,AchenkPict7957
1874132434041921761,Tue Dec 31 23:17:03 +0000 2024,0,@A_FionyJKT48 WKWKWKW kibarkan bendera putih jika sudah menyerah ya ce,1874233337470140716,,A_FionyJKT48,in,"DKI Jakarta, Indonesia",0,0,0,https://x.com/naufal_sachiiro/status/1874233337470140716,1209098639307464704,naufal_sachiiro
1874233320646861107,Tue Dec 31 23:16:59 +0000 2024,0,Emg udah harus menyerah. Sedih bgt,1874233320646861107,,,in,Indonesia,0,0,0,https://x.com/suka1k4n/status/1874233320646861107,1313834053456420864,suka1k4n
1874232982795674079,Tue Dec 31 23:16:43 +0000 2024,0,7. Manfaat Aromaterapi: Aroma catnip dipercaya dapat membantu meredakan stres dan meningkatkan kualitas tidur pada manusia.,1874233251663143130,,cisaalishba,in,,0,1,0,https://x.com/cisaalishba/status/1874233251663143130,3285388207,cisaalishba
1873911269125988654,Tue Dec 31 23:16:42 +0000 2024,0,@kopitext Tidak ada kendaraan darat yang aman jika masih ada pengendara/pengemudi tolol di jalan. Kl kapal aman terdekat dengan dek atau pintu keluar ngeri kl terjebak di kabin. Kl pesawat dah pasrah aja kirim wasiat/pesan terahir via WA kl terjadi masalah.,1874233246869020703,,kopitext,in,,0,0,0,https://x.com/Shinomman/status/1874233246869020703,1488869212462456836,Shinomman
1874233245665288258,Tue Dec 31 23:16:41 +0000 2024,0,Sedih banget,1874233245665288258,,,in,♉ - #INFP,0,0,0,https://x.com/listiantii/status/1874233245665288258,893337232433491968,listiantii
1874233241194160575,Tue Dec 31 23:16:40 +0000 2024,0,eh....... aku jg lg mikir ini karena hampir semua distributor obat tuh udah ngumumin ppn 12% ini kl nda diubah wah sedih......,1874233241194160575,,,in,,0,1,0,https://x.com/isoproterenol/status/1874233241194160575,1204230274432679937,isoproterenol
1874233218775605424,Tue Dec 31 23:16:36 +0000 2024,0,Set 6 dia udah ga bernyawa. Beneran sedih banget karna selama 4tahun ini mulai dari dia masih orok baru berojol selalu bareng kumpul sama keluarga. Bahkan setiap hari yang di cariin pertama pasti dia kucingku ini. Aku ngerasa bersalah banget sama dia karna ngasih dia makanan,1874233223494197755,,thvkim_30,in,,0,1,0,https://x.com/thvkim_30/status/1874233223494197755,1448071757202612225,thvkim_30
1874233218775605424,Tue Dec 31 23:16:35 +0000 2024,0,Di tahun baru ini kucing ku mati sedih banget bener kehilangan. Dia emang sakit selama semingguan ini smpe ga nafsu makan berak mulu muntah . Semalem aku bilang ke dia yang sabar yang kuat harus sembuh harus mau makan biar sembuh nanti bisa main lagi. Dan ga nyangka pagi https://t.co/Crwhdr7ejG,1874233218775605424,https://pbs.twimg.com/media/GgKdLBTbYAMD-ul.jpg,,in,,0,1,0,https://x.com/thvkim_30/status/1874233218775605424,1448071757202612225,thvkim_30
1874226494605861356,Tue Dec 31 23:16:35 +0000 2024,0,@imjustgirlx tawakal itu reminder kalau kita nggak sendirian selalu ada tempat buat bersandar.,1874233218578473124,,imjustgirlx,in,"DKI Jakarta, Indonesia",0,0,0,https://x.com/ridikaa_/status/1874233218578473124,2954536411,ridikaa_
1874178547851681839,Tue Dec 31 23:16:27 +0000 2024,0,@ristrettooooo_ nah bagus nih buat yang suka ngopi,1874233185233756379,,ristrettooooo_,in,"DKI Jakarta, Indonesia",0,0,0,https://x.com/galauvibes__/status/1874233185233756379,4900294679,galauvibes__
1874233169429594370,Tue Dec 31 23:16:23 +0000 2024,0,kecewa sedih senang duka cita terima kasih aku harus meninggalkan 2024 untuk jadi lebih baik d 2025 ,1874233169429594370,,,in,"ijasikaP, MALANG jawa timur",0,0,0,https://x.com/andri080296/status/1874233169429594370,1307680609372790786,andri080296
1873595258895991257,Tue Dec 31 23:16:17 +0000 2024,0,@arie_abimanyu08 @bagusrangin77 @Epricila10 adem ayem kan kata elo rie. tanya jokowi berhala lo dong dia gak adem ayem. marah dan frustasi. raut wajahnya mengerikan wkt dia bereaksi ketika isu 3 periode dan waktu ditanya wartawan ttg nominasi presiden terkorup di dunia,1874233142170824972,,arie_abimanyu08,in,,0,1,0,https://x.com/biasa_saja100/status/1874233142170824972,1736132274251595776,biasa_saja100
1719749493137330221,Tue Dec 31 23:16:10 +0000 2024,0,@tanyarlfes Sedih banget denger cerita kayak gini semoga semuanya baik-baik aja ya,1874233113959907567,,tanyarlfes,in,Lampung,0,0,0,https://x.com/sysem33/status/1874233113959907567,4858023334,sysem33
1874233106762449065,Tue Dec 31 23:16:10 +0000 2024,0,1. Pahala yang Berlipat Ganda Shalat berjamaah memiliki pahala yang jauh lebih besar dibandingkan shalat sendirian. Rasulullah SAW bersabda: Shalat seorang lelaki bersama jamaah lebih utama daripada shalatnya sendirian dengan 27 derajat. (HR. Bukhari &amp; Muslim). Artinya satu,1874233113632768348,,All_clear5,in,,0,1,0,https://x.com/All_clear5/status/1874233113632768348,4242264560,All_clear5
1874233104724091129,Tue Dec 31 23:16:08 +0000 2024,0,sedih banget kkw udah tutup,1874233104724091129,,,in,legal,0,0,0,https://x.com/aentihero/status/1874233104724091129,1371463046955069445,aentihero
1874229996048572864,Tue Dec 31 23:16:07 +0000 2024,0,@elynedanica sebagus ini dong ini,1874233102106837268,,elynedanica,in,"DKI Jakarta, Indonesia",0,0,0,https://x.com/galauvibes__/status/1874233102106837268,4900294679,galauvibes__
1874233069307388052,Tue Dec 31 23:15:59 +0000 2024,1,Masyarakat Kecewa Harvey Moeis Divonis Ringan Menteri HAM Natalius Pigai: Bisa Dipahami. Enak nya diapain makhluk ini ya jd pengen lht klo dia udah gak menjabat lg nti. https://t.co/dWPOoX61MC,1874233069307388052,,,in,,0,0,0,https://x.com/Putralaut_/status/1874233069307388052,1450424740217192448,Putralaut_
1874233056099525089,Tue Dec 31 23:15:56 +0000 2024,3,Dari sini gua udah tau permasalahan yg terjadi ama yuyu.. bener tekaan gue..hmm..kok gua kecewa sama daddy disini ya.. hmm..dad ga gitu caranya untuk dapatin si gembul dad.. kayaknya udah di blacklist tu sama papaji..,1874233056099525089,,,in,,0,1,1,https://x.com/gulffkanaa/status/1874233056099525089,1282270694370209792,gulffkanaa
1874178272524984520,Tue Dec 31 23:15:46 +0000 2024,0,@ristrettooooo_ duh tahun baru mending cari yang smaa sama excited min,1874233011446911377,,ristrettooooo_,in,"DKI Jakarta, Indonesia",0,0,0,https://x.com/galauvibes__/status/1874233011446911377,4900294679,galauvibes__
1873941604391936216,Tue Dec 31 23:15:45 +0000 2024,7,@92kumislele @indiratendi Pasti dia sering bolos dan gagal di IPA biologi Kalau gak mana mungkin gak tau fungsinya mereka apa Kalaupun gitu ada google ,1874233007131025829,,92kumislele,in,,0,0,0,https://x.com/DpRavenbird/status/1874233007131025829,1381819167360249858,DpRavenbird
1874229571207520606,Tue Dec 31 23:15:40 +0000 2024,0,@AgenPahalaID Wkwkwkwk aman Ngabb masih belom menemukan kata gagal,1874232988109857192,,AgenPahalaID,in,,0,0,0,https://x.com/untungmatahari/status/1874232988109857192,1518100872475344896,untungmatahari
1874232946737168399,Tue Dec 31 23:15:30 +0000 2024,1,HUHU SEDIH BANGET,1874232946737168399,,,in,20-something,0,0,0,https://x.com/jazzymintt/status/1874232946737168399,1808361787710136321,jazzymintt
1874232894715211987,Tue Dec 31 23:15:18 +0000 2024,0,2024 bener-bener jadi tahun yg memorable banyak drama jatuh bangun senang sedih yg gue rasain salah satu nya ini pencapaian terbesar yg pernah gue raih di tahun itu bersyukur bisa lewatin proses nya dg baik skg nikmati proses lg utk gebrakan selanjutnya https://t.co/dhxEdgxyU1,1874232894715211987,https://pbs.twimg.com/media/GgKc4FYbAAAeW-S.jpg,,in,"KJD, PCY",0,0,0,https://x.com/pisiwaybluee/status/1874232894715211987,3271448323,pisiwaybluee
1874232892949487696,Tue Dec 31 23:15:17 +0000 2024,0,eh gw benci wot yg gini soalnya sedih bgt ppek ,1874232892949487696,,,in,"personal public rant, dnf.",0,0,0,https://x.com/gemiwkecil/status/1874232892949487696,1444523068789903363,gemiwkecil
1874232850809315630,Tue Dec 31 23:15:07 +0000 2024,0,sama aku banyak kecewa nya yaa? maaf,1874232850809315630,,,in,she,0,0,0,https://x.com/amarallysss/status/1874232850809315630,1834808047002329088,amarallysss
1874232624925073923,Tue Dec 31 23:15:07 +0000 2024,0,@senandka harus semangat ya min,1874232850150736225,,senandka,in,"DKI Jakarta, Indonesia",0,0,0,https://x.com/galauvibes__/status/1874232850150736225,4900294679,galauvibes__
1873991808273047743,Tue Dec 31 23:14:48 +0000 2024,26,@Liltotochan @sigitshertanto @Kampus_UKI Kamu kok bebal banget sih? Jangan sampe orang lain yang ga bersalah jadi korban juga. Udah dibilangin itu faker. Nama dan foto tuh bisa comot darimana aja.. Aku paham kamu korbannya dan kamu masih kaget banget. Tapi tolong use your logic bro. Jangan asal nuduh gitu..,1874232770945573374,,Liltotochan,in,,0,2,0,https://x.com/lululucu22/status/1874232770945573374,1287378459564494848,lululucu22
1874030894346023051,Tue Dec 31 23:14:46 +0000 2024,24,@sulkycatz quranreview :((( sedih bgt gmn cara ngasu taunya ya...,1874232762905092166,,sulkycatz,in,,1,1,0,https://x.com/a0llieya/status/1874232762905092166,1780186599189569536,a0llieya
1874232751383339066,Tue Dec 31 23:14:44 +0000 2024,0,akhirnya ketemu juga wkwkkw. giliran pas udah pasrah malah tau. aslinya fitur qq cuman ada juga di WeChat jadi mini program. tp tetep butuh akun qq buat bisa kepake dan beli beli ~~~ https://t.co/jjArnZq56T,1874232751383339066,https://pbs.twimg.com/media/GgKcwOGbYAEBLx_.jpg,,in,"uban supremacy 🛐 Duan Baiyue dulu, Duan Baiyue lagi, Ye Xuan Kemudian",0,0,0,https://x.com/xiaocuhe/status/1874232751383339066,2190177806,xiaocuhe
1874232657875525763,Tue Dec 31 23:14:21 +0000 2024,0,kalian galau jam 2? cihh . . . . . . . . . . . . . . . . . . . . . . . . . . . . . . . . . . . . . . . . . . . . . . . . . . . . . . . . . . . . . . . . . . Sama kok @Biyaaa_58 @gasenn_ https://t.co/1GVrfaWWcG,1874232657875525763,https://pbs.twimg.com/media/GgKcPkkbgAAtBEY.jpg,,in,"Kalimantan Timur, Indonesia",0,2,0,https://x.com/derilitslip/status/1874232657875525763,941589154953019393,derilitslip
1874230242954666168,Tue Dec 31 23:14:20 +0000 2024,0,@tanzela__ takut banget sih ini mah makan nya ngibrit,1874232654079668432,,tanzela__,in,"DKI Jakarta, Indonesia",0,0,0,https://x.com/galauvibes__/status/1874232654079668432,4900294679,galauvibes__
1874232645279990053,Tue Dec 31 23:14:18 +0000 2024,118,Ikut sedih baca berita tentang artis yg di cintain org banyak orang menghalami hal yg tidak baik semoga beliau lekas pulih Dan untuk pym mohon untuk tidak mengirim mfs ttg foto sakit beliau ya! Tolong kita hargai jika beliau sedang tidak dalam keadaan bisa menghibur kita semua,1874232645279990053,,,in,patuhi rules 👉,2,2,10,https://x.com/mandarinfess/status/1874232645279990053,1263156707833704451,mandarinfess
1874232299564523755,Tue Dec 31 23:14:15 +0000 2024,0,7. Manfaat Aromaterapi: Aroma lobelia dipercaya dapat membantu meredakan stres dan meningkatkan konsentrasi.,1874232631799497170,,cisaalishba,in,,0,1,0,https://x.com/cisaalishba/status/1874232631799497170,3285388207,cisaalishba
1874066605770195170,Tue Dec 31 23:13:59 +0000 2024,0,@Seputar_Energi_ Kehadiran Serambi MyPertamina di titik-titik tertentu akan membantu mengurangi stres para pemudik memberikan akses mudah untuk beristirahat sejenak serta memastikan mereka tetap dapat melanjutkan perjalanan dengan tenang.,1874232563356885336,,Seputar_Energi_,in,,0,0,0,https://x.com/IrfanArdian551/status/1874232563356885336,1598431502471032833,IrfanArdian551
1874232559070286073,Tue Dec 31 23:13:58 +0000 2024,0,Banyak yang masih kerja ya hari ini??? Berasa saltum banget di gerbong pake outfit jogging sendirian ,1874232559070286073,,,in,,0,0,0,https://x.com/scorpiosturn/status/1874232559070286073,889085245982515200,scorpiosturn
1874002285204037640,Tue Dec 31 23:13:51 +0000 2024,0,@cocoretto_ Biasalah mencoba relationship malah gagal ,1874232529097810323,,cocoretto_,in,Jakarta Capital Region,0,0,0,https://x.com/smithissmith/status/1874232529097810323,1799839442196406272,smithissmith
1874231287483162973,Tue Dec 31 23:13:44 +0000 2024,0,@nagiseiyro AAMIIN sedih banget dah ppn naik,1874232502040277486,,lucxsifer,in,"her, minor 16 y.o! ",0,1,0,https://x.com/saturniversea/status/1874232502040277486,1737089034894393344,saturniversea
1874232463066882183,Tue Dec 31 23:13:35 +0000 2024,0,2024 tak mudah tetapi aku tak menyerah.,1874232463066882183,,,in,"Cairo, Egypt",0,0,0,https://x.com/Salfein_Masud/status/1874232463066882183,1407311670226173962,Salfein_Masud
1874225290484080942,Tue Dec 31 23:11:49 +0000 2024,0,@pershnal bagus sih min kalo bahagia,1874232019896701438,,pershnal,in,"DKI Jakarta, Indonesia",0,0,0,https://x.com/galauvibes__/status/1874232019896701438,4900294679,galauvibes__
1874224050806948104,Tue Dec 31 23:11:46 +0000 2024,0,@tanyakanrl km gk sendirian kok nder aku juga ngrasain hal yang sama ,1874232005355069493,,tanyakanrl,in,,0,0,0,https://x.com/PThn2020/status/1874232005355069493,1535099100643074049,PThn2020
1874132213253460058,Tue Dec 31 23:11:38 +0000 2024,0,@MUSIKMENFESS vibesnya galau gini njir wkwk https://t.co/tGaToiGSm8,1874231974656958530,https://pbs.twimg.com/media/GgKcC1RbYAA7jeI.jpg,MUSIKMENFESS,in,"Bandung, Jawa Barat",0,0,0,https://x.com/ronny_ram/status/1874231974656958530,378173019,ronny_ram
1874231970609455327,Tue Dec 31 23:11:37 +0000 2024,150,MENUMBUHKAN KEBIASAAN UNTUK MENGELOLA WAKTU DENGAN EFEKTIF Manajemen waktu yang efektif adalah kebiasaan kecil yang sangat penting untuk meningkatkan produktivitas dan mengurangi stres. Mulailah dengan membuat jadwal harian atau mingguan yang memprioritaskan tugas-tugas penting. https://t.co/NAoWLl2ZUV,1874231970609455327,https://pbs.twimg.com/amplify_video_thumb/1874231883552448512/img/oPAlfPN8IYFaf097.jpg,,in,,0,161,0,https://x.com/andiiqbalilyas1/status/1874231970609455327,1748704808062877696,andiiqbalilyas1
1873917994881212540,Tue Dec 31 23:11:37 +0000 2024,0,@detikcom sudah jelas terbukti bersalah malah hasil korupsinya diminta dikembalikan ke koruptornya. kurang bijak apa si hakimnya ini syu asu,1874231966788444237,,detikcom,in,,0,0,0,https://x.com/TitoIbrahi67181/status/1874231966788444237,1815160632280551424,TitoIbrahi67181
1874225277037056437,Tue Dec 31 23:11:35 +0000 2024,0,@akiraalive6 Sedih bgt backburner ,1874231959838482770,,beemeerz,in,,0,1,0,https://x.com/suikerlaan/status/1874231959838482770,1831295293813354496,suikerlaan
1874231590810968246,Tue Dec 31 23:11:33 +0000 2024,0,7. Manfaat Aromaterapi: Aroma thyme dipercaya dapat meningkatkan konsentrasi dan memori serta mengurangi stres dan kelelahan.,1874231949986074983,,cisaalishba,in,,0,1,0,https://x.com/cisaalishba/status/1874231949986074983,3285388207,cisaalishba
1874226139440525807,Tue Dec 31 23:11:30 +0000 2024,0,@guanlill ngakak njir ini,1874231937604428158,,guanlill,in,"DKI Jakarta, Indonesia",0,0,0,https://x.com/galauvibes__/status/1874231937604428158,4900294679,galauvibes__
1874229571207520606,Tue Dec 31 23:11:25 +0000 2024,2,@untungmatahari ah jekket ae mbatin iki kok kuluk ga upload challenge december? mosok gagal? ,1874231917467652357,,untungmatahari,in,"Tulungagung, Jawa Timur",0,1,0,https://x.com/AgenPahalaID/status/1874231917467652357,1003570817152659456,AgenPahalaID
1874231913009078539,Tue Dec 31 23:11:24 +0000 2024,0,Baru rasanya kemarin nglahirin bocil 2022 sekarang udah 2025 aja mau seneng tp kok sedih juga ,1874231913009078539,,,in,Indonesia,0,0,0,https://x.com/easy3win_21/status/1874231913009078539,1839459302870065152,easy3win_21
1874130428434800661,Tue Dec 31 23:11:19 +0000 2024,1,@Nindimarina seru sih kisah nya min,1874231891001565499,,Nindimarina,in,"DKI Jakarta, Indonesia",0,0,0,https://x.com/galauvibes__/status/1874231891001565499,4900294679,galauvibes__
1874006733422784951,Tue Dec 31 23:11:12 +0000 2024,0,@Rizieq_Sangean @Manuk_Emprit76 Ntar adik nya adik harus siap menggantikan lg jika ternyata gagal beranak pinak... ajaran siapa itu...???,1874231865072378016,,Rizieq_Sangean,in,,0,0,0,https://x.com/sanatha_utama/status/1874231865072378016,1061567003981361153,sanatha_utama
1874231858692841778,Tue Dec 31 23:11:11 +0000 2024,0,Liat muka pasangan pas tidur tu langsung merasa bersalah ngebuat dia jd serba salah. Takut dijudge mertua Semangat ya papa mama Mesti SOLIIID SOOLIIIID ,1874231858692841778,,,in,,0,0,0,https://x.com/yaudamah/status/1874231858692841778,1682793417108230144,yaudamah
1874231821665472751,Tue Dec 31 23:11:02 +0000 2024,0,mungkin kalo ditanya hal paling sedih di 2024 itu pindah rumah dan hal paling bahagia itu sudah pasti keterima UB! thankyou 24 you re not that bad tho but i hope i can be better in 25 ‍️,1874231821665472751,,,in,ASGARD,0,0,0,https://x.com/fyayafia/status/1874231821665472751,1483151169434550272,fyayafia
1874225222599262577,Tue Dec 31 23:10:59 +0000 2024,0,@velvet__daze keren sih ini min,1874231808847733170,,velvet__daze,in,"DKI Jakarta, Indonesia",0,0,0,https://x.com/galauvibes__/status/1874231808847733170,4900294679,galauvibes__
1874225277037056437,Tue Dec 31 23:10:53 +0000 2024,0,@akiraalive6 Sedih banget ,1874231784017383827,,beemeerz,in,,0,0,0,https://x.com/suikerlaan/status/1874231784017383827,1831295293813354496,suikerlaan
1874209327600591031,Tue Dec 31 23:10:37 +0000 2024,0,@reazue udh mending tidur sih,1874231718812803497,,reazue,in,"DKI Jakarta, Indonesia",0,0,0,https://x.com/galauvibes__/status/1874231718812803497,4900294679,galauvibes__
1874178776453833167,Tue Dec 31 23:10:33 +0000 2024,0,@kakashigirlf Sedih liatnya ,1874231700320116813,,kakashigirlf,in,,0,0,0,https://x.com/mytir1/status/1874231700320116813,226935534,mytir1
1874230773936746801,Tue Dec 31 23:08:21 +0000 2024,0,7. Manfaat Aromaterapi: .Aroma rosemary dipercaya dapat meningkatkan konsentrasi dan memori serta mengurangi stres dan kelelahan.,1874231144419561927,,cisaalishba,in,,0,1,0,https://x.com/cisaalishba/status/1874231144419561927,3285388207,cisaalishba
1874131788647588224,Tue Dec 31 23:08:18 +0000 2024,1,@Nindimarina semua yang ada di dunia bersedih,1874231132650430921,,Nindimarina,in,"DKI Jakarta, Indonesia",0,0,0,https://x.com/galauvibes__/status/1874231132650430921,4900294679,galauvibes__
1874231108390584695,Tue Dec 31 23:08:12 +0000 2024,0,Baru sehari di 2025 rencana yang yang sudah disusun sudah gagal. #efekgakbisabilangtidak,1874231108390584695,,,in,surabaya,0,0,0,https://x.com/agwita/status/1874231108390584695,57346404,agwita
1874225825220092243,Tue Dec 31 23:08:01 +0000 2024,0,@hijrahpath_ duh jangan ya min ya,1874231063943537089,,hijrahpath_,in,"DKI Jakarta, Indonesia",0,0,0,https://x.com/galauvibes__/status/1874231063943537089,4900294679,galauvibes__
1874036198039314606,Tue Dec 31 23:07:49 +0000 2024,1,@18fesss Hadapi masalahmu selesaikan pada kesempatan pertama dan jangan lupa dengan kepala tetap tegap dan menghadap ke tujuanmu. Jangan buat kamu minder. Dunia masih punya orang orang baik dan perhatian padamu. Jangan menyerah.,1874231013276344495,,18fesss,in,,0,0,1,https://x.com/23isaachar/status/1874231013276344495,1086487305936809984,23isaachar
1874143372593831936,Tue Dec 31 23:07:41 +0000 2024,0,@gachigay0 sejauh ini udh mulai kerasa stres nya,1874230978522268141,,gachigay0,in,abt mə!?➜,0,1,0,https://x.com/xlycoriss/status/1874230978522268141,1679162139041501184,xlycoriss
1874222252071460973,Tue Dec 31 23:07:35 +0000 2024,0,@vasbunva ga begitu lah min,1874230954270875790,,vasbunva,in,"DKI Jakarta, Indonesia",0,0,0,https://x.com/galauvibes__/status/1874230954270875790,4900294679,galauvibes__
1874227438240358847,Tue Dec 31 23:07:34 +0000 2024,0,@moyzce sedih banget ujungnya asing lagi yaa,1874230947673194592,,moyzce,in,"⠻⠿⣷⣤⣾⣿⠦⠀⠀ Memoir;   𓂃 ࣪˖ ✿ֵࠡ.ુ  Belletic 
⠀⠀⣼⡟⠀⠻⣷⡄⠀ kindergatten  ballet  shoes 
⠀⠜⠛⠁⠀⠀⠹⡇⠀ The Dancing Princess. ୭₊ 𐚈",0,0,0,https://x.com/swanlakqes/status/1874230947673194592,1541555222891204608,swanlakqes
1874221069697229127,Tue Dec 31 23:07:24 +0000 2024,0,@baajiingaan oh jadi gitu ya min,1874230906405474546,,baajiingaan,in,"DKI Jakarta, Indonesia",0,0,0,https://x.com/galauvibes__/status/1874230906405474546,4900294679,galauvibes__
1874230873421467952,Tue Dec 31 23:07:16 +0000 2024,0,Wkwkkwkwkkw FAKKK OMONGAN CWO EMNG CMN BISA SI SCREENSHOT DOANG gw ga marah ya cok cmn kecewa bngt njir omongannya bullshit banget tai omongan cwok buaya dipercaya. Baru sebulan putus udh ada yg baru https://t.co/YnPT8EBxqU,1874230873421467952,https://pbs.twimg.com/media/GgKbCiWaoAApJa4.jpg,,in,,0,0,0,https://x.com/strawbewryycho/status/1874230873421467952,1300598497104732160,strawbewryycho
1874044826033025085,Tue Dec 31 23:07:13 +0000 2024,0,@Viviz_friend9 @coppamagz Nah ini yg tadi gw baca. Gw gak ngikutin soalnya tapi kaget juga denger beritanya. Dan banyak yg bilang stop bikin rumor kalo beliau depresi,1874230859605434661,,Viviz_friend9,in,,0,0,0,https://x.com/Lockeygirl2/status/1874230859605434661,1428622022867701761,Lockeygirl2
1874230848612164078,Tue Dec 31 23:07:10 +0000 2024,2,gatau mau marah atau sedih jadi tante ku itu ngilang udah 1 bulan dari pihak kepolisian belum ada kabar satupun dan gaboleh di sebar ke medsos. maksutku 1 bulan loh :) kita 1 keluarga udah bolak balik ke polsek tapi tetep gaada perubahan. gimana guys :(,1874230848612164078,,,in,,0,1,0,https://x.com/1990_faa/status/1874230848612164078,1571036805994287112,1990_faa
1874128509934936327,Tue Dec 31 23:07:09 +0000 2024,1,@Nindimarina nah seru sih kisah nya,1874230846405959932,,Nindimarina,in,"DKI Jakarta, Indonesia",0,0,0,https://x.com/galauvibes__/status/1874230846405959932,4900294679,galauvibes__
1874034360590229924,Tue Dec 31 23:07:06 +0000 2024,0,@caaniezz Ternyata aku ga sendirian,1874230832279543813,,caaniezz,in,,0,0,0,https://x.com/hellow11_/status/1874230832279543813,1511517322015506439,hellow11_
1874117880230666479,Tue Dec 31 23:07:04 +0000 2024,0,agustussss 7 5/10 sedih ninggalin semua orang soalnya gue jd anak rantau sedih byk jujur fotonya tp yg ini paling memorable last main dan pamitan sama abel lebih banyak serunya soalnya BLM STRESS AKADEMIK PPK https://t.co/0RXyc56v1a,1874230822057988300,https://pbs.twimg.com/media/GgKa-XJbYAMVv1r.jpg,bluebcea,in,199,0,1,0,https://x.com/bluebcea/status/1874230822057988300,1815761949877227520,bluebcea
1874226110428569896,Tue Dec 31 23:07:00 +0000 2024,0,@hijrahpath_ bener beenr pengen ya min,1874230806912373081,,hijrahpath_,in,"DKI Jakarta, Indonesia",0,0,0,https://x.com/galauvibes__/status/1874230806912373081,4900294679,galauvibes__
1873942356157694023,Tue Dec 31 23:06:51 +0000 2024,3,@moonchija @kumparan Parah.... Anak2 banyak yg nggk paham konsep ttg ilmu2 dasar mapel2 dasar....jika ini dibiarkan anak2 kita akan jadi generasi gagal terutama ttg keilmuan,1874230769427857895,,moonchija,in,,0,0,0,https://x.com/yuwantino12/status/1874230769427857895,1364867719,yuwantino12
1874230767955697694,Tue Dec 31 23:06:51 +0000 2024,0,don't have relationship please kl belum serius bgt mah :( iri dikit liat orang lain pacaran gpp karna setiap tempat waktu barang kejadian pasti ada memories orang nya that's will feel sad. sebahagia apapun masa pacaran kalo udh putus mah nya sedih we ,1874230767955697694,,,in,,0,0,0,https://x.com/aniishhhhhhhh/status/1874230767955697694,1292489578012479488,aniishhhhhhhh
1874230764000473348,Tue Dec 31 23:06:50 +0000 2024,0,agaknya keren jg gwe selama 2024 blum potong rambut skrg udah panjang...biasanya stres dikit dah pendekin rambut,1874230764000473348,,,in,,0,0,0,https://x.com/haluluntarr/status/1874230764000473348,1127915667271798785,haluluntarr
1874222151420850509,Tue Dec 31 23:06:42 +0000 2024,0,@bttrfley aduh jangan ya,1874230732505350572,,bttrfley,in,"DKI Jakarta, Indonesia",0,0,0,https://x.com/galauvibes__/status/1874230732505350572,4900294679,galauvibes__
1874229685061915121,Tue Dec 31 23:02:33 +0000 2024,3,Tak ramai bukan bermaksud gagal kata penganjur Gempur Rasuah Sabah #FMTNews #FMTBerita https://t.co/ldY8BmMOJo,1874229685061915121,,,in,Malaysia,0,1,1,https://x.com/fmtoday/status/1874229685061915121,102098902,fmtoday
1874046747607261562,Tue Dec 31 23:02:32 +0000 2024,0,@merapi_uncover ih terus????? gmn cara ke jakal klo gaada 12 AWKZKAKAAHHA SEDIH,1874229683564536264,,merapi_uncover,in,loves haechan & mark so much.,0,1,0,https://x.com/haechanyupi/status/1874229683564536264,1378303919009357826,haechanyupi
1873187611608826357,Tue Dec 31 23:02:26 +0000 2024,0,@wintdu sama sama iaa! yang lagi ultah gabole sedih sedih lagii nne ,1874229659547918410,,wintdu,in,ׁ𔗫 aesfou! ; UK ; 𝓕airmore,0,1,0,https://x.com/karnyina/status/1874229659547918410,1090283521405419521,karnyina
1874001415204725059,Tue Dec 31 23:02:21 +0000 2024,0,@terimaakashii Jd tp krn udah terlanjur sedih dr awal spin off ya ga berasa beda ma ep spin off lainnya ,1874229638098280695,,terimaakashii,in,,0,1,0,https://x.com/miayambasoceker/status/1874229638098280695,99552886,miayambasoceker
1874229631886516548,Tue Dec 31 23:02:20 +0000 2024,0,sedih banget top china actress these days loh dzolim banget agencynya,1874229631886516548,,,in,Somewhere in North Italy,0,0,0,https://x.com/eonevnne/status/1874229631886516548,808603460442521600,eonevnne
1874068703710781837,Tue Dec 31 23:02:14 +0000 2024,0,@clarahasibuan Gak tulis aj kek gni th ini manusia pemburu story gagal smua krj pajak naik jd imbas d kemeriahan th baru gak bsa liat firework dri rumah penonton kiciwa pke bgt wkakakka,1874229605437235327,,clarahasibuan,in,"ÜT: -6.2357555,106.6240452",0,0,0,https://x.com/laurahasibuan/status/1874229605437235327,219646019,laurahasibuan
1874229567780786423,Tue Dec 31 23:02:05 +0000 2024,0,4 hari sendirian mau nangis aja tapi yaaa seru sih. Gw sampai ninggalin ml bocah2 itu udh gw warn gw ga akan main sampe tgl 1 malem. Kemarin buka ml cuma untuk copy id buat beli wdp‍️,1874229567780786423,,,in,was host ga,0,0,0,https://x.com/bonyouki/status/1874229567780786423,1313505737818083328,bonyouki
1874222120622055792,Tue Dec 31 23:01:42 +0000 2024,0,@bttrfley namanya juga people come and go awalnya aja sedih tapi nanti juga kebiasa kok,1874229474293932055,,bttrfley,in,,0,0,0,https://x.com/gtelatoz/status/1874229474293932055,917893604911091713,gtelatoz
1874229441658052693,Tue Dec 31 23:01:35 +0000 2024,0,sumpah janji terakhir galau soalnya semalem tidur cepet agendanya first week of 2025 mau main dulu sampe tanggal 5 lalu tanggal 6 mulai cari kerjaan lagi hehe info loker say ,1874229441658052693,,,in,she/her,0,0,0,https://x.com/asteIlar/status/1874229441658052693,1378658359251898372,asteIlar
1874229401963098355,Tue Dec 31 23:01:26 +0000 2024,0,06.00 WIB Bila Anda Lelah dan Mengantuk Gunakan Tempat Istirahat #JM_Tertib_Berlalulintas_2025,1874229403775098995,,PTJASAMARGA,in,DKI Jakarta,0,0,0,https://x.com/PTJASAMARGA/status/1874229403775098995,540625251,PTJASAMARGA
1874013528568500686,Tue Dec 31 23:01:06 +0000 2024,1,@faysiren jam 4 pagi karena waktu itu aku ditinggal dirumah sendirian teus aku sama temenku ngelayap muter muter kota (for the first time in my whole life aku balik jam 4),1874229322443350163,,faysiren,in,Naelya Levania ,0,0,0,https://x.com/mcintchoco/status/1874229322443350163,1856001952041295872,mcintchoco
1874229312716673490,Tue Dec 31 23:01:04 +0000 2024,1,Baru tahun baru aja udah sedih,1874229312716673490,,,in,SiR Roberto☠️,0,0,0,https://x.com/cottoncandiys/status/1874229312716673490,1459314820004532229,cottoncandiys
1874229288855355506,Tue Dec 31 23:00:58 +0000 2024,263,Bersama Pacar https://t.co/rxeFCnFrwS https://t.co/yzwAJUAH1p 3w b1n0r https://t.co/i4M3gh67Tm bersihin kamar mandi https://t.co/fe3tIQKLi1 J4nda Bosan Pulang Kos https://t.co/kMS3P7h0Iz lelah Dengan Tugas Akhir https://t.co/zpQDDpCq0Y capek minta gantian https://t.co/8aKX8SiUru,1874229288855355506,,,in,,0,27,15,https://x.com/cazrsy/status/1874229288855355506,2485378244,cazrsy
1874087725630185727,Tue Dec 31 23:00:57 +0000 2024,0,@SubBouleBroke Han Taesan (2004) pertama-tama makasih buat 2 idiot yang selalu nemenin gw dari seneng ke sedih ke seneng lagi ke sedih lagi gak kerasa tiba-tiba 2025 aje.. walaupun tiap tahun pasti ada agenda berantem tapi gw sayang luwh kalian lah teman terbaik gw WALAUPUN,1874229285755703563,,SubBouleBroke,in,,1,1,0,https://x.com/3Taesan/status/1874229285755703563,1736644754421747712,3Taesan
1874023375531893056,Tue Dec 31 23:00:57 +0000 2024,0,@CNNIndonesia Yang lebih kecewa kenapah dia jadi Mentri,1874229285227266057,,CNNIndonesia,in,"Bandung Wetan, Indonesia",0,0,0,https://x.com/pikeasy3/status/1874229285227266057,1768719989597679616,pikeasy3
1874229283520208902,Tue Dec 31 23:00:57 +0000 2024,0,sedih dan kompleks bgt sorry its happen to u nder,1874229283520208902,,,in,she/her,0,0,0,https://x.com/jsjpeach/status/1874229283520208902,1548273281601482752,jsjpeach
1874229279074242659,Tue Dec 31 23:00:56 +0000 2024,1,memulai perjalanan di tahun 2024 yang menurut gw gk mulus alias ada masalahnya di akhir tahun 2023 sampe awal 2024 januari udh kerasa bngt pasti hubungan gw kandas februari dan bener aja di awal februari kejadian hubungan kandas itu maret masih mgerasa galau banget. - https://t.co/G44lktEqMc,1874229279074242659,https://pbs.twimg.com/media/GgKZlEqbYAE46Qa.jpg,,in,,0,2,0,https://x.com/YumnaBagas/status/1874229279074242659,1479894912292179968,YumnaBagas
1874117880230666479,Tue Dec 31 23:00:56 +0000 2024,0,juni 4 2/10 sebelum ambil almet mainn dulu menghirup udara pagi bdg sarapan gemes trus mam siang di kuro lucu deh sbnrnya aing happy ambil almet dan first rumah kuncup brg sappk tp putus kontol mana pretest gagal lagi (bodoh) fuck of lah https://t.co/apAuV17LSM,1874229278109557074,https://pbs.twimg.com/media/GgKZkB7bUAAaFDs.jpg,bluebcea,in,199,0,1,0,https://x.com/bluebcea/status/1874229278109557074,1815761949877227520,bluebcea
1873705810477592970,Tue Dec 31 23:00:46 +0000 2024,1,@msmiftaa @Elizena02 @adasuaminya @Seph_Bimo Harusnya dia bersyukur malah sayangnya kek apaan maksudnya kecewa karna circlenya ga ada voter 02? Jd org kok ga jelas ,1874229238435635258,,msmiftaa,in,,0,0,0,https://x.com/EnjoyLi1997/status/1874229238435635258,1525730442095521793,EnjoyLi1997
1874223170326323620,Tue Dec 31 23:00:45 +0000 2024,79,Aku harap kita semua mengerti bahwa menangis tidak kenal waktu dan perasaan sedih bisa datang kapan saja. Aku harap kita semua sadar dan berharap serta berdoa. Tolong jangan menyerah dan tetep hidup ya!!,1874229234367115274,,kataavana,in,,0,80,0,https://x.com/kataavana/status/1874229234367115274,1273213802486489088,kataavana
1874229232123207742,Tue Dec 31 23:00:45 +0000 2024,0,pagi pagi sedih sekali,1874229232123207742,,,in,,0,0,0,https://x.com/mysecretbio/status/1874229232123207742,1548948252741238789,mysecretbio
1874081372102684917,Tue Dec 31 23:00:40 +0000 2024,0,@pidibaiq Ayah aku lagi sedih..,1874229213815071064,,pidibaiq,in,"Bogor, Indonesia",0,0,0,https://x.com/amilies_/status/1874229213815071064,242211691,amilies_
1874229212967821557,Tue Dec 31 23:00:40 +0000 2024,0,GW SEDIH BGT ,1874229212967821557,,,in,✮ ⋆ she/her 𖦹 ⋆｡,0,0,0,https://x.com/bluestorbs/status/1874229212967821557,1269315052198191104,bluestorbs
1874229199034343767,Tue Dec 31 23:00:37 +0000 2024,0,gue sedih,1874229199034343767,,,in,,0,0,0,https://x.com/jesuiszara/status/1874229199034343767,1307003139631923201,jesuiszara
1874229198862328012,Tue Dec 31 23:00:37 +0000 2024,43,slmat pagie nal‼️ morninkk person bngt yh aku hehehheh smngt menjalani hari pertama di tahun 2025 inismoga tahun ini banyak bahagianya daripada sedih nya Amiinn kamu nya juga jaga kesehatan selalu yah banyakin minum air putih dan sarapan biar stronkk#MorniNala https://t.co/kWtRWLuLFh,1874229198862328012,https://pbs.twimg.com/media/GgKZhfubYAQi5g8.jpg,,in,,0,0,5,https://x.com/shellaanyaNala/status/1874229198862328012,1615354954826514434,shellaanyaNala
1874142217843204569,Tue Dec 31 23:00:35 +0000 2024,2,@argothrottle @briztamm agak kecewa kereta kahuripan arah bandung (BL-KAC) tidak berhenti di leles lagi. padahal di gapeka kemarin berhenti. kaum PJKA dan kaum piknik hemat area garut mikir dua kali nih,1874229190079512690,,argothrottle,in,"Yogyakarta, Indonesia",0,1,0,https://x.com/rdsamin/status/1874229190079512690,281039802,rdsamin
1874229143283654711,Tue Dec 31 23:00:23 +0000 2024,0,eh sedih bgt liat komen tiktok udh begini tgl nya https://t.co/2kTz7oT4ur,1874229143283654711,https://pbs.twimg.com/media/GgKZeIrb0AAwMID.jpg,,in,,0,0,0,https://x.com/aolaynez/status/1874229143283654711,1397197885960249345,aolaynez
1874229066934710525,Tue Dec 31 23:00:05 +0000 2024,0,Ko gagal https://t.co/OmupDC0b0L,1874229066934710525,https://pbs.twimg.com/media/GgKZZ29XIAAeTP0.jpg,,in,"Bandung, Jawa Barat",0,0,0,https://x.com/uniehope/status/1874229066934710525,1688862106324500480,uniehope
1874118768445841580,Tue Dec 31 22:59:55 +0000 2024,0,@eLganufa Sendirian? ,1874229022038855711,,eLganufa,in,,0,0,0,https://x.com/Ja99ungManies/status/1874229022038855711,1801490602405859332,Ja99ungManies
1874228832343069122,Tue Dec 31 22:59:09 +0000 2024,0,Tahun baru harus bangkit! Tinggalin hal yang bikin kita sedih kemaren. Buat kedepannya ayo bangkit dan maju terus. Jadilah manusia yang baik.,1874228832343069122,,,in,"Jawa Tengah, Indonesia",0,0,0,https://x.com/yoniyak_/status/1874228832343069122,1281128435985702912,yoniyak_
1874223170326323620,Tue Dec 31 22:58:59 +0000 2024,59,Semoga tidak ada yang merasa bersalah karena tidak bisa bahagia.,1874228790731432020,,kataavana,in,,0,64,0,https://x.com/kataavana/status/1874228790731432020,1273213802486489088,kataavana
1874228726915096828,Tue Dec 31 22:58:44 +0000 2024,0,pergantian tahun kali ini ngerasa ga excited sama apapun biasanya mau liat kembang api skrg kaya males aja gt bawaan nya sedih karena tau kalo awal tahun ini bakal campur aduk perasaan gua wkwk,1874228726915096828,,,in,,0,1,0,https://x.com/cacaciiiaw/status/1874228726915096828,1818915529316507648,cacaciiiaw
1874228646728392846,Tue Dec 31 22:58:25 +0000 2024,0,Aku sedih aku nangis. ,1874228646728392846,,,in,"Emory-Vibersviller, France",0,0,1,https://x.com/e___mor/status/1874228646728392846,3268776308,e___mor
1874228635659624455,Tue Dec 31 22:58:22 +0000 2024,0,Ini gue yg excited sendirian kah,1874228635659624455,,,in,💢🛌🏻🧠🫶🏻🥺,0,0,0,https://x.com/imayulsun/status/1874228635659624455,1472416327386087426,imayulsun
1874228572526960886,Tue Dec 31 22:58:07 +0000 2024,43, Ratu Rimba vs. Kawanan Hyena Kisah Keberanian yang Mendebarkan Pernahkah kamu melihat seekor singa betina menghadapi kawanan hyena sendirian? Ini adalah salah satu momen paling mendebarkan di alam liar. Di balik keganasan ini ada cerita tentang keberanian strategi dan https://t.co/csotnjApro,1874228572526960886,https://pbs.twimg.com/amplify_video_thumb/1874228485541289990/img/1x2sbibql1dJWmPu.jpg,,in,"Tangerang, Indonesia",0,51,0,https://x.com/nellesta12/status/1874228572526960886,2734530816,nellesta12
1874228554642382958,Tue Dec 31 22:58:03 +0000 2024,0,bangun dengan perasaan hampa dan mikir ini gue ngapain ya kalau udh gak ada fromis lagi mereka bakal redebut berdelapan lagi kan ya? habis ini mereka masih bakal ngasih kabar terus kan sampe ada berita lanjutan kegiatan mereka lagi? kan gak diumumin bubar cuma putus kontrak ,1874228554642382958,,,in,brooklyn,0,1,0,https://x.com/gyeoulgyulie/status/1874228554642382958,1794954603852881920,gyeoulgyulie
1874029624164048959,Tue Dec 31 22:54:05 +0000 2024,0,@gagal_hijrah Beragama koq ribet banget yach...,1874227555253051864,,gagal_hijrah,in,,0,0,0,https://x.com/hilaria86302/status/1874227555253051864,1724934846647275520,hilaria86302
1874227554829336843,Tue Dec 31 22:54:05 +0000 2024,0,1 januari abang gua finally asn (alhamdullilah) yang lompat-lompat gua. Padahal baru aja gagal nikah.,1874227554829336843,,,in,Mars,0,0,0,https://x.com/doewwwwww/status/1874227554829336843,361853283,doewwwwww
1874227544129757542,Tue Dec 31 22:54:02 +0000 2024,0,Sarah: Love in Bandung - Oben Cedric Sarah: Perempuan Jakarta pekerja kreatif di bidang pemasaran digital. Awalnya merasa terasing dan k... Jokowi Ahok Baca selengkapnya di aplikasi KBM App. Klik link di bawah: https://t.co/dfHJr3WzVw,1874227544129757542,,,in,"Bandung, Indonesia",0,0,0,https://x.com/bennyrhamdani_/status/1874227544129757542,402415197,bennyrhamdani_
1874227433966375262,Tue Dec 31 22:53:36 +0000 2024,0, Ingat capek itu wajar tapi menyerah itu hina. Terimakasih kak #slamjowww sudah diingatkan semoga Allah memampukan kita semua. #selfreminder #justword #poem #diksi,1874227433966375262,,,in,"Yogyakarta, Indonesia",0,0,0,https://x.com/RenjanaNayanika/status/1874227433966375262,1629359266602811394,RenjanaNayanika
1874227350675873829,Tue Dec 31 22:53:27 +0000 2024,0,ya karena markus android kan....... dan ngga seharus/biasanya dia punya perasaan......... tapi dia tadi abis ngancurin tembok sih alhasil dia bisa ngerasain emosi i guess? jadi dia bisa nangis di situ :( markus sampe nganggep carl bapaknya loh :( gue SEDIH BANGET SUMPAH.,1874227394724475239,,minityuni,in,,0,1,0,https://x.com/minityuni/status/1874227394724475239,1318123249914408960,minityuni
1874227315577937954,Tue Dec 31 22:53:08 +0000 2024,0,Semoga kak ika tak busy harini!!! Kalau busy confirm malam dapat pasrah jelah,1874227316995539244,,AyusHulk,in,Malaysia,1,0,0,https://x.com/AyusHulk/status/1874227316995539244,1103149010,AyusHulk
1874227270661136726,Tue Dec 31 22:52:57 +0000 2024,0,gua capeee sedih sedih muluuuuuu ngentoddd,1874227270661136726,,,in,,0,1,0,https://x.com/dingthekntl/status/1874227270661136726,1677541480267907072,dingthekntl
1874227240218878170,Tue Dec 31 22:52:50 +0000 2024,0,sedih banget rasanya ngelewatin liburan ini tanpa kemana-mana. mungkin kalo sebelumnya ga ada niatan mau jalan si mending aja. sekali lagi emang ga boleh berharap lebih sama apapun.,1874227240218878170,,,in,,0,0,0,https://x.com/zyxwvagina/status/1874227240218878170,2595975356,zyxwvagina
1874227222250496334,Tue Dec 31 22:52:45 +0000 2024,0,sedih banget plis liatnyaa ga tega,1874227222250496334,,,in,in hell,0,0,0,https://x.com/acissss__/status/1874227222250496334,1524091395627126789,acissss__
1874227204655374618,Tue Dec 31 22:52:41 +0000 2024,1,1/366 Mencoba dan gagal itu lebih baik daripada gak melakukan apapun jadi buang rasa keraguan itu dan mulai,1874227204655374618,,,in,,0,0,0,https://x.com/aidahfifah/status/1874227204655374618,1610276404519931904,aidahfifah
1873963232446341605,Tue Dec 31 22:52:00 +0000 2024,1,@SanjeevanSS Gagal teruk kerajaan skrg ni,1874227030306545708,,SanjeevanSS,in,Kajang Utama,0,0,0,https://x.com/SudinYuss/status/1874227030306545708,1338117580364468224,SudinYuss
1874227007976071181,Tue Dec 31 22:51:54 +0000 2024,0,Kawan-kawan terbaik akan bersama menyembuhkan luka menguatkan saat gagal. Meski tidak selalu ada dalam perayaan kemenangan. Baginya cukup memastikan kamu berhasil melewati waktu sulit dan bahagia.,1874227007976071181,,,in,,0,0,0,https://x.com/pendiawant/status/1874227007976071181,1873310370347290624,pendiawant
1874227001340649614,Tue Dec 31 22:51:53 +0000 2024,0,Bener² makasii banyak buat urichil boynextdoor seventeen jugaa semuanya dahh yg udah selalu ngasih kebahagiaan buat aku di 2024 sehingga ak tidak merasa sering stres haha,1874227001340649614,,,in,,0,0,0,https://x.com/aloeealooooo__/status/1874227001340649614,1414868542478901250,aloeealooooo__
1873967634934620676,Tue Dec 31 22:51:49 +0000 2024,0,@kancinkbaaju se pasrah itu ya,1874226985809203704,,kancinkbaaju,in,19,0,0,0,https://x.com/kisseaaa/status/1874226985809203704,1762401226392788992,kisseaaa
1874226965668106320,Tue Dec 31 22:51:44 +0000 2024,0,Sedih bgt sialannnn,1874226965668106320,,,in,,0,0,0,https://x.com/betteronpluto/status/1874226965668106320,1859814421490696192,betteronpluto
1874124893987758535,Tue Dec 31 22:51:31 +0000 2024,0,@MorphoMenelausX kerja keras kerja cerdas kerja ikhlas itu semboyan kita. tak kenal lelah tak kenal menyerah itulah semangat kita. maju jaya untuk selamanya.,1874226911465136308,,MorphoMenelausX,in,بلاد تحت الريح,0,0,0,https://x.com/ibnsenussi/status/1874226911465136308,1579444437242957825,ibnsenussi
1874226898424975564,Tue Dec 31 22:51:28 +0000 2024,2,next time nungguin banget wijaya80 bikin lagu yang setipe sama cigarettes of ours atau waktuku hampa,1874226898424975564,,,in,entertainment.,0,0,0,https://x.com/blisslaceup/status/1874226898424975564,1676891869446569984,blisslaceup
1874226849410375876,Tue Dec 31 22:51:17 +0000 2024,62,Yujiem sender maba fmipa dan dapet nilai kalkukus C. Itu mending diulang apa engga ya? Sedih bgtt huhuhu,1874226849410375876,,,in,RULES,18,28,0,https://x.com/UGM_FESS/status/1874226849410375876,1277749122296983552,UGM_FESS
1874133306499096937,Tue Dec 31 22:46:00 +0000 2024,0,@diveintoyouthh Kayaknya gaada... Penonton kecewa,1874225521418244116,,anothersyews,in,m,0,1,0,https://x.com/anothersyews/status/1874225521418244116,1346769658624397312,anothersyews
1874223745654808756,Tue Dec 31 22:45:59 +0000 2024,0,@kataavana @idextratime Gak kok.. Gw isi gagal terus tapi pas 3x isi baru berhasil dapet kwh nya 2x lipat dari biasanya,1874225516485689609,,kataavana,in,,0,1,0,https://x.com/kucingminumbir/status/1874225516485689609,1191768660563517442,kucingminumbir
1873953384400904491,Tue Dec 31 22:45:58 +0000 2024,0,@haiimatcha_ Sangat amat jadi lelah,1874225511448404101,,haiimatcha_,in,"New York, USA",0,0,0,https://x.com/dwumbass/status/1874225511448404101,2755821490,dwumbass
1874225449892794724,Tue Dec 31 22:45:43 +0000 2024,0,sedih bgt wkwkwk,1874225449892794724,,,in,,0,1,0,https://x.com/Nnotessambat/status/1874225449892794724,1212903351286845441,Nnotessambat
1874123377499398391,Tue Dec 31 22:45:39 +0000 2024,0,@glimpause selalu excited sendirian,1874225433803366680,,glimpause,in,,0,0,0,https://x.com/koperaasi/status/1874225433803366680,1599558497934319617,koperaasi
1874104780538470682,Tue Dec 31 22:45:37 +0000 2024,0,@dvmpl Pagi ini masih sedih nggak,1874225426228449418,,dvmpl,in,ꪖꪑ꠸ᧁꪮᦓ,0,0,0,https://x.com/astraiueo/status/1874225426228449418,946313792304046080,astraiueo
1874224985465905387,Tue Dec 31 22:45:19 +0000 2024,1,Sedih juga tau sbg anak kita merasa org tua tuh ga percaya sama kita...padahal ga macem-macem jg??? Aplg usia 20an pola pikirnya jg udh ga yg se-labil usia remaja...dan harusnya kita jg udh punya hak buat diri kita sendiri tp kalo apa-apa ga boleh ya tertekan jg:)),1874225349183365519,,chocoheeseuxng,in,she/her,0,1,0,https://x.com/chocoheeseuxng/status/1874225349183365519,783451520280834048,chocoheeseuxng
1874060292101202112,Tue Dec 31 22:45:10 +0000 2024,0,@tempodotco @jokowi emang tolol dasar manusia terkorup. muka badak gk tau malu gak merasa bersalah. tangkap dan adili @jokowi,1874225310214017488,,tempodotco,in,Jakarta Capital Region,0,0,0,https://x.com/seterahguadong/status/1874225310214017488,1023427803386064898,seterahguadong
1874225294929809434,Tue Dec 31 22:45:06 +0000 2024,20,Sender bangun pagi dengan harapan ada kabar wrapped di Ijo... ternyata emang ga ada ya? :( sedih banget padahal pengin liat gepeng yang paling sering sender baca... mana harga koinnya udh naik gara² 12% lagi :( sedih,1874225294929809434,,,in,kirim mfs cek link di bio,2,3,1,https://x.com/WEBCOMICFESS/status/1874225294929809434,1006753605205053447,WEBCOMICFESS
1874225285177991488,Tue Dec 31 22:45:04 +0000 2024,7,wal lagi rame bnr isu duit palsu jujur aku gair soalnya aku dua kali ada diberi keluarga ku cash tapi pas handak ku setor ke rek malah gagal berkali kali padahal duit yg awalnya tekusasai sdh ku bujuri supaya rapi kd telipat lagi tapi tetap gagal trs,1874225285177991488,,,in,"Kalimantan Selatan, Indonesia",0,5,0,https://x.com/banjarbase/status/1874225285177991488,981988393,banjarbase
1873867325600129418,Tue Dec 31 22:45:03 +0000 2024,0,@PunchingCat sedih amat meng ,1874225282280022359,,PunchingCat,in,Agust D 🥢,0,0,0,https://x.com/minesuga27/status/1874225282280022359,3080162052,minesuga27
1874225227636609090,Tue Dec 31 22:44:50 +0000 2024,0,Otak yang terkasih tolong berhentilah berpikir berlebihan bahwa aku lelah.,1874225227636609090,,,in,"Cirebon, Jawa Barat",0,0,0,https://x.com/SmileybaruLagi/status/1874225227636609090,1697413968137162752,SmileybaruLagi
1874207285578465720,Tue Dec 31 22:43:56 +0000 2024,4,@BunniesxCs baju honeymoon tapi gagal woyylahh aku jugaa baru liatt,1874224999877529972,,BunniesxCs,in,,0,0,0,https://x.com/nznz_raa/status/1874224999877529972,1815420625420476416,nznz_raa
1874002015191511324,Tue Dec 31 22:43:51 +0000 2024,15,@SAIBdelvi yg paling sedih adalah... BANYAK MUSLIM YG MENGHALALKAN BIKIN BANYAK ANAK. pdhl islam sudah jelas.. prioritas kita tu ADAB dan ILMU. adab yg lebih utama dan juga ISLAM MELARANG MELEBIH-LEBIHKAN SESUATU. JGN DIKURANGI JGN DITAMBAHI DASAR BUAT BIKIN BANYAK TU ANAK LEMAH DI ISLAM,1874224980201971942,,SAIBdelvi,in,"DKI Jakarta, Indonesia",0,5,0,https://x.com/akubukanako/status/1874224980201971942,778692608,akubukanako
1874148461031153694,Tue Dec 31 22:43:34 +0000 2024,0,@crudsial keputer itu atuh padahal mah ga galau,1874224908001305043,,crudsial,in,"Lampung, Indonesia",0,0,0,https://x.com/solusisosmed1/status/1874224908001305043,1803358586812375041,solusisosmed1
1874158289023635787,Tue Dec 31 22:43:27 +0000 2024,0,@jukkutgoreng terus berjuang... jangan menyerah..,1874224880557891718,,jukkutgoreng,in,,0,0,0,https://x.com/NurKhol81980737/status/1874224880557891718,1350647938494578690,NurKhol81980737
1874113579164811272,Tue Dec 31 22:43:25 +0000 2024,1,@peacheavenly YUK PLS GUE GA KUAT SENDIRIAN,1874224871926096271,,watercresemi,in,"caratland, s/her '07.⁠ ｡⁠*⁠♡",0,0,0,https://x.com/mienghaow/status/1874224871926096271,1680368880399822849,mienghaow
1874058476026315018,Tue Dec 31 22:42:52 +0000 2024,0,@Gapyaks @Otto2860 @ch_chotimah2 Skenario drama 3 periode telah disusun. Alur dan tokoh cerita telah dipastikan. Karena ketum pdi gak mau ambil peran maka drama gagal. Bicara mungkin gak mungkin lihat bagaimana lembaga MK bisa di atur untuk loloskan samsul gibran,1874224733451149416,,Gapyaks,in,,0,0,0,https://x.com/CahBajang2/status/1874224733451149416,1400286995541155843,CahBajang2
1874224674823168305,Tue Dec 31 22:42:38 +0000 2024,0,Sedih bgt kya irg lain tuh ngeremhin gw mulu,1874224674823168305,,,in,Republic of Korea,0,0,0,https://x.com/Lucyy60138269/status/1874224674823168305,1258377105894551552,Lucyy60138269
1874224644934557793,Tue Dec 31 22:42:31 +0000 2024,1,Ternyata 2024 banyak bgt yg dilalui dr gonta ganti kerja sampe gagal jd menantu idaman. Bismillah 2025 sehat dan kaya raya,1874224644934557793,,,in,+62,0,0,0,https://x.com/bunyihujann_/status/1874224644934557793,1144476462,bunyihujann_
1874224599254368728,Tue Dec 31 22:42:20 +0000 2024,0,Selamat datang di tahun baru ini chapter baru buat lo yang masih galau! Cinta mungkin bisa bikin lo jungkir balik tapi ingat: lo pemeran utama di kisah hidup lo sendiri / ↻ #arezapng - #archivetwt #lifetwt https://t.co/ygb186ZuNo,1874224599254368728,https://pbs.twimg.com/media/GgKVRb5bYAAo3tI.jpg,,in,,0,1,1,https://x.com/arezapng/status/1874224599254368728,1853803943043997696,arezapng
1874224592929382690,Tue Dec 31 22:42:19 +0000 2024,1,btw sepi bgt ya di hometown. semalem sampe ibu nanya tumben ga keluar seharian malem taun baru lho sedih makin dewasa makin gada inpo inpo sama temen. pakmennnn,1874224592929382690,,,in,20 hz - 20k hz,0,1,0,https://x.com/yungberr_/status/1874224592929382690,1135304330913898496,yungberr_
1874224469776228357,Tue Dec 31 22:41:49 +0000 2024,2,sumpah ya MOMENT PLEUMON GAPERNAH GAGAL BIKIN GUE LEMES age gapnya berasa bgt soalnya DAN CHIMON MANJA BANGET ,1874224469776228357,,,in,(TN) | DO | EM | FB | MN | JD,0,1,0,https://x.com/bucinnyaviho/status/1874224469776228357,1240272213934129152,bucinnyaviho
1874084213634556252,Tue Dec 31 22:41:42 +0000 2024,1,@Franken_blues Gelar atau status dari OCCRP itu mesti ditambah KORUPTOR PALING CERDIK dan NDABLEK karena pintar mengelak dan tidak merasa bersalah sama sekali.,1874224440411906168,,Franken_blues,in,,0,0,0,https://x.com/AbdSalam272065/status/1874224440411906168,1835971325149802496,AbdSalam272065
1874224391535624617,Tue Dec 31 22:41:31 +0000 2024,0,sedih dikit wkwkw,1874224391535624617,,,in,personal acc,0,1,0,https://x.com/magnoliowl/status/1874224391535624617,1562378548718972929,magnoliowl
1874029624164048959,Tue Dec 31 22:41:24 +0000 2024,0,@gagal_hijrah Dia beragama begini Lo beragama begitu Ya urus aja keyakinan masing2 Ribet amat,1874224365698769374,,gagal_hijrah,in,,0,0,0,https://x.com/TaniaTngm20215/status/1874224365698769374,1735841952543932416,TaniaTngm20215
1874224331963924868,Tue Dec 31 22:41:19 +0000 2024,3,2. Emosi yang Lebih Kuat Peristiwa negatif sering kali memicu emosi yang lebih intens seperti marah sedih atau kecewa. Emosi yang kuat ini membuat otak lebih cenderung menyimpannya sebagai kenangan yang mendalam dibandingkan dengan peristiwa yang biasa saja.,1874224342646874369,,quoterandom05,in,,0,1,0,https://x.com/quoterandom05/status/1874224342646874369,1734143539226001408,quoterandom05
1874224341086556227,Tue Dec 31 22:41:18 +0000 2024,0,orang2 pd liburan biar nggak stres lah sini udah stres nggak liburan ,1874224341086556227,,,in,Indonesia,0,0,0,https://x.com/dddddie___/status/1874224341086556227,4025567532,dddddie___
1874084213634556252,Tue Dec 31 22:41:10 +0000 2024,0,@Franken_blues Klo orang yg merasa bersalah akan marah2 dan teriak2 klo itu dusta dan fitnah yg akan dibawa ke ranah hukum...beliau tidak merasa jadinya ya tenang aja...sehat selalu pak Jokowi,1874224306844295364,,Franken_blues,in,,0,0,0,https://x.com/TyoPras2000/status/1874224306844295364,1741457160792686593,TyoPras2000
1874046635162165324,Tue Dec 31 22:41:05 +0000 2024,0,@Heraloebss Laaahhh kok bisa pada bahagia??? Itu korupto anjirrrr koruptooor. Bukan terdakwa tidak bersalah atau polisi salah jeblosin orang. Buseeeetttt bisa riang gembira gituuu. Pernyataan Sandra Dewi aja udh bisa dibilang konyol. Kwkwkkwkw suami oenguasaha bisa²nya ga pernah nafkahi.,1874224283683348568,,Heraloebss,in,,0,0,0,https://x.com/ineuxrable/status/1874224283683348568,1685470849015619584,ineuxrable
1874022781442302400,Tue Dec 31 22:41:04 +0000 2024,0,@daiisykyy Aku bakal takut sih kalo kayak gini sendirian,1874224280650793031,,daiisykyy,in,,0,0,0,https://x.com/akualcade/status/1874224280650793031,1219020416825475072,akualcade
1874222781111382289,Tue Dec 31 22:40:50 +0000 2024,1,@convomf Resolusi=Tuntutan Inget jangan banyk nuntut ntar kecewa,1874224219707588920,,convomf,in,Bumi ,0,0,0,https://x.com/afifptr4/status/1874224219707588920,2226780313,afifptr4
1874224210081632546,Tue Dec 31 22:40:47 +0000 2024,2,Kata kuncinya adl JGN MUDAH MENYERAH Org yg gagal dlm bidang tertentu ternyata akhirnya bs sukses jg krn kegigihan utk berusaha dan belajar. https://t.co/xcDtZNuQp7,1874224210081632546,https://pbs.twimg.com/ext_tw_video_thumb/1874224169480839169/pu/img/xB9zgYuVhAaJp9Iu.jpg,,in,"Semarang, Indonesia",0,0,3,https://x.com/syahirularif/status/1874224210081632546,112049860,syahirularif
1874224205954474120,Tue Dec 31 22:40:46 +0000 2024,0,Semoga ga ada kabar yang super duper mega sedih di 2025,1874224205954474120,,,in,perempatan newzealand,0,0,0,https://x.com/babyalpaka/status/1874224205954474120,1182426328609374208,babyalpaka
1874224144373686445,Tue Dec 31 22:40:32 +0000 2024,0,Semalem tidur gelisah ga nyenyak banget,1874224144373686445,,,in,,0,0,0,https://x.com/chcomynt/status/1874224144373686445,771246445068288000,chcomynt
1874224136471621687,Tue Dec 31 22:40:30 +0000 2024,0,sedih kalau di ceritain mah,1874224136471621687,,,in,,0,0,0,https://x.com/duajutakilo/status/1874224136471621687,1386007030620516354,duajutakilo
1874224136106762612,Tue Dec 31 22:40:30 +0000 2024,0,Senang iya sedih iya campur lah pokoknya,1874224136106762612,,,in,rumah,0,0,0,https://x.com/BrianWidyanto/status/1874224136106762612,1280863281071022085,BrianWidyanto
1873935667992158549,Tue Dec 31 22:40:26 +0000 2024,0,@MbahGendhu @RadioElshinta Bukannya sangat responsive menanganin kesulitan2 &amp; kesepian yg dialami jande2 muda yg cantik &amp; sexy konon anggota2 hewan yg paling ganteng di seantero bonbin bakal nangani lgsng kesepian2 mereka,1874224121414115689,,MbahGendhu,in,,0,0,0,https://x.com/antikadrunbang/status/1874224121414115689,1509132819993309188,antikadrunbang
1874015060949164313,Tue Dec 31 22:40:22 +0000 2024,0,@bmeloved butuh tutor menghilangkan cemas,1874224103655432331,,bmeloved,in,"Medan, Sumatera Utara, ID",0,0,0,https://x.com/ndogito/status/1874224103655432331,181036727,ndogito
1874223297971577236,Tue Dec 31 22:40:14 +0000 2024,0,lagi galau atau ngga lagu ini beneran sedih menusuk hati tiap didengerin ,1874224069857673352,,kkinokocchi,in,勝デク | 出勝 💥🥦,0,0,0,https://x.com/kkinokocchi/status/1874224069857673352,1423173248464736260,kkinokocchi
1874158459706556850,Tue Dec 31 22:40:08 +0000 2024,0,@xSouta_ otsuuu sayangg pasti lelah banget yaa.. tysmm udah nemenin 12jam berempatt! selamatt tahun baruuu buat kaliannn para sol4ce and solfm! selamat beristirahat ,1874224047317541279,,xSouta_,in,"Herdern, Schweiz",0,0,0,https://x.com/caramelmeeow/status/1874224047317541279,1869115700922765312,caramelmeeow
1873885018487181416,Tue Dec 31 22:39:46 +0000 2024,0,@penaikhwan sedih banget kisahnya,1874223952387858885,,penaikhwan,in,unlabeled. ,0,0,0,https://x.com/posesifl/status/1874223952387858885,1368524362316275714,posesifl
1874223932674658443,Tue Dec 31 22:39:41 +0000 2024,0,Sama sih nder. Dulu pas masih SMA ya sedih. Tp sekarang umur 20an udh biasa aja. Malah males keluar wkwk,1874223932674658443,,,in,,0,0,0,https://x.com/rn_ldl/status/1874223932674658443,1243766551,rn_ldl
1874129773586506011,Tue Dec 31 22:39:35 +0000 2024,11,@kraayonn Mungkin caranya dgn ngekos jadi ga ada yg ngekang ga merasa ortu strict dll Aku ga tau ya kecewa km tuh kyk gmna krn aku b aja tiap tahun baruan ga ad bakar2an (kecuali pas thn baru Islam) Tp percaya deh skrg kamu marah bgt ke ortu. Nanti km bakal kangen sama momen dimarahi ,1874223905667514431,,kraayonn,in,,0,1,2,https://x.com/bjerkala/status/1874223905667514431,1826987126900310017,bjerkala
1874060567817970127,Tue Dec 31 22:39:33 +0000 2024,0, lagipula kamu dateng cuma kalau ada butuhnya &amp; lagi kesepian aja kan? move. on.,1874223898776191457,,billkiyn,in,she / her,0,0,0,https://x.com/billkiyn/status/1874223898776191457,2506430438,billkiyn
1874223772993298876,Tue Dec 31 22:39:03 +0000 2024,0,Galau beratt ihhhh BENERAN ALARM YANG BISA DIPERCAYA HANYA BUNDA,1874223772993298876,,,in,m,0,1,0,https://x.com/anothersyews/status/1874223772993298876,1346769658624397312,anothersyews
1873676601420112337,Tue Dec 31 22:39:00 +0000 2024,0,@enzo8nandez @davikairna @urnumeeroone Dih gw yg judge dia lu yg marah kenapa lu ngerasa? Pacaran emang aneh lah itu bisa bikin tuh cewek stres gila .Gw mau salah baca kek nyatanya pacaran tuh emg bikin goblok orang perempuan emang hrs dijaga kehormatannya lu gak tau? Duh,1874223759345017087,,enzo8nandez,in,DKI Jakarta,0,1,0,https://x.com/talibloomy/status/1874223759345017087,1816755676397654016,talibloomy
1874223615518122130,Tue Dec 31 22:38:25 +0000 2024,0,sedih bgt ajg ko bs ajg no w yg blkng ny 44 ud g aktif pdhl ad no baraaaaa perjuangan gue buat dpt no baraaaaa sia-sia HAHSJSJSKJSHSHSHS,1874223615518122130,,,in,,0,0,0,https://x.com/redswrrtnis/status/1874223615518122130,1873099187774238720,redswrrtnis
1874223437285368059,Tue Dec 31 22:37:43 +0000 2024,1,Tak apa apa sambil melamun memikirkan semuanya sendirian.,1874223437285368059,,,in,Borneo city,0,0,0,https://x.com/rifda_oey/status/1874223437285368059,2886834739,rifda_oey
1874223356935131263,Tue Dec 31 22:37:24 +0000 2024,0,sedih banget ngikutin hivi dari personel lama sampe ditinggal neida tapi aku blm kesampean nonton konser kalian,1874223356935131263,,,in,Indonesia,0,0,0,https://x.com/stellartanz/status/1874223356935131263,4179622213,stellartanz
1874223240731873722,Tue Dec 31 22:36:56 +0000 2024,0,sedih bgt ternyata aku udh sejauh ini sm allah saking ngerasa kaya gt sampe baru blg yallah aja udh nangis duluan .,1874223240731873722,,,in,,0,0,0,https://x.com/nainainainajpg/status/1874223240731873722,1816387721159663619,nainainainajpg
1874223193369829581,Tue Dec 31 22:36:45 +0000 2024,0,pagi-pagi ryujin galau gue takut ikutan gila,1874223193369829581,,,in,,0,1,0,https://x.com/HomiesSohyun/status/1874223193369829581,3560982132,HomiesSohyun
1874029624164048959,Tue Dec 31 22:36:44 +0000 2024,1,@gagal_hijrah Loh menurut Abang harus bagaimana ? Beda agama beda aturan dan ajarannya... Cetek banget pikiran loe ...,1874223188546380150,,gagal_hijrah,in,"Kota Surabaya, Jawa Timur",0,1,0,https://x.com/konohatercinta/status/1874223188546380150,997887506854043648,konohatercinta
1873696792623362511,Tue Dec 31 22:36:40 +0000 2024,0,Tiap saat slalu stalk twnya ngarep klo dia nulis sesuatu ttg aku. Tp ternyata jarang ngetwit yg ditwit malah org lain. Sedih,1874223172779958613,,tak0yachi,in,,0,0,0,https://x.com/tak0yachi/status/1874223172779958613,1398099914266083328,tak0yachi
1874223105796956234,Tue Dec 31 22:36:24 +0000 2024,0,Udah cukup sih effort ke temen cwe sendiri.. Kurang2i yg bikin kecewa,1874223105796956234,,,in,,0,0,0,https://x.com/kitkatore/status/1874223105796956234,1496511981594943492,kitkatore
1873839852560765103,Tue Dec 31 22:36:16 +0000 2024,31,@viaarttt @fortunerrkukiss Yang bikin aneh dia bikin perk%sa dg capslock dan tanpa rasa bersalah. Dia aneh,1874223073869824254,,viaarttt,in,,0,1,0,https://x.com/Bioluminisence/status/1874223073869824254,1759172148122558464,Bioluminisence
1874223059202420997,Tue Dec 31 22:36:13 +0000 2024,0,aku sedih sampe physically feel it in my chest,1874223059202420997,,,in,,0,0,0,https://x.com/goingcheol_/status/1874223059202420997,1072791558729031680,goingcheol_
1874222991485374506,Tue Dec 31 22:35:57 +0000 2024,0,happy new year awali tahun baru dgn depresi ,1874222991485374506,,,in,,0,0,0,https://x.com/cheeeewiez/status/1874222991485374506,1379464268718895104,cheeeewiez
1874020628187197924,Tue Dec 31 22:35:54 +0000 2024,0,@SINDOnews @Dandhy_Laksono mulyono pikir kalau korupsi itu ambil uang proyek buat kepentingan pribadi spt yg dilakukan KPK dengan OTT nya padahal istilah korupsi sudah berkembang di negara2 maju makanya dia ngeles bilang ini adalah framing jahat skenarionya gagal total krn dia kurang update informasi,1874222981750345895,,SINDOnews,in,"Kongo, Africa",0,0,0,https://x.com/okino2x/status/1874222981750345895,984328163210682368,okino2x
1873870358476185709,Tue Dec 31 22:35:49 +0000 2024,1,@yourrianahehe Gw sedih kasian ke anak gw sih miiiii:( gw mah bodo amattt gaperlu2 jg ama mereka. Tp gw yakin kalo anak gw gedean gamau sm mereka pasti gw yg disalahin,1874222958191010009,,yourrianahehe,in,,0,1,0,https://x.com/penikmatriba/status/1874222958191010009,1199311302201470976,penikmatriba
1874222829123887217,Tue Dec 31 22:35:18 +0000 2024,0,LAHHH KOK AKU SEDIH??? Aku bukan Flover tapi suka sama lagu²nya mereka dan udah ngikutin dari finalnya Idol School Mereka nih kasihan karena dilempar ke agensi sana-sini tapi kualitasnya tetap bagus Cantik suara &amp; dance bagus malah bubar,1874222829123887217,,,in,,0,0,0,https://x.com/wonpilkita/status/1874222829123887217,1411998040076951555,wonpilkita
1874222713176547800,Tue Dec 31 22:34:50 +0000 2024,0,2024: nggak nyerah tapi pasrah bismillah 2025 berserah,1874222713176547800,,,in,disini,0,0,0,https://x.com/ymissyoul/status/1874222713176547800,3088729334,ymissyoul
1874222677940199670,Tue Dec 31 22:34:42 +0000 2024,0,kenapa sampe sekarang masih nyes bgt kalo keingetan sedih banget deh.. rasanya kaya ada lubang didada,1874222677940199670,,,in,,0,0,0,https://x.com/moodscrp/status/1874222677940199670,1616814042999582721,moodscrp
1874177103400411307,Tue Dec 31 22:34:41 +0000 2024,0,@Nungkierika1 @CCccccc2021 @pln_123 Iya aku transaksi pake VA tapi saat transaksi gagal saldoku gak kepotong,1874222672714043412,,Nungkierika1,in,"Jakarta Timur, DKI Jakarta",0,0,0,https://x.com/keep_believe/status/1874222672714043412,63383634,keep_believe
1865727407225024527,Tue Dec 31 22:34:03 +0000 2024,0,@cindyfrh Turut berduka ya Cin. Semoga beliau selalu di surgaNya. Kuat tabah selalu. Pasti berat dan sedih banget. Take your time ️,1874222515234759019,,cindyfrh,in,"Coventry, England",0,1,0,https://x.com/Alpriliaa/status/1874222515234759019,102369065,Alpriliaa
1874222502056255742,Tue Dec 31 22:34:00 +0000 2024,1,Dugaan itu belum tentu terbukti bersalah secara hukum. Orang dianggap bersalah secara hukum jelas ketika dah ada putusan dari pengadilan. Kalau analisa dijadikan rujukan orang itu bersalah apa tidak secara hukum? Jelas ente harus belajar lagi tentang hukum. Dasar hukum itu bukti.,1874222502056255742,,,in,"Bumiayu, Indonesia",0,0,1,https://x.com/sukardiyahya162/status/1874222502056255742,1539724674749579265,sukardiyahya162
1874042434780619112,Tue Dec 31 22:34:00 +0000 2024,0,@Heraloebss Nih kepolisian dah gagal total berarti yak @ListyoSigitP ?,1874222502018466288,,Heraloebss,in,,0,0,0,https://x.com/TaniaTngm20215/status/1874222502018466288,1735841952543932416,TaniaTngm20215
1874222500206567738,Tue Dec 31 22:34:00 +0000 2024,0,sedih bgt sih ini....,1874222500206567738,,,in,homophobic dnf,0,0,0,https://x.com/baeswara/status/1874222500206567738,1723669204950458368,baeswara
1874024152354742769,Tue Dec 31 22:33:51 +0000 2024,0,@imnotningnying Selama ini sudah nyaman sendirian jadi lupa kalo ga punya teman,1874222464307519854,,imnotningnying,in,,0,0,0,https://x.com/delfiayolanda/status/1874222464307519854,1298209864720637952,delfiayolanda
1874171226379501857,Tue Dec 31 22:32:44 +0000 2024,0,@favurgirlv Gagal ngapain?,1874222182743806437,,favurgirlv,in,"Yogyakarta, Indonesia",0,0,0,https://x.com/ShRudianto/status/1874222182743806437,1063376435547529217,ShRudianto
1874222125319676231,Tue Dec 31 22:32:30 +0000 2024,0,Nyari kerja di luar apa ya Lelah beud di indo bkn krn kantor gue yg bikin lelah tp kondisi negaranya yg...... Huft,1874222125319676231,,,in,"Jakarta Capital Region, Indone",0,0,0,https://x.com/Dhilalicia/status/1874222125319676231,58065985,Dhilalicia
1874222073163436283,Tue Dec 31 22:32:18 +0000 2024,0,sedih pakeee bangetttt... udahlah emg gabisa diarepin tuh orang,1874222073163436283,,,in,,0,0,0,https://x.com/lalaaaa_901/status/1874222073163436283,1708626357876670464,lalaaaa_901
1874140007457579225,Tue Dec 31 22:32:14 +0000 2024,0,@kagecimol gimana sih aku kan jd kesepian,1874222055891312692,,kagecimol,in,she/her,0,1,0,https://x.com/kageyamatelolet/status/1874222055891312692,1809304849240199168,kageyamatelolet
1874222023402283377,Tue Dec 31 22:32:07 +0000 2024,4,1. Mengganggu Psikologis Korban Prank yang melibatkan kejutan ekstrem atau hal-hal yang menakutkan bisa meninggalkan trauma psikologis pada korban. Mereka bisa merasa cemas takut bahkan kehilangan kepercayaan pada orang di sekitar mereka.,1874222030079607271,,quoterandom05,in,,0,1,0,https://x.com/quoterandom05/status/1874222030079607271,1734143539226001408,quoterandom05
1874221965491528007,Tue Dec 31 22:31:52 +0000 2024,0,nginep di kos Malika trs Urup kedengeran bangettt jadi sedih krn gak nntn,1874221965491528007,,,in,,0,1,0,https://x.com/Oktaaayyyyy/status/1874221965491528007,4198892058,Oktaaayyyyy
1874020628187197924,Tue Dec 31 22:31:48 +0000 2024,3,@Dandhy_Laksono mulyono keliatanya gak update kalau korupsi itu cuma mengambil uang rakyat utk kepentingan pribadi makanya ketika ada pengumuman namanya jdi finalis pemimpin paling korup dunia dia ngeles: ini sdh framing jahat skenario nya gagal total krn kurang update dgn istilah korupsi,1874221950396170567,,Dandhy_Laksono,in,"Kongo, Africa",0,1,0,https://x.com/okino2x/status/1874221950396170567,984328163210682368,okino2x
1874221911288451282,Tue Dec 31 22:31:39 +0000 2024,2,baru awal tahun masa sedih,1874221911288451282,,,in,"Jawa Timur, Indonesia",0,8,0,https://x.com/anggiiiputri_/status/1874221911288451282,1293082159398305793,anggiiiputri_
1874221909828841826,Tue Dec 31 22:31:39 +0000 2024,0,abis ini para ternak dikerahkan untuk counter dengan narasi - Itu akal2an penjajah karena kecewa sm jokowi yang gak bisa disetir elit global.,1874221909828841826,,,in,,0,0,0,https://x.com/UrangDieu00/status/1874221909828841826,1843710850118643712,UrangDieu00
1874221871102910702,Tue Dec 31 22:31:30 +0000 2024,1,@mandiricare min ini livin by Mandiri lagi ada gangguan kah? Dari tadi coba transfer gagal terus,1874221871102910702,,mandiricare,in,,1,7,0,https://x.com/Riandy_M/status/1874221871102910702,310820640,Riandy_M
1874221834214006831,Tue Dec 31 22:31:21 +0000 2024,6,ayoo kita pulang setelah lontang-lantung sendirian di jakarta sendirian https://t.co/yl5edzwYBl,1874221834214006831,https://pbs.twimg.com/media/GgKSzeoa0AA-Sri.jpg,,in,OPEN BO TANPA DP 🏳️‍⚧️,0,1,0,https://x.com/_urprincess__/status/1874221834214006831,1709152184871608320,_urprincess__
1874203957381525546,Tue Dec 31 22:31:15 +0000 2024,0,@puzpuzro hehe siap ka gas ‍️‍️,1874221811921293436,,puzpuzro,in,Everywhere,0,0,0,https://x.com/beibekss/status/1874221811921293436,1685092954288078848,beibekss
1874221730144936212,Tue Dec 31 22:30:56 +0000 2024,0,ya allah mudahkanlah segala jalannya saya menjalaninya sendirian tanpa bercerita,1874221730144936212,,,in,,0,0,0,https://x.com/img999x/status/1874221730144936212,1305255957652414464,img999x
1874221708531675447,Tue Dec 31 22:30:51 +0000 2024,0,kok ak sedih yh thun baru ..,1874221708531675447,,,in,,0,0,0,https://x.com/seokminleex/status/1874221708531675447,1301332599982317573,seokminleex
1874221702328291735,Tue Dec 31 22:30:49 +0000 2024,1,AAAAA THANK YOU AYYga kerasa udah setahun lebih,1874221702328291735,,,in,parkian's household,0,1,0,https://x.com/bbyryunosuke__/status/1874221702328291735,1295537767020036097,bbyryunosuke__
1874221603753808269,Tue Dec 31 22:30:26 +0000 2024,0,Marah ke orang tua karena kecewa tidak bisa melakukan hal yang tidak bermanfaat. Hmmmm,1874221603753808269,,,in,,0,1,0,https://x.com/ggeemmbbell/status/1874221603753808269,99241813,ggeemmbbell
1874221569926717805,Tue Dec 31 22:30:18 +0000 2024,0,sedih banget bacanyaa,1874221569926717805,,,in,리우 • 04z | ringju,0,0,0,https://x.com/_uririwoo/status/1874221569926717805,1654717929571897346,_uririwoo
1874148445050855870,Tue Dec 31 22:30:18 +0000 2024,1,@suzulovie GEMES BGTSIIIIHHH VIDEONYAAAAA aamiin semangat terus sobatku tercinta!! Seperti lagu d'masiv jangan menyerah hoo-oo-ooo happi new yearrr,1874221569083662713,,suzulovie,in,ID/EN | any,0,1,0,https://x.com/radiokiro/status/1874221569083662713,817297388725420032,radiokiro
1873944142163988952,Tue Dec 31 22:30:09 +0000 2024,0,@underect sedih gapapa nangis juga gapapa,1874221533771817281,,underect,in,,0,0,0,https://x.com/dicodeinduakali/status/1874221533771817281,1791458721861959680,dicodeinduakali
1874032189396144435,Tue Dec 31 22:29:52 +0000 2024,0,@notrestinpeace Nggak mungkin Tuhan bahwa kita sejauh ini cuman buat gagal,1874221460140814379,,notrestinpeace,in,"Sukabumi, Indonesia",0,0,0,https://x.com/Wrbas1t/status/1874221460140814379,1783499187000406016,Wrbas1t
1874221379979272542,Tue Dec 31 22:29:32 +0000 2024,0,Sudah mule lelah ya? https://t.co/gi5QaAoNhL,1874221379979272542,https://pbs.twimg.com/ext_tw_video_thumb/1874148819912581120/pu/img/bEa9j9PZfhihQK_u.jpg,,in,,0,0,0,https://x.com/amorsweetimpact/status/1874221379979272542,915557263321923584,amorsweetimpact
1874221361553670516,Tue Dec 31 22:29:28 +0000 2024,0,akun stres njing mampir mulu heran,1874221361553670516,,,in,,0,0,0,https://x.com/sasasasa_21/status/1874221361553670516,1550730020804792320,sasasasa_21
1873952841444057152,Tue Dec 31 22:29:13 +0000 2024,0,@fxbulous iya lelah banget kayaknya,1874221297879900174,,fxbulous,in,Kedai Kopi,0,0,0,https://x.com/underect/status/1874221297879900174,1726591482604527616,underect
1873900869160407395,Tue Dec 31 22:29:10 +0000 2024,0,@karburatung Planning tahun baruannya gagal total jadi bete.,1874221285582200910,,karburatung,in,THE CARIÑO,0,1,0,https://x.com/ellycoIe/status/1874221285582200910,768351466763366400,ellycoIe
1874220873177325859,Tue Dec 31 22:29:02 +0000 2024,0,Rasanya takut bgt gaada excited nya sama sekali makin dewasa makin takut buat ngadepin tahun tahun selanjutnya ngeliat progress tahun kemarin sampe awal tahun gini gini aja tu kecewa bgt,1874221250228425195,,kazamakyun,in,,0,0,0,https://x.com/kazamakyun/status/1874221250228425195,1733157822471536640,kazamakyun
1874221231316365431,Tue Dec 31 22:28:57 +0000 2024,0,sedih dikit liat ini dr genteng ntar https://t.co/EhRzdp3ICe,1874221231316365431,https://pbs.twimg.com/ext_tw_video_thumb/1874126231727435777/pu/img/rKDuQ5_9krVIDLRw.jpg,,in,,0,0,0,https://x.com/Syandss/status/1874221231316365431,151816006,Syandss
1874221193043337364,Tue Dec 31 22:28:48 +0000 2024,0,Jangan biarkan Jokowi menanggung beban atas kejahatan nya sendirian..,1874221193043337364,,,in,,0,0,0,https://x.com/HervianTahier/status/1874221193043337364,1393134716316913664,HervianTahier
1872861990756196848,Tue Dec 31 22:28:43 +0000 2024,0,@PreciosaKanti @habiburokhman Ini orang hebat dan sukses... Yg gagal itu habiburokhman..orang partai Gerindra yg gagal dan koplak,1874221174022099167,,PreciosaKanti,in,,0,0,0,https://x.com/Herjianto_S4/status/1874221174022099167,1514929193678950405,Herjianto_S4
1874221093818687803,Tue Dec 31 22:28:24 +0000 2024,0,Sudut pandang ibuku. Karena penghasilan hari ini tidak mentok dengan modal. Karena sudah lelah karena seharian ini aku sudah sekolah dan lanjut membantu di warung setelah beberes membersihkan badan dan wudhu aku pergi tidur. Besok aku sekolah lagi. *** galuh yuk nak pulang,1874221093818687803,,,in,Banjarbaru,0,0,0,https://x.com/munaarifah70/status/1874221093818687803,1467077184456048641,munaarifah70
1873946696847417538,Tue Dec 31 22:28:21 +0000 2024,11,@asumsico Ah buat nutupin food estate lu yg gagal kan???? @prabowo https://t.co/rcGK1526dt,1874221078870188118,,asumsico,in,,0,2,3,https://x.com/Broken11white/status/1874221078870188118,1748333908482224128,Broken11white
1874220953405935721,Tue Dec 31 22:27:51 +0000 2024,0,terimakasih kepada cowo bandung yang sudah mematahkan hatiku tak pernah terpikir olehku untuk kembali ke dunia thaienthu jika bukan karna mu yang membuat aku galau dan nangis nangis an,1874220953405935721,,,in,,0,0,0,https://x.com/southusas/status/1874220953405935721,1418462464098799622,southusas
1874220820752720375,Tue Dec 31 22:27:43 +0000 2024,3,itu masih merupakan kehidupan yang baik. Aku pikir jangan menangis saat kita sedih tapi menangis lah saat kebahagiaan datang. Namun seiring berjalannya waktu aku tidak lagi harus membeli sup rumput laut sendirian di toko serba ada.,1874220922472947893,,kimbeomsoo_ina,in,Diary and Daily Beomsoo,0,1,0,https://x.com/kimbeomsoo_ina/status/1874220922472947893,1838518384939667457,kimbeomsoo_ina
1874220852679671988,Tue Dec 31 22:27:27 +0000 2024,0,beli paket via gopay gagal terus kenapa sih? @CareIM3 @indosatim3 @CareIM3 https://t.co/dUQA5vsFhO,1874220852679671988,https://pbs.twimg.com/media/GgKR7YEbAAAPTFp.jpg,,in,Depok - Tangsel - Jakarta,0,1,0,https://x.com/akmaldnhmd/status/1874220852679671988,260547883,akmaldnhmd
1874143230482407499,Tue Dec 31 22:27:24 +0000 2024,0,@xzdsh tumben rep nya bner pencapaian di tahun 2025,1874220840038129974,,xzdsh,in, maba 24,0,0,0,https://x.com/inibelll/status/1874220840038129974,1373960484521570305,inibelll
1874220734958231743,Tue Dec 31 22:26:59 +0000 2024,0,Abang lay bawain miracle in Desember sendirian Soon nanti member lainnya yahttps://t.co/xBiJKGoaCm,1874220734958231743,https://pbs.twimg.com/ext_tw_video_thumb/1874113937920380928/pu/img/QkIgeOzySpZwG5_z.jpg,,in,Exoplanet,0,0,0,https://x.com/ucomel_/status/1874220734958231743,1279584300598358017,ucomel_
1874219915563196666,Tue Dec 31 22:26:33 +0000 2024,0,@_dgcaa Ya kan makanya sedih,1874220629035278363,,ususpolkadot,in,,0,0,0,https://x.com/thisistheendxxx/status/1874220629035278363,322406977,thisistheendxxx
1873949718604361953,Tue Dec 31 22:26:26 +0000 2024,0,@pranatadayken Iya sedih banget,1874220598010011776,,pranatadayken,in,United States,0,0,0,https://x.com/tumisinaja/status/1874220598010011776,2258137410,tumisinaja
1874219028862181737,Tue Dec 31 22:26:09 +0000 2024,0,Misalnya anak lemah di matematika tidak teliti mudah menyerah ketika menemukan masalah tidak perlu dipaksa masuk IT. Coba temukan dimana bakat dan minatnya.,1874220524710338926,,ssa_pandaa,in,,0,1,0,https://x.com/ssa_pandaa/status/1874220524710338926,185657983,ssa_pandaa
1874220484549922869,Tue Dec 31 22:25:59 +0000 2024,0,jangan sedih krna tdk diberikan krna ini bukanlah sesuatu yg bernilai,1874220484549922869,,,in,"Buton, Sulawesi Tenggara",0,0,0,https://x.com/zulhakimr1416/status/1874220484549922869,1746149343869222912,zulhakimr1416
1874220125848829966,Tue Dec 31 22:25:52 +0000 2024,0,Gapapaaa yaaa buat diriku besok kalau ada kesempatan kita pergiiiii kemanapun kita mauu meskipun sendirian pasti bisaaaa hehehe,1874220453230993852,,gyulova9,in,,0,0,0,https://x.com/gyulova9/status/1874220453230993852,1312651037426114562,gyulova9
1874220307957113252,Tue Dec 31 22:25:17 +0000 2024,0,Ya Allah kenapa jahat banget statment kakek ini bisa ga sih warga sini bersatu cem korsel sedih bgt bacanya woyy shibal sekki baka gak semua pohon berdaun sama fungsinya yaa gilaak gue dah gk bisa bayangin lagi cemana masa depan ni plus enam dua,1874220307957113252,,,in,,0,0,0,https://x.com/nanaa_zaa/status/1874220307957113252,928625036470059016,nanaa_zaa
1873869478251180408,Tue Dec 31 22:25:02 +0000 2024,0,@flawwcs yg terpenting pantang menyerah,1874220244899860560,,flawwcs,in,unlabeled. ,0,0,0,https://x.com/posesifl/status/1874220244899860560,1368524362316275714,posesifl
1874069223326310541,Tue Dec 31 22:24:50 +0000 2024,0,@KompasTV Cemas kau pak,1874220195658797324,,KompasTV,in,Brain cell,0,0,0,https://x.com/siapasisisipa/status/1874220195658797324,829337021445402625,siapasisisipa
1874021292753772783,Tue Dec 31 22:24:27 +0000 2024,0,@srimulyanee @bacottetangga__ Kak kok org mau bundir ga takut sih pke cara ekstrim gitu kan klo gagal bundir malah tkut knp2 lbh serem ,1874220098883657784,,srimulyanee,in,Pojokan coffeeshop,0,0,0,https://x.com/dessyariy/status/1874220098883657784,100222375,dessyariy
1874220095633056030,Tue Dec 31 22:24:26 +0000 2024,0,terima kasih 2024 beruntung 2024 ketemu @Suci_Fitrianny yang super baik dan menyelamatkan gua dari fase depresi. makasih bu suci love u!,1874220095633056030,,,in,"Madrid, Spain",0,0,0,https://x.com/harripampir/status/1874220095633056030,43894586,harripampir
1874219879106257273,Tue Dec 31 22:23:37 +0000 2024,3,3. Meningkatkan coping dan well-being pada diri kamu Seperti yang diketahui coping mechanismdan well-being merupakan dua hal penting dan berkolerasi. Jika coping mechanism merupakan cara seseorang untuk mengendalikan atau menghadapi stres. Maka well-being merupakan kondisi,1874219890825220139,,quoterandom05,in,,0,1,0,https://x.com/quoterandom05/status/1874219890825220139,1734143539226001408,quoterandom05
1874116813677830173,Tue Dec 31 22:23:37 +0000 2024,1,@sukmawijaya91 @cagubnyinyir2 @GunRomli @Bara__Akbar @islah_bahrawi @yonobubut70 @mas_veel Kalau gagal tdk mgkn jadi target Mulyono..,1874219890468675621,,sukmawijaya91,in,🇮🇩,0,2,0,https://x.com/ZoelFawzie/status/1874219890468675621,949310574013292544,ZoelFawzie
1874219882390446423,Tue Dec 31 22:23:35 +0000 2024,1,Galau awal tahun dimulai....Maaf ya Ge @S_GraciaJKT48,1874219882390446423,,,in,,0,0,0,https://x.com/rajoqie/status/1874219882390446423,153333480,rajoqie
1874216653963268283,Tue Dec 31 22:23:24 +0000 2024,0,@DewaTypo yg makan anggur di bawah meja itulo,1874219832465645588,,DewaTypo,in,she / her 🔞,0,1,0,https://x.com/chococizzz/status/1874219832465645588,1014812584598384642,chococizzz
1874205283343622439,Tue Dec 31 22:23:11 +0000 2024,0,@KevinDiks_ Selamat tahun baru️,1874219778040357276,,KevinDiks_,in,,0,0,0,https://x.com/tiktaktuktektok/status/1874219778040357276,1561915725337333761,tiktaktuktektok
1874219767948861533,Tue Dec 31 22:23:08 +0000 2024,0,curiga di 2025 ini gue bakal punya pacar,1874219767948861533,,,in,she / her 🔞,0,0,0,https://x.com/chococizzz/status/1874219767948861533,1014812584598384642,chococizzz
1874067967996276952,Tue Dec 31 22:23:04 +0000 2024,0,@aekaius [ Betul banget cakep! Tetap ada kerjaan ngga libur. Sedih banget kalau inget kemarin hahaha ],1874219752551481785,,aekaius,in,"ㅤ

He stands as the 𝗽𝗮𝗿𝗮𝗴𝗼𝗻 of 𝘄𝗶𝘀𝗱𝗼𝗺 with unquenchable ambition. ""每朵云都有银色衬里，""他会说，就像黎明把灰色的残余涂成金色一样。 哪里有意志，哪里就有提升的方法。
          

ㅤ",0,0,0,https://x.com/refalhuang/status/1874219752551481785,1846905646320611328,refalhuang
1874219747572932680,Tue Dec 31 22:23:04 +0000 2024,0,05.22 WIB Bila Anda Lelah dan Mengantuk Gunakan Tempat Istirahat #JM_Tertib_Berlalulintas_2025,1874219749993046423,,PTJASAMARGA,in,DKI Jakarta,0,0,0,https://x.com/PTJASAMARGA/status/1874219749993046423,540625251,PTJASAMARGA
1873982951492596117,Tue Dec 31 22:23:02 +0000 2024,0,@kejepitmolen menahan kecewa gak enak sih,1874219741004648915,,kejepitmolen,in,"Medan, Sumatera Utara, ID",0,0,0,https://x.com/ndogito/status/1874219741004648915,181036727,ndogito
1874219603162992951,Tue Dec 31 22:22:47 +0000 2024,0,AKU GAGAL PRIORITISE DIRI AKU,1874219679843287323,,hyunjinabocado,in,stay st.,0,1,0,https://x.com/hyunjinabocado/status/1874219679843287323,784618320460939264,hyunjinabocado
1874029536247243124,Tue Dec 31 22:22:06 +0000 2024,0,@CNNIndonesia Mundur pak bukan dg minta maaf..anda gagal total..alias gatal,1874219509189664837,,CNNIndonesia,in,,0,0,0,https://x.com/negerikucinta1/status/1874219509189664837,1472095287493550083,negerikucinta1
1874207285578465720,Tue Dec 31 22:21:54 +0000 2024,2,@BunniesxCs Hormat bgt yaaa walaupun dulu gagal ke pantai nya...tapi sekarang dah bisa bareng sama doi kemanapun,1874219455754240091,,BunniesxCs,in,Indonesia,0,0,0,https://x.com/Aira_labiba1721/status/1874219455754240091,1481080786514493443,Aira_labiba1721
1874071087287541839,Tue Dec 31 22:21:53 +0000 2024,0,@gedh4nggodhog Iya betul . Waktu itu saja dia sudah gelisah . Makanya langsung ganti orang orang kpk padahal cuma seminggu sebelum lengser,1874219453422198901,,gedh4nggodhog,in,,0,0,0,https://x.com/liaasister/status/1874219453422198901,1637572714205421595,liaasister
1874219422816362908,Tue Dec 31 22:21:46 +0000 2024,1,2024 banyak banget sedih️‍ Ga tau harus recovery dari mana dulu kadang suka sedih liat diri sendiri. Padahal dulu dia ceria banget hehehe:) Semoga 2025 bisa lebih ikhlas dan bahagia. Semoga bisa hidup sedikit lebih lama,1874219422816362908,,,in,exoplanet,0,0,0,https://x.com/BBHBaebae/status/1874219422816362908,1155469236501770241,BBHBaebae
1874219395511423103,Tue Dec 31 22:21:39 +0000 2024,0,@iyainajaau KA ICE AKU TUH SEDIH TAU KENAPA AU ALFA LAVANYA MENGHILANG DAN TIDAK DI LANJUTIN INI AKU KALO NYANYI AKU YANG JATUH CINTAA~~ INGETNYA PASTI ALFA LAVANYA ,1874219395511423103,,iyainajaau,in,,0,1,0,https://x.com/marshameng45553/status/1874219395511423103,1805364952116641792,marshameng45553
1874219367871008953,Tue Dec 31 22:21:33 +0000 2024,54,siapa disini team tahun baru ketiduran sampe ga kedengeran kembang apinya :) kok sedih bangun2 udh pagi,1874219367871008953,,,in,,0,8,3,https://x.com/jenniferhannaa_/status/1874219367871008953,775188366342041601,jenniferhannaa_
1874040595305603511,Tue Dec 31 22:21:31 +0000 2024,0,@cigareotte bener klo dah kecewa tu susah buat percaya lagi,1874219360048603642,,cigareotte,in,Indonesia,0,0,0,https://x.com/septino_biel/status/1874219360048603642,5385832,septino_biel
1474188805204709389,Tue Dec 31 22:21:13 +0000 2024,0,@UsTheDuo Tahun ini tampa mereka:(( 10 tahun membuat cover dan ternyata 2023 adalah tahun terakhirnya mereka:( Sedih sampai mencari tau pakai chatGPT https://t.co/NHvbRgMZJP,1874219286384025996,https://pbs.twimg.com/media/GgKQgQ-bAAAJdmC.jpg,Rezacekak,in,,0,0,0,https://x.com/Rezacekak/status/1874219286384025996,434164057,Rezacekak
1874218729799864755,Tue Dec 31 22:20:52 +0000 2024,0,@TymeNANI galau berat keknya,1874219197129253357,,TymeNANI,in,,0,1,0,https://x.com/offroafd/status/1874219197129253357,1295198950278881280,offroafd
1874032189396144435,Tue Dec 31 22:20:50 +0000 2024,0,@notrestinpeace kita usahakan jangan gagal,1874219189940216235,,notrestinpeace,in,"Edinburgh, Scotland",0,0,0,https://x.com/cindetr/status/1874219189940216235,1356625718138990593,cindetr
1874217323491713100,Tue Dec 31 22:13:25 +0000 2024,2,KAGET. TERNYATA JUM NYAMPERIN GUN SENDIRIAN CIE BANGET https://t.co/kUcAeS92co,1874217323491713100,https://pbs.twimg.com/ext_tw_video_thumb/1874167803546398720/pu/img/aFNpofyZC831nIU_.jpg,,in,,0,0,0,https://x.com/seektheskies/status/1874217323491713100,1344245183030804480,seektheskies
1874123269982560533,Tue Dec 31 22:12:55 +0000 2024,0,@ultlamimi sorry to say but he's being playing victim dia coba manipulasi keadaan dan seolah nanti kamu yg bersalah dia mainin alurnya supaya nantinya kamu yg minta maaf dan kamu tetep dlm kendali dia cara terbaik adalah just cut off go away and being do i look give u fck ,1874217195309588819,,ultlamimi,in,Rustyhook,0,0,0,https://x.com/doilookgiveafun/status/1874217195309588819,1339403210948136960,doilookgiveafun
1874216741561405840,Tue Dec 31 22:12:55 +0000 2024,0,9. Manfaat Kesehatan: Selain meningkatkan kualitas udara tanaman ini juga dapat membantu mengurangi stres dan meningkatkan konsentrasi.,1874217194563002514,,yasminzayda,in,"Yogyakarta, Indonesia",0,1,0,https://x.com/yasminzayda/status/1874217194563002514,449776015,yasminzayda
1874202894423208371,Tue Dec 31 22:12:42 +0000 2024,0,@yamatoisfajar sedih banget awal tahun hancur,1874217140376789237,,yamatoisfajar,in,"Toronto, Ontario",0,1,0,https://x.com/eliajacob_/status/1874217140376789237,1308380208374771713,eliajacob_
1873914719805071478,Tue Dec 31 22:12:40 +0000 2024,0,@penaikhwan ya kita jangan pernah menyerah,1874217134987108633,,penaikhwan,in,Kedai Kopi,0,0,0,https://x.com/underect/status/1874217134987108633,1726591482604527616,underect
1874217038782325209,Tue Dec 31 22:12:17 +0000 2024,0,slamat pagi awali tahun mu dengan eek di pagi hari,1874217038782325209,,,in,felis enthu,0,0,0,https://x.com/maplepiera/status/1874217038782325209,1499061653417070593,maplepiera
1873912813917466709,Tue Dec 31 22:12:02 +0000 2024,0,@kntung_ jadi jangan menyerah ya,1874216972734652856,,kntung_,in,Kedai Kopi,0,0,0,https://x.com/underect/status/1874216972734652856,1726591482604527616,underect
1874216905969713400,Tue Dec 31 22:11:46 +0000 2024,0,Kalimat nrimo ing pandum adalah kalimat yang bikin orang menjadi pasrah dan bodo amat ama negara ini yang makin lama makin busuk,1874216905969713400,,,in,,0,0,0,https://x.com/alatpemusnah/status/1874216905969713400,1656870460192337920,alatpemusnah
1873977305422585952,Tue Dec 31 22:11:43 +0000 2024,0,@rafaelpratams Kasihan adeknya ngerasa sedih,1874216893864968275,,rafaelpratams,in,,0,0,0,https://x.com/yudhaahmad77/status/1874216893864968275,3225919992,yudhaahmad77
1874216822930890816,Tue Dec 31 22:11:26 +0000 2024,3,Salah satu fungsi menulis adalah untuk mengukur langkahmu sudah sejauh apa. Oh aku menulis ini ketika sedang dalam keadaan sedih. Ternyata aku bisa melewatinya. Oh jadi ini hikmahnya waktu itu aku mengalami kejadian ini. Dan akhirnya kamu pun bersyukur.,1874216822930890816,,,in,,0,0,0,https://x.com/thefirstcaliph/status/1874216822930890816,1201398906,thefirstcaliph
1874216731302150184,Tue Dec 31 22:11:18 +0000 2024,0, Belajar dari Kegagalan: Jika kamu gagal mengontrol diri jangan terlalu keras pada diri sendiri. Pelajari apa yang salah dan gunakan pengalaman itu sebagai pelajaran untuk kedepannya.,1874216790806716653,,AdamSyahaha,in,"Jawa Timur, Indonesia",0,1,0,https://x.com/AdamSyahaha/status/1874216790806716653,3256669542,AdamSyahaha
1874216731302150184,Tue Dec 31 22:11:13 +0000 2024,0, Identifikasi Pemicu dan Strategi Penanggulangan: Ketahui apa yang memicu keinginan atau perilaku yang ingin kamu kontrol. Apakah stres kebosanan atau situasi sosial tertentu?,1874216767180198188,,AdamSyahaha,in,"Jawa Timur, Indonesia",0,1,0,https://x.com/AdamSyahaha/status/1874216767180198188,3256669542,AdamSyahaha
1874216740269564016,Tue Dec 31 22:11:06 +0000 2024,1,Bila aku sendirian. Aku tk happy pun dan selalu menangis. Biar la org nak ckp apa pun pasal aku. Aku rasa tk happy and content dgn diri sendiri. And semoga apa yg aku korbankan ni dpt lah buat org lain happy.,1874216740269564016,,,in,"Petaling Jaya, Selangor",0,0,0,https://x.com/fyraasf_/status/1874216740269564016,850649926044229632,fyraasf_
1874216740227604567,Tue Dec 31 22:11:06 +0000 2024,0,KENAPA SEDIH BANGET YA MENYAMBUT 2025 INI.....,1874216740227604567,,,in,Republic of Korea,0,1,0,https://x.com/Xxviciii/status/1874216740227604567,1168708542804586497,Xxviciii
1874216689669464374,Tue Dec 31 22:10:54 +0000 2024,0,awal yang buruk akan kan kah berakhir dengan terpuruk ternyata madara benar dan naruto salah ,1874216689669464374,,,in,,0,0,0,https://x.com/skyleee48/status/1874216689669464374,1426617342302199808,skyleee48
1874132422327230821,Tue Dec 31 22:10:53 +0000 2024,4,@cobeh2022 Masih merasa diri tak bersalah tak lama lagi azab Allah turun kepada orang Dzolim macam Jokowi ini.,1874216685709988199,,cobeh2022,in,"Jakarta Pusat, DKI Jakarta",0,0,0,https://x.com/JamalBoegis/status/1874216685709988199,121425273,JamalBoegis
1874216665480872314,Tue Dec 31 22:10:48 +0000 2024,18,Selamat tahun baru semuanya!! Gimana yang ngerayain bareng keluarga? Seru gak? Gimana yang ngerayain bareng temen temen? Seru gak? Gimana yang ngerayain sendirian atau kerja? Seru gak? Gimana yang mandok hata tadi malam? Seru gak ?,1874216665480872314,,,in,Indonesia,0,7,0,https://x.com/lappet3000an/status/1874216665480872314,102663927,lappet3000an
1873936976178757816,Tue Dec 31 22:10:47 +0000 2024,0,@gorgeousskyy_ Aku ga sedih ko,1874216659734716866,,gorgeousskyy_,in,,0,0,0,https://x.com/ryanandrn_/status/1874216659734716866,1061862850367344641,ryanandrn_
1874216656983249393,Tue Dec 31 22:10:46 +0000 2024,1,merasa bahagia dan sedih pada saat yang sama dan masih mencoba memahami bagaimana itu bisa terjadi.,1874216656983249393,,,in,,0,0,0,https://x.com/postopes/status/1874216656983249393,1515772028921720832,postopes
1873854238352433578,Tue Dec 31 22:07:34 +0000 2024,0,@ngelutenan cuma bisa pasrah sama allah,1874215848816369880,,ngelutenan,in,handle by admin,0,0,0,https://x.com/seewrs/status/1874215848816369880,781193176929316864,seewrs
1874215644448915476,Tue Dec 31 22:06:45 +0000 2024,0,Bye 2024 yang bahagia dan sedih welcome 2025 semoga dunia @S_FloraJKT48 makin indah https://t.co/ygHurFIuUd,1874215644448915476,https://pbs.twimg.com/ext_tw_video_thumb/1874215060350132224/pu/img/kNBTKl45eLwjd6mA.jpg,,in,,0,0,0,https://x.com/AyibsaR/status/1874215644448915476,1712969084344909824,AyibsaR
1874215639986168283,Tue Dec 31 22:06:44 +0000 2024,0,Pagi2 bikin sedih ,1874215639986168283,,,in,,0,0,0,https://x.com/halfsyrup/status/1874215639986168283,1755611029554581504,halfsyrup
1874215568133488923,Tue Dec 31 22:06:27 +0000 2024,2,@jenolev @jieno @angkacca Ga hanya malam tahun baru w pgn menghabiskan semua waktu yg w punya dgn no.4 alias nopat. Kalian sgt berarti di kehidupan w saat w terpuruk senang sedih gabut lu semua slalu hadir. Love u all,1874215568133488923,,jenolev,in,can can my lovely,0,1,2,https://x.com/NARJTO/status/1874215568133488923,3236770867,NARJTO
1874096115592974759,Tue Dec 31 22:06:10 +0000 2024,0,@kangdede78 Lumayan buat menghibur di akhir tahun buat para bajers pecundang genjer bokep yg lelah mental jiwa dan raga karena bertubi-tubi keok di pilpres dan pilkada CC: @Dennysiregar7 @ch_chotimah2 @islah_bahrawi ,1874215495609778599,,kangdede78,in,,0,0,0,https://x.com/BapakFadilLagi/status/1874215495609778599,1537958330861121536,BapakFadilLagi
1874177103400411307,Tue Dec 31 22:05:56 +0000 2024,0,@Nungkierika1 @CCccccc2021 @pln_123 Engga kok yg pembelian gagal saldoku gak kepotong sama sekali,1874215436897890636,,Nungkierika1,in,"Jakarta Timur, DKI Jakarta",0,1,0,https://x.com/keep_believe/status/1874215436897890636,63383634,keep_believe
1874214096188694837,Tue Dec 31 22:05:48 +0000 2024,0,Contohnya ada eksekutif yang selalu loncat ke big idea setiap kali project-nya gagal. Dia nggak pernah refleksi apa yang salah. Akibatnya? Pola gagal yang sama terus berulang. Kalau dia mau belajar dari kesalahan hasilnya pasti jauh lebih baik.,1874215403440005479,,LongLyfeJourney,in,,0,1,0,https://x.com/LongLyfeJourney/status/1874215403440005479,1689253087352135680,LongLyfeJourney
1874214096188694837,Tue Dec 31 22:05:47 +0000 2024,0,Metabolizing endings juga bisa bikin lo belajar banyak dari pengalaman sebelumnya. Apa yang berhasil apa yang gagal apa yang harus diperbaiki. Sama kayak tubuh lo pisahin nutrisi dari makanan. Yang baik lo simpan yang buruk lo buang.,1874215401426710752,,LongLyfeJourney,in,,0,1,0,https://x.com/LongLyfeJourney/status/1874215401426710752,1689253087352135680,LongLyfeJourney
1874046930445361262,Tue Dec 31 22:05:46 +0000 2024,0,@monmonicagraysh Itu namanya gagal move on ga sih,1874215398264234053,,monmonicagraysh,in,,0,0,0,https://x.com/delfiayolanda/status/1874215398264234053,1298209864720637952,delfiayolanda
1874214096188694837,Tue Dec 31 22:05:46 +0000 2024,0,Itu yang disebut metabolizing endings. Dalam psikologi ini penting banget. Ketika kamu invest emosi energi atau waktu ke sesuatu ending-nya nggak bisa cuma yaudah selesai. Kamu harus proses rasa sedih marah kecewa biar bisa lepas.,1874215396926189672,,LongLyfeJourney,in,,0,1,0,https://x.com/LongLyfeJourney/status/1874215396926189672,1689253087352135680,LongLyfeJourney
1874215388743164345,Tue Dec 31 22:05:44 +0000 2024,0,sedih amay pagi2 gini mana hujan lagi,1874215388743164345,,,in,,0,0,0,https://x.com/belleameofme/status/1874215388743164345,1790312641195634688,belleameofme
1874119506832081288,Tue Dec 31 22:05:41 +0000 2024,0,@KompasTV Akibat beberapa kali gagal jd presiden sekali jadi dg cara haram di bantu oleh Mulyono jadinya otaknya konslet.,1874215377762443673,,KompasTV,in,,0,0,0,https://x.com/heru_mie/status/1874215377762443673,1603629878351646720,heru_mie
1874215293511451014,Tue Dec 31 22:05:21 +0000 2024,0,Sedih bgt liatnya lusi ayo cpt sembuh ,1874215293511451014,,,in,for fastrespon 👉,0,0,0,https://x.com/byul_star03/status/1874215293511451014,1671721301919272960,byul_star03
1874215287454892272,Tue Dec 31 22:05:20 +0000 2024,0,Dosanya wishaka banyak juga ya pantesan aja kavin sampe segitu marah dan kecewa. Punya abang goblok banget dapat info apa2 ditelan mentah2.,1874215287454892272,,,in,,1,0,1,https://x.com/borufuramusan/status/1874215287454892272,1083184103027924993,borufuramusan
1874214014538178728,Tue Dec 31 22:00:16 +0000 2024,0,next time semoga tahun baru ada gandengannya dan ga sendirian lagi kek tadi ,1874214014538178728,,,in,in ur heart,0,0,0,https://x.com/saltdair/status/1874214014538178728,1468169982613737472,saltdair
1874060193182736847,Tue Dec 31 22:00:08 +0000 2024,0,@NarasiNewsroom Rakyat Indonesia hanya bisa Pasrah aja biasanya. Serba terlambat pencegahannya penanganannya penyelesaiannya. Paling top ngerahin Buzzer.,1874213980643938555,,NarasiNewsroom,in,,0,0,0,https://x.com/TolanAndi/status/1874213980643938555,1569588346518917121,TolanAndi
1874213906769735937,Tue Dec 31 21:59:51 +0000 2024,0,sumpah sedih banget liat lusi tuh,1874213906769735937,,,in,,0,0,0,https://x.com/uwusomecha/status/1874213906769735937,1014852631959781376,uwusomecha
1874213888105050540,Tue Dec 31 21:59:46 +0000 2024,0,sedih brayy monyet,1874213888105050540,,,in,,0,0,0,https://x.com/astrowbored/status/1874213888105050540,1108345837841571842,astrowbored
1873870431377383678,Tue Dec 31 21:59:21 +0000 2024,0,@velvet__daze pasti sedih banget,1874213783385891217,,velvet__daze,in,,0,0,0,https://x.com/reyhansagevti_/status/1874213783385891217,1248852298551275521,reyhansagevti_
1874213773453779352,Tue Dec 31 21:59:19 +0000 2024,0,Ini sedih banget....,1874213773453779352,,,in,,0,0,0,https://x.com/hyn_hwng/status/1874213773453779352,1480790411580882945,hyn_hwng
1874213747574923484,Tue Dec 31 21:59:13 +0000 2024,0,Ya Allaah.. gaenak bet taun baru galau,1874213747574923484,,,in,"kapal karam, stay away 🌈🔞",0,0,0,https://x.com/bwintwinz/status/1874213747574923484,1292108680326811648,bwintwinz
1874146364743155823,Tue Dec 31 21:59:06 +0000 2024,5,@DomLica_ @Freya_JKT48 @A_FionyJKT48 Lagi ngilangin stres itu wkwk habis ngasih gen 12,1874213719150125530,,DomLica_,in,,0,0,0,https://x.com/asis_111/status/1874213719150125530,1815008754339045377,asis_111
1874061772073951525,Tue Dec 31 21:59:03 +0000 2024,0,@Azhar_k18 @JokoHQ Jangan sedih ya bro karena belum juara,1874213706709799200,,Azhar_k18,in,,0,0,0,https://x.com/AbdulDikdik/status/1874213706709799200,3315675895,AbdulDikdik
1874213682009563245,Tue Dec 31 21:58:57 +0000 2024,0,sedih deh:( udh ga ada sinyal balikan kah komunikasinya jelek bgt arghhh,1874213682009563245,,,in,,0,0,0,https://x.com/belleameofme/status/1874213682009563245,1790312641195634688,belleameofme
1873610007306223765,Tue Dec 31 21:58:57 +0000 2024,0,@shafiezaimy @tjerealjoker Anjing betina sundal PN macam ko mmg kata takde modal la. Tapi mmg nyata pun lebai-lebai bodoh tu gagal mentadbir.,1874213681497825766,,shafiezaimy,in,,0,0,0,https://x.com/magomedvborz/status/1874213681497825766,1722468138716213248,magomedvborz
1874213651546243391,Tue Dec 31 21:58:50 +0000 2024,0,pusing bgt baca wot tp ttp paling stres yg sempak si,1874213651546243391,,,in,,0,0,0,https://x.com/jaechno/status/1874213651546243391,1680182073603276808,jaechno
1874213607812354403,Tue Dec 31 21:58:39 +0000 2024,0,Ampe jam segini baru kelar introduction deadline kamis Semoga kelar malah ad uas lain.. untuk g ribet.. Begadang lama tp progress dikit mw gmn lg drpd g sama sekali kembali ke moto keep working and working until you make it right Tdr dl best lelah..,1874213607812354403,,,in,,0,0,0,https://x.com/PixelSoulist/status/1874213607812354403,1118878236002308103,PixelSoulist
1874213593480388957,Tue Dec 31 21:58:36 +0000 2024,0,menurut kalian lebih sedih kandas karena satunya mati apa kandas krn emang putus aja?,1874213593480388957,,,in,,0,0,0,https://x.com/bear9vin/status/1874213593480388957,1465075091834765314,bear9vin
1874213590628261914,Tue Dec 31 21:58:35 +0000 2024,1,tahun baru tapi udah sedih tuh kek kek kek kek ya allah kenapa dakh,1874213590628261914,,,in,,0,1,0,https://x.com/chamaraderie/status/1874213590628261914,2754468887,chamaraderie
1874213588866682902,Tue Dec 31 21:58:35 +0000 2024,0,Tapi mau PJWS AAAAAA. Agak kecewa sedikit. Hoyo kalau kamu tega begini tandanya aku akan dapet Arle sign phase 2 nanti dengan tabunganku yang seadanya itu kan? ;),1874213588866682902,,,in,,0,0,0,https://x.com/soraimerayu/status/1874213588866682902,785048269550342144,soraimerayu
1874213563449172441,Tue Dec 31 21:58:29 +0000 2024,3,Sedih rasa tengok muka dia kenapa la dorang abused dia padahal dia yang buat company tu senang jugak,1874213563449172441,,,in,in my own grave,0,0,0,https://x.com/junjuniee7/status/1874213563449172441,1104008093929594892,junjuniee7
1874213101689790500,Tue Dec 31 21:58:26 +0000 2024,0,@Frederett_ TaPi nyatanya sedih banget aku kgk dapet peluang karena aku ingin menjadi satu satu ny orang spesial untuk para vtuber aku ingin dikenali oleh para vtuber lainnya dan ingin menjadi orang spesial baginya,1874213549637329290,,Mr_FX866,in,,0,0,0,https://x.com/Mr_FX866/status/1874213549637329290,1743681881730908160,Mr_FX866
1874213534583972302,Tue Dec 31 21:58:22 +0000 2024,0,gua beneran stres banget nonton mr. plankton,1874213534583972302,,,in,,0,1,0,https://x.com/wh1teferrariii/status/1874213534583972302,1826156483287109632,wh1teferrariii
1874212462519836697,Tue Dec 31 21:58:18 +0000 2024,0,ada begitu banyak alasan buat berenti dan lepas semuanya tapi kamu terus cari alasan kecil yang bisa kamu jadikan pegangan buat terus jalan. ada begitu banyak masalah yang bikin kamu hancur-sehancurnya tapi kamu tetep berdiri tegak disana walaupun sendirian..,1874213519757021401,,jamesonaddictt,in,sapphics,0,1,0,https://x.com/jamesonaddictt/status/1874213519757021401,1714994879598907392,jamesonaddictt
1873650208292389238,Tue Dec 31 21:57:58 +0000 2024,0,@morasaki12 Nak backup apa lagi dengan DSNR tu? Terang2 bersalah. Spin perkataan pun tak sebabkan dia tak buat kesalahan itu,1874213434033922150,,morasaki12,in,,0,0,0,https://x.com/raihanahahmad/status/1874213434033922150,2421316548,raihanahahmad
1874213101689790500,Tue Dec 31 21:57:56 +0000 2024,0,@Frederett_ Gagal lah aku Untuk Mendapatkan Peluang Untuk dikenali semua orang coba aj tadi kgk telat jadi merasa kayak sia sia aku pengen banget dikenali semua orang dengan seniku di yt maupun yg lain tapi aku sedih padahal dh effort ngelakuin ini demi bisa diliat dari form,1874213426190573767,,Mr_FX866,in,,0,0,0,https://x.com/Mr_FX866/status/1874213426190573767,1743681881730908160,Mr_FX866
1874177103400411307,Tue Dec 31 21:57:53 +0000 2024,0,@Nungkierika1 @CCccccc2021 @pln_123 Iya aku pembayaran VA mandiri. Kan bisa juga pembayaran pake gopay dan ovo. Coba aja kak kalo pembayaran pake VA banknya gagal terus,1874213414345773350,,Nungkierika1,in,"Jakarta Timur, DKI Jakarta",0,1,0,https://x.com/keep_believe/status/1874213414345773350,63383634,keep_believe
1874202367325069784,Tue Dec 31 21:57:51 +0000 2024,1,@Bambangmulyonoo @PDI_Perjuangan Menunggu saat yang tepat seperti waktu memecat Jokowi dan keluarganya,1874213402907992094,,Bambangmulyonoo,in,Earth.,0,0,0,https://x.com/Adennybroos/status/1874213402907992094,1580310534163169280,Adennybroos
1874213314722677126,Tue Dec 31 21:57:30 +0000 2024,0,kakak:(( sedih:(,1874213314722677126,,,in,masih minor 5 bulan lagi,0,0,0,https://x.com/northeeim/status/1874213314722677126,1831556210975502337,northeeim
1873951219322151172,Tue Dec 31 21:57:13 +0000 2024,1,@r_reyde Akan ada masanya kita merasa sangat lelah,1874213245281853936,,r_reyde,in,negeri bayangan ,0,0,0,https://x.com/bacottetangga__/status/1874213245281853936,1407985647738966017,bacottetangga__
1874213185659802093,Tue Dec 31 21:56:59 +0000 2024,0,happy new year untuk diriku semoga semakin baik kedepannya dan terimakasih satu tahun kebelakang telah bertahan makasih untuk tidak menyerah makasih aku,1874213185659802093,,,in,,0,0,0,https://x.com/chocolatetoara/status/1874213185659802093,1063829300808364033,chocolatetoara
1874213085365613036,Tue Dec 31 21:56:35 +0000 2024,0,Sedih banget udah ga di malang tp jatinangor malah buka ,1874213085365613036,,,in,,0,0,1,https://x.com/pacheonmaeng/status/1874213085365613036,1056409002496548864,pacheonmaeng
1873914719805071478,Tue Dec 31 21:56:12 +0000 2024,0,@penaikhwan jangan menyerah maju terus ya,1874212989387321483,,penaikhwan,in,,0,0,0,https://x.com/rutheywi/status/1874212989387321483,1509763994982449153,rutheywi
1874212939546419422,Tue Dec 31 21:56:00 +0000 2024,0,budh parah budh?? @kimjeonbap ak sedih bgt di tahun baru ini budh 2025 baru mau 5 jam masa gweh udh meneteskan air mata budh???? kimjeonbap tanggung jawab kimjeonbap,1874212939546419422,,,in,,0,0,0,https://x.com/daisyypeaa/status/1874212939546419422,1270160569308336143,daisyypeaa
1873946241358549496,Tue Dec 31 21:55:36 +0000 2024,0,@Arie_Kriting Ada koq Gua cuma rebahan aja bisa jadi milyuner rumah dan mobil2 mewah. Tapi pas lagi nikmati itu semuanya ...GUA DIBANGUNIN EMAK GUA suruh kerja udah kesiangan ,1874212836345602319,,Arie_Kriting,in,Earth.,0,0,0,https://x.com/Adennybroos/status/1874212836345602319,1580310534163169280,Adennybroos
1873912813917466709,Tue Dec 31 21:55:30 +0000 2024,0,@kntung_ bener tuh jadi jangan menyerah ya,1874212811309801846,,kntung_,in,,0,0,0,https://x.com/rutheywi/status/1874212811309801846,1509763994982449153,rutheywi
1874029624164048959,Tue Dec 31 21:55:24 +0000 2024,0,@gagal_hijrah Betul jangan sampai sholat subuh nya telat jamaah di masjid...,1874212786995331206,,gagal_hijrah,in,,0,0,0,https://x.com/Hendra94540844/status/1874212786995331206,1113084322884419584,Hendra94540844
1873926861182689303,Tue Dec 31 21:55:17 +0000 2024,0,@catcutebanget sedih banget coy,1874212759887630704,,catcutebanget,in,handle by admin,0,0,0,https://x.com/seewrs/status/1874212759887630704,781193176929316864,seewrs
1874179774891135148,Tue Dec 31 21:54:16 +0000 2024,0,Mengecilkan perut dan paha membutuhkan kombinasi latihan tertentu latihan kardio nutrisi yang tepat tidur yang cukup dan pengelolaan stres. Ingatlah bahwa tidak ada solusi cepat untuk mengecilkan bagian tubuh tertentu dan konsistensi serta kesabaran adalah kunci untuk,1874212504689385574,,sluibt,in,,0,1,0,https://x.com/sluibt/status/1874212504689385574,1017695492,sluibt
1874198969724920260,Tue Dec 31 21:54:12 +0000 2024,0,tapi walaupun aku ga ngelupain aku udh maafin kok krna kejadian ini jg bikin aku sadar klo org tulus tu bnrn ada. dan org yg ingin berubah juga bnrn ada. see? walaupun sakit bgt trnyata bnyk ya yg bisa diambil dri rasa kecewa. hhe dah ituaja intinya tahun ini kebalikan dari 2022,1874212486033137853,,nnnisaaayuuu,in,,0,1,0,https://x.com/nnnisaaayuuu/status/1874212486033137853,1298259628359208961,nnnisaaayuuu
1874198969724920260,Tue Dec 31 21:54:11 +0000 2024,0,aku jadi sadar klo sesuatu yg menyakitkan itu tidak bisa dihindari justru sakit dan kecewa itu dtg biar kita bisa kuat ngadapinnya. dan aku gaakan prnh ngelupain rasa sakit dan kecewa ini dan gaakan prnh mau jg hhe. biar jadi pelajaran untuk kedepannya gaush terlalu berlebihan,1874212483218702417,,nnnisaaayuuu,in,,0,1,0,https://x.com/nnnisaaayuuu/status/1874212483218702417,1298259628359208961,nnnisaaayuuu
1874177103400411307,Tue Dec 31 21:54:10 +0000 2024,0,@keep_believe @CCccccc2021 @pln_123 Belinya bayar pake va ga kak? Kalo gagal pembayarannya kembali kemana yaa? Soalnya aku beli pake va trs gagal jugaa,1874212477749363175,,keep_believe,in,,0,1,0,https://x.com/Nungkierika1/status/1874212477749363175,2371760174,Nungkierika1
1873991808273047743,Tue Dec 31 21:54:08 +0000 2024,1,@Liltotochan Untuk hati yang sedih semoga segera dilapangkan. Untuk uang yang hilang semoga mendapat limpahan rezeki yang berkah.,1874212471063650603,,Liltotochan,in,,0,1,0,https://x.com/apricotmew/status/1874212471063650603,1696431545647824896,apricotmew
1874212470946226543,Tue Dec 31 21:54:08 +0000 2024,0,Ngentot knp sedih bgt,1874212470946226543,,,in,,0,0,0,https://x.com/brunomajoc/status/1874212470946226543,1795443325182337025,brunomajoc
1874179774891135148,Tue Dec 31 21:53:50 +0000 2024,0,Tips Tambahan Sementara olahraga sangat penting memperhatikan pola makan kamu juga krusial dalam mengurangi lemak tubuh. Makanan yang kaya serat protein tanpa lemak dan karbohidrat kompleks bisa mendukung proses pembakaran lemak. Selain itu cukup tidur dan mengelola stres,1874212394827915400,,sluibt,in,,0,1,0,https://x.com/sluibt/status/1874212394827915400,1017695492,sluibt
1874118473774948405,Tue Dec 31 21:53:49 +0000 2024,0,@portraperture itulah istimiwirnya kerja di pemerintahan bahkan bukan bos tapi diatas kita tapi akrab juga sok ngiluan sedih,1874212388146397481,,portraperture,in,Amsterdam,0,1,0,https://x.com/ma555_aten666/status/1874212388146397481,1302633922170298369,ma555_aten666
1873862422299369499,Tue Dec 31 21:53:45 +0000 2024,0,@21_mozza menuju indonesia cemas,1874212372250038551,,21_mozza,in,,0,0,0,https://x.com/baskara1145637/status/1874212372250038551,1840819591486046208,baskara1145637
1874212357859426751,Tue Dec 31 21:53:41 +0000 2024,1,Aku sakit jd aku boleh melakukan apapun agar orang lain merasa bersalah kepadaku Berak,1874212357859426751,,,in,,0,0,0,https://x.com/olaffyousomuch/status/1874212357859426751,1408686767746650112,olaffyousomuch
1873975438420435375,Tue Dec 31 21:53:08 +0000 2024,0,@whosferd Soalnya bingung daripada galau,1874212216570077237,,whosferd,in,"New York, USA",0,0,0,https://x.com/dwumbass/status/1874212216570077237,2755821490,dwumbass
1874212200438727102,Tue Dec 31 21:53:04 +0000 2024,0,Lu berdua mending putus sm pacar klian dah stres gua liatnya,1874212200438727102,,,in,,0,0,0,https://x.com/levofl0xacin/status/1874212200438727102,1294544771986239489,levofl0xacin
1874212191345533272,Tue Dec 31 21:53:02 +0000 2024,0,Di awali dgn Hujan lg woii Aih padahal loh liburrr ..huhu gatot alias gagal total inimaa,1874212191345533272,,,in,East and South Kalimantan,0,0,0,https://x.com/RamGaluh/status/1874212191345533272,1162671901627441154,RamGaluh
1874212128066036147,Tue Dec 31 21:52:47 +0000 2024,0,HARUS BISA NGANDELIN SENDIRIAN DALAM KONDISI TERPURUK SEKALIPUN KARNA MANUSIA TUH EGOIS.,1874212128066036147,,,in,"Bandung, Indonesia",0,0,0,https://x.com/kampfettt/status/1874212128066036147,702052152,kampfettt
1874212119799030185,Tue Dec 31 21:52:45 +0000 2024,0,guys asli kesel banget dan sedih juga kemarin aku berobat di RS dan lagi nunggu antrean. aku di hipnotis orang huhu HP aku hilangggg dan ga bisa kelacak karena HPnya di matiin daya. kejadiannya di jam 13:30 WIB kemarin kira-kira kalau lapor polisi works ga?,1874212119799030185,,,in,dunialain,0,2,0,https://x.com/gulalienyak/status/1874212119799030185,982865157729628160,gulalienyak
1874212088639610911,Tue Dec 31 21:52:37 +0000 2024,1,sedih bgt sumpah,1874212088639610911,,,in,rant,0,0,0,https://x.com/simpoverlhc/status/1874212088639610911,1348252079467335680,simpoverlhc
1874212080313844159,Tue Dec 31 21:52:35 +0000 2024,173,13. MENGELOLA STRES DENGAN EFEKTIF Stres adalah bagian dari kehidupan tetapi bagaimana kita mengelolanya akan menentukan kualitas hidup kita. Salah satu kebiasaan kecil yang sangat penting untuk pengembangan diri adalah belajar mengelola stres dengan cara yang sehat. Mulailah https://t.co/GlojaM8Pbr,1874212080313844159,https://pbs.twimg.com/amplify_video_thumb/1874211901162610698/img/Edu7uETS6x8mrpeu.jpg,,in,,0,185,0,https://x.com/ikkobalejusto/status/1874212080313844159,1738775768711512064,ikkobalejusto
1874211417412583578,Tue Dec 31 21:49:57 +0000 2024,0,KENAPAAAAA SIHHHH DUH SEDIH BGT GUA JDNYA,1874211417412583578,,,in,,0,0,0,https://x.com/matcawie/status/1874211417412583578,1428007528386859011,matcawie
1874211407841087566,Tue Dec 31 21:49:55 +0000 2024,0,mw begadabg tp malah keturon dan brrujung gagal memburu voucher shopee,1874211407841087566,,,in,,0,0,0,https://x.com/nawkwkw/status/1874211407841087566,1315514854036271104,nawkwkw
1780937428003607035,Tue Dec 31 21:49:26 +0000 2024,0,@kimjeonbap AH SEDIH AH KOK BISA BGINII HEH IH SEDIH,1874211285380063587,,kimjeonbap,in,,0,0,0,https://x.com/daisyypeaa/status/1874211285380063587,1270160569308336143,daisyypeaa
1874211199568797951,Tue Dec 31 21:49:05 +0000 2024,0,Menyambut 2025 semalam mixed feelings bgt dada sesak gemeteran terharu sedih ovt degdegan ovt keinget masa lalu &amp; masa depan berusaha nahan air mata biar g netes pas lg kerja cuma bisa ngelus dada sambil berdoa. Gini amat jadi dewasa;,1874211199568797951,,,in,wlw,0,0,0,https://x.com/apasilonthe/status/1874211199568797951,1236641283541594112,apasilonthe
1874060575350939975,Tue Dec 31 21:48:54 +0000 2024,0,@aijieoyou semoga di tahun ini kita semua di beri kebahagiaannn sedih nya sedikittt ajaa kita bisa membahagian keluarga kita semuaa dan semoga harapan kita semua bisa terwujud,1874211153326596203,,aijieoyou,in,EXO PLANET,0,0,0,https://x.com/NNbekhyn_s/status/1874211153326596203,1300017407130390528,NNbekhyn_s
1874211139720274339,Tue Dec 31 21:48:51 +0000 2024,0,Lelah mengalah...,1874211139720274339,,,in,,0,0,0,https://x.com/DelliaRahm46706/status/1874211139720274339,1874002340849819648,DelliaRahm46706
1874210383176884539,Tue Dec 31 21:48:44 +0000 2024,0,kek udh di titik kalo mereka nangis even itu acting dan sebenernya scenenya ngga se sedih itu TP KALO TAY ATAU NEW YG NANGIS GUE BENERAN GAKUAT langsung ikutan sesegukan gatega kek emak liat anaknya disiksa padahal acting ,1874211110007824677,,bucinnyaviho,in,(TN) | DO | EM | FB | MN | JD,0,1,0,https://x.com/bucinnyaviho/status/1874211110007824677,1240272213934129152,bucinnyaviho
1874029624164048959,Tue Dec 31 21:47:26 +0000 2024,0,@gagal_hijrah pelawak inimah,1874210781358895507,,gagal_hijrah,in,,0,0,0,https://x.com/renowangg/status/1874210781358895507,1241359943157968896,renowangg
1874210762451018036,Tue Dec 31 21:47:21 +0000 2024,0,Tangis pertama 2025 yg bodoh monyet knp berasa sedih bgt,1874210762451018036,,,in,,0,0,0,https://x.com/brunomajoc/status/1874210762451018036,1795443325182337025,brunomajoc
1874210715189514407,Tue Dec 31 21:47:10 +0000 2024,0,tahun baru berganti tapi hidup masih aja diawali dengan tidak tidur dgn jam berantakan. ayolah mata gue udah lelah bisa lebih baik lagi jam tidurnya,1874210715189514407,,,in,,0,0,0,https://x.com/bukanaduduu/status/1874210715189514407,460724202,bukanaduduu
1874210713386049611,Tue Dec 31 21:47:09 +0000 2024,0,Ah kayanya ini cat rambutnya gagal deh,1874210713386049611,,,in,she/her,0,0,0,https://x.com/hanpeachyy/status/1874210713386049611,1250949941989531648,hanpeachyy
1873909527394857166,Tue Dec 31 21:47:01 +0000 2024,0,@ptrambr_ @tanyarlfes Iyaaa sedih banget jadi pecahhh jadi s cahayanya harus extra,1874210679978340489,,ptrambr_,in,,0,0,0,https://x.com/krftchizz/status/1874210679978340489,1549339568679563265,krftchizz
1874210475938074670,Tue Dec 31 21:46:13 +0000 2024,1,bikin malu Rakyat kecil saja. sudah hutang nambah banyak proyek besar bikin ngeri kas Negara. dampak kebutuhan pokok impor..paling sedih impor dari negara Etiopia. https://t.co/54q0oQh2m0,1874210475938074670,https://pbs.twimg.com/media/GgKIfoiaEAAUkH4.jpg,,in,,0,0,0,https://x.com/sabronaiditnusa/status/1874210475938074670,1348933530416422913,sabronaiditnusa
1874210428727013729,Tue Dec 31 21:46:02 +0000 2024,0,Ya allah quill pen kenapa sedih banget ya allah gak bisa. Gue gak mau sedih sedih hari ini ,1874210428727013729,,,in,,0,0,0,https://x.com/lovesbythewolf/status/1874210428727013729,1443419980049960967,lovesbythewolf
1873701608141553817,Tue Dec 31 21:46:01 +0000 2024,0,@SyedAkramin baru je aritu aku tengok episod SVU s14 ep9. korang boleh try tengok sedih sangat2. standby tisu siap2,1874210424708882912,,SyedAkramin,in,Malaysia,0,0,0,https://x.com/cikedissin/status/1874210424708882912,1322141056687771648,cikedissin
1874210176368263640,Tue Dec 31 21:45:39 +0000 2024,0,5. Manfaat Kesehatan: Beberapa spesies verbena digunakan dalam pengobatan tradisional untuk meredakan stres dan meningkatkan kualitas tidur.,1874210334430683626,,adeevamahirah,in,,0,1,0,https://x.com/adeevamahirah/status/1874210334430683626,764120617121566724,adeevamahirah
1874039201228046632,Tue Dec 31 21:45:36 +0000 2024,1,@hallomay__ Perselingkuhan waste of time waktu tidurku yang jadi berantakan sia sia karnanya waste of effort mental dan pikiran yg gw gunakan demi dia sampai ini mental pikiran yg dulu haha hihi jadi kebanyakan galau gr gr dia(untung dh mulai setelan pabrik),1874210320455262589,,hallomay__,in,,0,0,0,https://x.com/And22l/status/1874210320455262589,1798915555690512384,And22l
1874210315778576837,Tue Dec 31 21:45:35 +0000 2024,0,welcome 2025! begitu berat melewati hari pertamanya. karna harus berpisah dengan keluarga yang sangat luar biasa sedih! yaaa. tapi bagaimana lagi itu lah jalan yang diwariskan 2024 untuk mengawali hari 2025 ini.,1874210315778576837,,,in,,0,0,0,https://x.com/ErwinMaula75355/status/1874210315778576837,1727453379868368896,ErwinMaula75355
1874207519817818597,Tue Dec 31 21:34:28 +0000 2024,0,ngerasa hampa banget,1874207519817818597,,,in,"Bandung, Jawa Barat",0,0,0,https://x.com/whosbiscuits/status/1874207519817818597,919799037359898624,whosbiscuits
1874147372227584109,Tue Dec 31 21:34:13 +0000 2024,0,@ikgf244 lelah si tp ya gitulah hha mau gamau harus bolak balik ,1874207456131506469,,ikgf244,in,"Leipzig, Germany",0,0,0,https://x.com/ZayanaZai65479/status/1874207456131506469,1705577613941727232,ZayanaZai65479
1874207444584501370,Tue Dec 31 21:34:10 +0000 2024,12,:((((( sedih bgt yaampun ini karena ulah manusia ke manusia lho semoga kedepannya Zhao Lusi bertemu org2 yg care sama dia aja de laporin aja tuh bossnya jir,1874207444584501370,,,in,she/her • RIIZE IS 7☆,0,0,1,https://x.com/usernameisharsh/status/1874207444584501370,1146757944362430465,usernameisharsh
1873951129513714005,Tue Dec 31 21:33:43 +0000 2024,0,@pranatadayken Selalu gagal ya,1874207329866113179,,pranatadayken,in,,0,0,0,https://x.com/zakariamlk/status/1874207329866113179,1372618205965864961,zakariamlk
1874104995161002189,Tue Dec 31 21:33:35 +0000 2024,12,@aewin86 @psi_id Cara demokrasi yg baik itu menurut kalian gimana? Merubah konstitusi kalau ada ketidak cocokan? Membuat dinasti politik? Atau membuat pesaing gagal masuk ke pentas politik dgn berbagai cara ?,1874207296001339862,,aewin86,in,"Jakarta, Indonesia",0,1,0,https://x.com/firmantaher/status/1874207296001339862,131806243,firmantaher
1874207209812615354,Tue Dec 31 21:33:14 +0000 2024,6,Wahhh sebenernya emang yakin banget Lucas masih sering hangout bareng member. Apalagi kan ternyata emang Lucas nggak bersalah yang salah si ssg,1874207209812615354,,,in,Neo City 💚🌱,0,0,0,https://x.com/IhyaturRahma/status/1874207209812615354,1267798617517027333,IhyaturRahma
1874207139310559677,Tue Dec 31 21:32:57 +0000 2024,0,baru jga day 1/360 udah galau aja gua,1874207139310559677,,,in,,0,0,0,https://x.com/HChikuy/status/1874207139310559677,1408980842899140608,HChikuy
1874207036650774732,Tue Dec 31 21:32:33 +0000 2024,0,Persaingan di Premier League berlangsung ketat di mana ada sejumlah tim yang memuncaki klasemen saat Natal tapi gagal juara. Tim mana sajakah itu? https://t.co/jftNh6am64,1874207036650774732,,,in,,0,0,0,https://x.com/sbotopid/status/1874207036650774732,1134765844079058945,sbotopid
1873979298375430165,Tue Dec 31 21:32:31 +0000 2024,0,@Muslim_AntiPKI9 @officialinews_ @jokowi Untungnya supaya Indonesia gagal menjadi Indonesia maju.,1874207029449154977,,Muslim_AntiPKI9,in,Jakarta,0,1,0,https://x.com/abdullohabdur/status/1874207029449154977,255306164,abdullohabdur
1874206443395834349,Tue Dec 31 21:31:58 +0000 2024,0,@jj4keismybae ak egakk bisa puasa merah sedih bangetrt,1874206891645268026,,jj4keismybae,in,Okayama City Naka Ward,0,1,0,https://x.com/miawwonie/status/1874206891645268026,1486337360468267008,miawwonie
1874206868043948147,Tue Dec 31 21:31:53 +0000 2024,1,mengawali bangun pagi di 2025 dengan baca ulang chat dan twit sedih ku selama tahun 2024 kemarin dan ternyata EMG KAYAK ORG TOLOL EGE terkesan berlebihan tapi emg posisinya most of the time waktu chat/twt tu sambil nangis/sesenggukan. yyyy skrg udh bisa ngetawain,1874206868043948147,,,in,blank space,0,1,0,https://x.com/jelidrinq/status/1874206868043948147,546461938,jelidrinq
1873986319069876247,Tue Dec 31 21:31:11 +0000 2024,0,@paooyaapaoo Wkwkw agak stres dong tapi emg iya ,1874206691568607311,,paooyaapaoo,in,2002,0,0,0,https://x.com/udahbacabelum/status/1874206691568607311,2554074451,udahbacabelum
1874206644844061092,Tue Dec 31 21:30:59 +0000 2024,0,2024 jadi tahun paling banyak pelajaran menggantikan posisi tahun 2022 Terlalu banyak sedih kecewa luka dan kehilangan Sekalipun menyambut 2025 dengan tdk happy tapi ayo jalani dengan lebih baik,1874206644844061092,,,in,"Kota Semarang, Jawa Tengah",0,1,0,https://x.com/Cookiesmu/status/1874206644844061092,1138759375151960064,Cookiesmu
1874203451045143034,Tue Dec 31 21:30:54 +0000 2024,0,@tatktz Sy menikmati nya dan smg km sehat selalu mas. ,1874206623092400612,,tatktz,in,"East Java, Indonesia",0,1,0,https://x.com/Bintang37949073/status/1874206623092400612,993058766043037696,Bintang37949073
1874009579866214510,Tue Dec 31 21:30:40 +0000 2024,1,@keitsukiiii Iyaaahh gantiii. Tuh! Begadang sampe pagi tapi tetep gagal. Padahal udah diaudit Rexie jg gameplaynya. Best attempt tinggal segitu padahal. ‍ https://t.co/inF0mIiNSa,1874206563210310092,https://pbs.twimg.com/ext_tw_video_thumb/1874206193104879616/pu/img/R5FifDG5STjJzSpg.jpg,keitsukiiii,in,"Madiun, Indonesia",1,1,0,https://x.com/CWDproject/status/1874206563210310092,1559766618,CWDproject
1874206483929604244,Tue Dec 31 21:30:21 +0000 2024,0,Berasa prasmanan anying https://t.co/EtDBLx3LMs,1874206483929604244,https://pbs.twimg.com/ext_tw_video_thumb/1874206450563850240/pu/img/FLrsYhShuF52rDJX.jpg,,in,rant ,0,0,0,https://x.com/akcxrmn/status/1874206483929604244,1806167884705759232,akcxrmn
1874203957381525546,Tue Dec 31 21:20:19 +0000 2024,2,semangat 2025 ,1874203957381525546,,,in,Everywhere,0,1,0,https://x.com/beibekss/status/1874203957381525546,1685092954288078848,beibekss
1874011145344082280,Tue Dec 31 21:20:02 +0000 2024,0,@crawbling malah sedih melihat mukanya begitu,1874203887135318241,,crawbling,in,,0,0,0,https://x.com/vitawuw/status/1874203887135318241,1366887700855332864,vitawuw
1868005204786061797,Tue Dec 31 21:19:55 +0000 2024,0,@ssyyaa31 @bankmandiri @mandiricare 2-3hari say baru bisa masuk kadang juga gagal jadinya balik lagi k rek kita smpe 5harian gtu baru masuk,1874203857779327257,,ssyyaa31,in,"Jawa Tengah, Indonesia",1,4,0,https://x.com/cueovie/status/1874203857779327257,2425301400,cueovie
1874010221229858967,Tue Dec 31 21:19:28 +0000 2024,0,@lifemessageee Udah terlalu kecewa,1874203743157444920,,lifemessageee,in,mars,0,0,0,https://x.com/callmepiraa/status/1874203743157444920,2891819523,callmepiraa
1874203668758880505,Tue Dec 31 21:19:10 +0000 2024,0,AH SEDIH DIKIT ketinggalan countdown ,1874203668758880505,,,in,,0,0,0,https://x.com/kkessuns/status/1874203668758880505,1293896504818638850,kkessuns
1874051541143085302,Tue Dec 31 21:19:00 +0000 2024,0,@abrianabitha @CNNIndonesia Wkwk anehnya malah banyak yg milih dia setelah beberapa kali gagal (aku ga milih),1874203626643873997,,abrianabitha,in,,0,0,0,https://x.com/xxxcxc56/status/1874203626643873997,1294970916305158144,xxxcxc56
1874029624164048959,Tue Dec 31 21:18:48 +0000 2024,11,@gagal_hijrah Horam haram. Konon Negara lain makin maju dan menikmati alam semesta dg damai di konoha sibuk urusan receh spt inj.,1874203577125900643,,gagal_hijrah,in,,0,4,0,https://x.com/BBlantik/status/1874203577125900643,1352734910566420480,BBlantik
1874040618399522955,Tue Dec 31 21:18:45 +0000 2024,0,@cigareotte aku urus semua sendirian,1874203566736560212,,cigareotte,in,,0,0,0,https://x.com/mvamih/status/1874203566736560212,1508872587635728385,mvamih
1874105764991607141,Tue Dec 31 21:18:44 +0000 2024,0,@kampungphilos 100 pulls r1 zayne + GA KESPOOK SIAPA SIAPA SEDIH BGT,1874203560105435363,,kampungphilos,in,my bed ⋆｡ﾟ☁︎｡⋆｡ ﾟ☾ ﾟ｡⋆,0,0,0,https://x.com/brbstudy/status/1874203560105435363,1442819407550443524,brbstudy
1874012773870600407,Tue Dec 31 21:18:43 +0000 2024,0,@zelenasyakila Jangan pernah menyerah yaab,1874203556401795374,,zelenasyakila,in,"Kota Semarang, Jawa Tengah",0,0,0,https://x.com/riyansupyans/status/1874203556401795374,1221719006974889985,riyansupyans
1873942260632740104,Tue Dec 31 21:18:29 +0000 2024,19,@afrkml @ARSIPAJA Kan dulu juga proyek ketahanan pangan yg pake hutan kerangas juga gagal. Dimana juga dasar ilmunya tuh tanah baik utk pertanian? Kerangas mah lahan keritis,1874203495659954622,,afrkml,in,,0,0,0,https://x.com/michaelisect/status/1874203495659954622,2497594392,michaelisect
1873967167819178253,Tue Dec 31 21:17:28 +0000 2024,0,@penggunanyax Setuju banget kalau breakups itu berat dan wajar banget merasa sedih,1874203242525327398,,feelingsdannee,in,,0,0,0,https://x.com/simelimeli/status/1874203242525327398,1636549497634557952,simelimeli
1874139022135877759,Tue Dec 31 21:17:25 +0000 2024,0,@bulannanaa terimakasiii kaakk bulaaannn Aamiin Aamiin semogaa 2025 happyyy teruss dan gaada sedih sedihnyaa yaapp,1874203227379667222,,bulannanaa,in,%$ ☆★ M𝐀RK 🤟🏻💢 MOLO 2025,0,0,0,https://x.com/onyourbela/status/1874203227379667222,1500597145468289027,onyourbela
1873553925112209721,Tue Dec 31 21:17:20 +0000 2024,0,@sadarrdirii Sedih Bingit bingit bingit,1874203206777266505,,sadarrdirii,in,,0,0,0,https://x.com/nfsfbrnn_/status/1874203206777266505,1567080935396622336,nfsfbrnn_
1874203199802138705,Tue Dec 31 21:17:18 +0000 2024,0,GW SHOCK..... sky harus banget lagu ini ga ada lagu laen apa sedih banget hati mungil gw,1874203199802138705,,,in,selective follow,0,0,0,https://x.com/rubydochi/status/1874203199802138705,1093852184729415680,rubydochi
1874203096626442318,Tue Dec 31 21:16:53 +0000 2024,0,kenapa tiap kelar ngumpul sm anak komplek tuh bawaannya hampa ya... apa karna mereka seberisik itu ya dan dirumah gue sepi jd kerasanya hampa??,1874203096626442318,,,in,blok m,0,0,0,https://x.com/ricelious/status/1874203096626442318,1501153273448783872,ricelious
1874128725518016756,Tue Dec 31 21:16:53 +0000 2024,0,@favgfr Jadi gagal dong kalo aku kirim cvnya hmm,1874203092872552823,,favgfr,in,"Bali, Indonesia",0,0,0,https://x.com/BOB_CHINOS/status/1874203092872552823,1177234188988080129,BOB_CHINOS
1874199287527334135,Tue Dec 31 21:01:45 +0000 2024,0,Ga bisa tidur untuk di th ini. Bkn krna overthinking tpi habis main game shoppe. Trus subuh ini tbatba perasaan sedih datang kek ya ampun tuhan 2025 aku 26 th aku wisuda besok januari aku harus ganti kerjaan aku harus mempastaskan diri dan meyakinkan diri untk pernikahan,1874199287527334135,,,in,,0,0,0,https://x.com/_rahmastela/status/1874199287527334135,1656543236,_rahmastela
1874198388889313680,Tue Dec 31 21:01:34 +0000 2024,0,@BBBluveU sha sumpah ini udah jam 4 pagi lo ngajak galau berjamaah yeee,1874199240660136191,,BBBluveU,in,always BibleBuild🖤💙🫧,0,1,0,https://x.com/Missbbblue/status/1874199240660136191,1800175592933044224,Missbbblue
1874198115127091340,Tue Dec 31 21:01:28 +0000 2024,0,@BloodAxeOrc kecewa.. https://t.co/BIDBMupt0z,1874199214143705562,https://pbs.twimg.com/media/GgJ-QN_a4AAdCAR.jpg,baliqlana,in,,0,0,0,https://x.com/ffushigurouu/status/1874199214143705562,1501553161131425792,ffushigurouu
1874199205654520093,Tue Dec 31 21:01:26 +0000 2024,0,sedih,1874199205654520093,,,in,"dn't need your affection, babe",0,0,0,https://x.com/inirillcui/status/1874199205654520093,1439190062902628352,inirillcui
1874197305072758822,Tue Dec 31 21:01:18 +0000 2024,0,Badan pada capek abis kerja dri luar kota trus balik² bsoknya lngsung kerja lagi kerja trus kerja trus ampe drop ampe sakit kepala pusing pening yah cuman ini media tmpat gw bisa cerita dan gk peduli didenger atau dibaca sama siapapun itu hidup hampa batt,1874199174335652200,,mulots2007,in,,0,1,0,https://x.com/mulots2007/status/1874199174335652200,1574084082472226816,mulots2007
1874199040096952507,Tue Dec 31 21:00:47 +0000 2024,0,04.00 WIB Bila Anda Lelah dan Mengantuk Gunakan Tempat Istirahat #JM_Tertib_Berlalulintas_2025,1874199042718359931,,PTJASAMARGA,in,DKI Jakarta,0,0,0,https://x.com/PTJASAMARGA/status/1874199042718359931,540625251,PTJASAMARGA
1874071161451274561,Tue Dec 31 21:00:47 +0000 2024,0,@rosyyjisoo sedih banget :( cepet sembuh cantik,1874199041195864497,,rosyyjisoo,in,,0,0,0,https://x.com/wakajayjeonxii/status/1874199041195864497,1456946014707859456,wakajayjeonxii
1874199036364001504,Tue Dec 31 21:00:45 +0000 2024,396,Aku jujur terharu ada banyak gelombang yang buat jadi fans LR. Tapi sedih banget pas dia gak nangkep POV Sol karena buat aku dia beneran one of the best female lead ever. She's not stupid. Kemaren sempet baca last messages penumpang buat keluarganya di musibah itu. Saat itu aku https://t.co/pEIMMBwxgc,1874199036364001504,https://pbs.twimg.com/media/GgJ-F1VbYAAI9Ka.jpg,,in,,4,13,82,https://x.com/BetweenGrey/status/1874199036364001504,1627576684231942147,BetweenGrey
1873898429287727344,Tue Dec 31 21:00:44 +0000 2024,0,@marrtirnez wkwk sedih amat dah begini,1874199030622019702,,marrtirnez,in,handle full by admin,0,0,0,https://x.com/feelingsdannee/status/1874199030622019702,1761072429999501313,feelingsdannee
1873994869125111838,Tue Dec 31 21:00:27 +0000 2024,0,@sesukahatimu23 terus semangat dan jangan menyerah,1874198958853284297,,sesukahatimu23,in,,0,0,0,https://x.com/dicodeinduakali/status/1874198958853284297,1791458721861959680,dicodeinduakali
1874198908781683080,Tue Dec 31 21:00:15 +0000 2024,0,Monyekkkttttt udah Januari lagi udah sedih lagi kapan ya bisa gak sedih tiap bulan Januari yaAllah Moonbin jelek dah lu,1874198908781683080,,,in,@offclASTRO,0,0,1,https://x.com/wannabemystar/status/1874198908781683080,759173425,wannabemystar
1873865296391663766,Tue Dec 31 20:59:40 +0000 2024,0,@khairaumh pasrah aja ya,1874198761284751563,,khairaumh,in,,0,0,0,https://x.com/yeerimc/status/1874198761284751563,964909715665780736,yeerimc
1873569736417853554,Tue Dec 31 20:59:38 +0000 2024,0,Sa aku kangen. Aku riding sendirian ke JEC hihi. https://t.co/zRG58agLqP,1874198752321573237,https://pbs.twimg.com/media/GgJ91C2bYAIHCvF.jpg,frdhnmhid,in,,0,0,0,https://x.com/frdhnmhid/status/1874198752321573237,1852983505413914624,frdhnmhid
1873951205506138307,Tue Dec 31 20:59:32 +0000 2024,1,@gacutuk Sedih bangt dh,1874198728380473577,,gacutuk,in,,0,0,0,https://x.com/indocringe_/status/1874198728380473577,1229486380473929728,indocringe_
1874198679810433125,Tue Dec 31 20:59:20 +0000 2024,1,jam segini antara laper dan ngantuk.,1874198679810433125,,,in,"DKI Jakarta, Indonesia",0,0,0,https://x.com/galauvibes__/status/1874198679810433125,4900294679,galauvibes__
1874198028854452525,Tue Dec 31 20:59:19 +0000 2024,0,jujur sedih,1874198673502167433,,DARWllZZY,in,,0,0,0,https://x.com/DARWllZZY/status/1874198673502167433,1673187347549286401,DARWllZZY
1874198650794172886,Tue Dec 31 20:59:14 +0000 2024,0,kayak ada rasa sedih ga bisa nongkrong disana lagi. mana pas aku terakhir mesen kopi si ibunya udah hapal aku mau beli yang mana t___t,1874198654518780099,,kotoinaru,in,24,0,0,0,https://x.com/kotoinaru/status/1874198654518780099,1421406732002029571,kotoinaru
1874022732830040426,Tue Dec 31 20:59:12 +0000 2024,0,@ipb_menfess kecewa berat bintang 1,1874198644007825447,,ipb_menfess,in,,0,0,0,https://x.com/areahelios/status/1874198644007825447,1670505338792214528,areahelios
1874197768555974747,Tue Dec 31 20:59:09 +0000 2024,0,Lalu di 2024 kebingungan dan mengambil langkah instan yaitu nurut arahan orang tua. Lalu di akhir tahun 2024 menyerah karna ternyata meninggalkan semua perjuangan itu tanpa melihat hasil akhirnya. Membuatku merasa hampa dan hancur,1874198630506389793,,stwpds,in,notfound,0,0,0,https://x.com/stwpds/status/1874198630506389793,909706795815395328,stwpds
1874198606473023940,Tue Dec 31 20:59:03 +0000 2024,9,dipikir pikir sedih banget gabisa ikut ngumpul opdev yg agaknya terakhir(?) asfdhkfksjls all the best wishes for opdev thank u for being my very first place to grow in uni T_______T fpci chapter ui board of 2024 reaching beyond! https://t.co/Oj8QIPR2CC,1874198606473023940,https://pbs.twimg.com/media/GgJ9rLhaYAACvIb.jpg,,in,,0,2,0,https://x.com/ncatime/status/1874198606473023940,1293053676198572032,ncatime
1874131898920034825,Tue Dec 31 20:57:23 +0000 2024,0,@whiteswanco Amelie lu bener bener yepasrah bgt,1874198185687867399,,whiteswanco,in,Yume world,0,0,0,https://x.com/Afaa_Ziaa/status/1874198185687867399,1340872624444821505,Afaa_Ziaa
1874198123121434726,Tue Dec 31 20:57:18 +0000 2024,0,until finally; january 1 2024 i convince myself and my heart choose you as my lover. dengan cara nembak yang cukup bodoh karena aku sangat amat malu dan tidak memiliki kepercayaan diri penuh karena mengingat sudah berapa kali aku buat kamu sedih. https://t.co/DzgZTJty3E,1874198167866212706,https://pbs.twimg.com/media/GgJ9TS6bYAE_Yjh.jpg,peppashits,in,,0,1,0,https://x.com/peppashits/status/1874198167866212706,1821602318074392576,peppashits
1873944142163988952,Tue Dec 31 20:57:08 +0000 2024,0,@underect Ngapain sedih juga ka,1874198124551692671,,underect,in,new world,0,0,0,https://x.com/abcdefakeheru/status/1874198124551692671,1266694678826512384,abcdefakeheru
1874034907149983894,Tue Dec 31 20:57:06 +0000 2024,0,@sabargakjuga_ kasian amat sih,1874198115609424342,,sabargakjuga_,in,"DKI Jakarta, Indonesia",0,0,0,https://x.com/galauvibes__/status/1874198115609424342,4900294679,galauvibes__
1873983164936577311,Tue Dec 31 20:56:53 +0000 2024,0,@aphrodinate amiin paling kenceng sejagat raya alam semesta ini wkwkwk,1874198060697584020,,aphrodinate,in,"DKI Jakarta, Indonesia",0,0,0,https://x.com/galauvibes__/status/1874198060697584020,4900294679,galauvibes__
1873912813917466709,Tue Dec 31 20:56:50 +0000 2024,0,@kntung_ jangan mudah menyerah deh,1874198049452679438,,kntung_,in,"Paris, IL",0,0,0,https://x.com/arojgan/status/1874198049452679438,1621356270275141632,arojgan
1874198035036856648,Tue Dec 31 20:56:47 +0000 2024,0,Semoga ini kali terakhir aku menangis kecewa dan berharap mulai tahun ini aku bahagia dengan pilihanku. https://t.co/fVpVrioWfP,1874198035036856648,https://pbs.twimg.com/media/GgJ9LNubYAMvY5z.jpg,,in,,1,0,0,https://x.com/Itsmynad/status/1874198035036856648,1503082139575021568,Itsmynad
1874167908945060013,Tue Dec 31 20:56:46 +0000 2024,0,@gasenn_ Stop ngajak galau,1874198030947328071,,gasenn_,in,,0,1,0,https://x.com/LiceTale/status/1874198030947328071,1673985536401510402,LiceTale
1874027089789350286,Tue Dec 31 20:56:39 +0000 2024,0,@suvppreme ya namanya manusia wajar sedih sakit hati,1874198004493877713,,APAAJAADASINI,in,,0,0,0,https://x.com/mvamih/status/1874198004493877713,1508872587635728385,mvamih
1873956648857068007,Tue Dec 31 20:56:29 +0000 2024,0,@wasshit_ anjir nyesel buka twit jam segini,1874197961598788022,,wasshit_,in,"DKI Jakarta, Indonesia",0,0,0,https://x.com/galauvibes__/status/1874197961598788022,4900294679,galauvibes__
1874197961196134639,Tue Dec 31 20:56:29 +0000 2024,2,Semoga tahun ini MOVE ON karena ternyata 2024 masih gagal move on dan semoga tahun ini gak ada situation ship gak ada mixed signal tapi kalo ketemu lagi sama yang kemarin . JUGA GAPAPA .,1874197961196134639,,,in,"Seoul, Republic of Korea",0,0,0,https://x.com/gombiscuit/status/1874197961196134639,1334884157948715009,gombiscuit
1874197895467139452,Tue Dec 31 20:56:13 +0000 2024,0,Gue emang bener-bener sendirian ga punya siapapun Wajar kh?,1874197895467139452,,,in,She/her 🐨🐹🐱🐿️🐣🐯🐰 ,0,0,0,https://x.com/kimssiowner/status/1874197895467139452,1107622166952988674,kimssiowner
1873926779540562266,Tue Dec 31 20:56:11 +0000 2024,0,@mas2_jawa_ kenapa itu woyy,1874197887074414870,,mas2_jawa_,in,"DKI Jakarta, Indonesia",0,0,0,https://x.com/galauvibes__/status/1874197887074414870,4900294679,galauvibes__
1873967842074517899,Tue Dec 31 20:55:55 +0000 2024,0,@hayiyaya32 aku udah menyerah ya,1874197818816209248,,hayiyaya32,in,,0,0,0,https://x.com/rutheywi/status/1874197818816209248,1509763994982449153,rutheywi
1874197812612940066,Tue Dec 31 20:55:54 +0000 2024,0,Gua rada ga ngerti kronologi kejadiannya tp selalu sedih kl liat video supir truk ngejar truknya yg rem blong kaya huhuhu sedih bgt,1874197812612940066,,,in,,0,0,0,https://x.com/kkkaseas/status/1874197812612940066,1559834483112968192,kkkaseas
1873977144449421473,Tue Dec 31 20:55:52 +0000 2024,0,@txthoam seru nih,1874197804547268842,,txthoam,in,"DKI Jakarta, Indonesia",0,0,0,https://x.com/galauvibes__/status/1874197804547268842,4900294679,galauvibes__
1873912813917466709,Tue Dec 31 20:55:44 +0000 2024,0,@kntung_ Gak kepikiran menyerah juga,1874197772297265441,,kntung_,in,Lokasi yang beroksigen,0,0,0,https://x.com/rejekianakbaik/status/1874197772297265441,1315198460946120704,rejekianakbaik
1874197768555974747,Tue Dec 31 20:55:43 +0000 2024,1,Ternyata aku pernah berjuang sedemikian keras lalu menyerah karna takut dengan gagalnya. Tanpa berani melihat hasil yg sebenarnya. Pengecut di 2023,1874197768555974747,,,in,notfound,0,1,0,https://x.com/stwpds/status/1874197768555974747,909706795815395328,stwpds
1874197767658365324,Tue Dec 31 20:55:43 +0000 2024,2,gak berhenti berterimakasih atas nikmat yang di beriNYA tapi sedih banget karena bener-bener pengen punya tempat pulang. gue takut terbiasa kesepian begini plisssssss,1874197767658365324,,,in,exo planet l1485,0,0,0,https://x.com/archivesloey/status/1874197767658365324,1615416409047330819,archivesloey
1873894694289388022,Tue Dec 31 20:55:39 +0000 2024,0,@ngelutenan hehe emang secepat itu jd sedih,1874197752370155919,,ngelutenan,in,"⠻⠿⣷⣤⣾⣿⠦⠀⠀ Memoir;   𓂃 ࣪˖ ✿ֵࠡ.ુ  Belletic 
⠀⠀⣼⡟⠀⠻⣷⡄⠀ kindergatten  ballet  shoes 
⠀⠜⠛⠁⠀⠀⠹⡇⠀ The Dancing Princess. ୭₊ 𐚈",0,0,0,https://x.com/swanlakqes/status/1874197752370155919,1541555222891204608,swanlakqes
1873523642371625086,Tue Dec 31 20:54:09 +0000 2024,0,@NataliusPigai2 Sinkronisasi hukum itu sebelum di undangkan kl sdh berlaku ya harus jalan begitu normanya. Artinya yg dimaksud gagal itu ya para anggota @DPR_RI dong Krn mereka yg membahas RUU dan mengesahkan jadi UU.,1874197373611848144,,NataliusPigai2,in,,0,0,0,https://x.com/JELAS_SEKALI/status/1874197373611848144,1704826213842481152,JELAS_SEKALI
1873866489809502541,Tue Dec 31 20:54:02 +0000 2024,0,@Marcago5 kemana tuh jalan jalan mulu,1874197343807168563,,Marcago5,in,"DKI Jakarta, Indonesia",0,0,0,https://x.com/galauvibes__/status/1874197343807168563,4900294679,galauvibes__
1874197289021169919,Tue Dec 31 20:53:49 +0000 2024,0,Sedih aja udah banyak yg dilalui di tahun 2024 inj amsyoonkk banyak lukanya,1874197289021169919,,,in,"Pekanbaru,Riau",0,0,0,https://x.com/ridhotrinugraha/status/1874197289021169919,837588980,ridhotrinugraha
1874046556200227169,Tue Dec 31 20:53:47 +0000 2024,0,@suvppreme tapi gagal itu hal yang normal kok,1874197280095690945,,APAAJAADASINI,in,,0,0,0,https://x.com/vitawuw/status/1874197280095690945,1366887700855332864,vitawuw
1874057136038396275,Tue Dec 31 20:53:44 +0000 2024,0,@azvinhutama maaksih min info nya,1874197268410384675,,azvinhutama,in,"DKI Jakarta, Indonesia",0,0,0,https://x.com/galauvibes__/status/1874197268410384675,4900294679,galauvibes__
1873861198657315200,Tue Dec 31 20:53:35 +0000 2024,0,@Cool_Wannabe82 bener bangt ini,1874197232779747689,,Cool_Wannabe82,in,"DKI Jakarta, Indonesia",0,0,0,https://x.com/galauvibes__/status/1874197232779747689,4900294679,galauvibes__
1874197221958443201,Tue Dec 31 20:53:33 +0000 2024,1,Nala alias Ini Nala alias Nila. Kembarannya Hasra. Susah bgt dulu gw bedain lu sama Harsa. Sekembar itu. Hmm apa ye? Si galau nick sendiri. Anaknya lucu. Kalo mau tau rp jungwon yang kiyowo tapi ga too much nah dia nih. Friendly. Tapi kalo udah galaunya dateng haduh haduuh,1874197221958443201,,,in,EN_RGEN EN-KLOPEDIA,0,2,0,https://x.com/jungwonyangx/status/1874197221958443201,1308768906618613762,jungwonyangx
1874064282998235260,Tue Dec 31 20:53:23 +0000 2024,35,@tubirfess Nggak sihh anggap ajaa karma bokap lu yang kdrt dan jarang kasih nafkah. Salutt gue nderr lu masih punyaa rasa bersalah ke bokap yang kayak gituu. Gakk perluu merasaa bersalah okee lanjutkan ajaa hidup lo sekeluarga setelah inii,1874197181080776709,,tubirfess,in,,1,0,0,https://x.com/arwandelle/status/1874197181080776709,1436623920568803331,arwandelle
1873714756009546002,Tue Dec 31 20:53:15 +0000 2024,0,@falla_adinda hahaha ngakak njir,1874197148667109688,,falla_adinda,in,"DKI Jakarta, Indonesia",0,0,0,https://x.com/galauvibes__/status/1874197148667109688,4900294679,galauvibes__
1873751066350944453,Tue Dec 31 20:53:08 +0000 2024,0,@Sancityx nah bagus sih ini,1874197116870156597,,Sancityx,in,"DKI Jakarta, Indonesia",0,0,0,https://x.com/galauvibes__/status/1874197116870156597,4900294679,galauvibes__
1873949728309686537,Tue Dec 31 20:52:58 +0000 2024,0,@stillgray maksud nya apa nih,1874197074763538628,,stillgray,in,"DKI Jakarta, Indonesia",0,0,0,https://x.com/galauvibes__/status/1874197074763538628,4900294679,galauvibes__
1873753467707105537,Tue Dec 31 20:52:39 +0000 2024,0,@convomf cari sensasi ke nya ka,1874196995365363998,,convomf,in,"DKI Jakarta, Indonesia",0,0,0,https://x.com/galauvibes__/status/1874196995365363998,4900294679,galauvibes__
1863523206776476092,Tue Dec 31 20:52:36 +0000 2024,0,@faviekookie iya sedih banget ,1874196985114411034,,faviekookie,in,rant acc 𖤐,0,0,0,https://x.com/sereinhaven/status/1874196985114411034,1298863922779320320,sereinhaven
1874195832276476368,Tue Dec 31 20:52:33 +0000 2024,0,@55CSainz_ sedih bgt :(,1874196972728705063,,55CSainz_,in,"Barcelona, Spain",0,0,0,https://x.com/eszfort/status/1874196972728705063,1675053152691953666,eszfort
1873985054902542718,Tue Dec 31 20:52:26 +0000 2024,0,@kenzezt Kadang di tengah keramaian kita bisa merasa sendiri. Tapi ingat kamu enggak sendirian kok. Banyak orang yang mungkin juga lagi ngerasain hal yang sama,1874196942126981464,,kenzezt,in,bumi,0,0,0,https://x.com/sukasukanetizen/status/1874196942126981464,1456385815,sukasukanetizen
1874196927056838935,Tue Dec 31 20:52:22 +0000 2024,1,menyadari aku sudah sedewasa new year eve nonton pesta kembang api sendirian di kota orang proud of me https://t.co/RmtaLX0QiZ,1874196927056838935,https://pbs.twimg.com/ext_tw_video_thumb/1874196894161002497/pu/img/668akEVhC0v5Ek99.jpg,,in,"Kalimantan Barat, Indonesia",0,0,0,https://x.com/febiywdr/status/1874196927056838935,1098038381278187520,febiywdr
1874090709319286935,Tue Dec 31 20:52:19 +0000 2024,0,@tanyarlfes seenak itu dong,1874196913547087960,,tanyarlfes,in,"DKI Jakarta, Indonesia",0,0,0,https://x.com/galauvibes__/status/1874196913547087960,4900294679,galauvibes__
1873678152633029046,Tue Dec 31 20:52:10 +0000 2024,0,@discommie bisa pre sisi gini sih,1874196873218842821,,discommie,in,"DKI Jakarta, Indonesia",0,0,0,https://x.com/galauvibes__/status/1874196873218842821,4900294679,galauvibes__
1873944523723944197,Tue Dec 31 20:51:48 +0000 2024,1,@dakwapedia bagus nih min,1874196781862691326,,dakwapedia,in,"DKI Jakarta, Indonesia",0,0,0,https://x.com/galauvibes__/status/1874196781862691326,4900294679,galauvibes__
1874196731061297218,Tue Dec 31 20:51:36 +0000 2024,0,Makasih bang upi udah temenin penonton penonton yang kesepian dan butuh teman buat di tonton pas nugas semoga bang upi bisa sehat selalu dan gak bosen menghibur penonton penonton yang kesepian seperti aku,1874196731061297218,,,in,,0,0,0,https://x.com/Renaldyfasya/status/1874196731061297218,1844571201894838272,Renaldyfasya
1874177103400411307,Tue Dec 31 20:51:35 +0000 2024,0,@cremecrmlatte @stpjnti @CCccccc2021 @pln_123 Gak bisa dua kali pembayaran..tadi saya udah coba beli 500k pertama berhasil..mau beli lagi 200k transaksi gagal,1874196730012721189,,cremecrmlatte,in,"Jakarta Timur, DKI Jakarta",0,1,0,https://x.com/keep_believe/status/1874196730012721189,63383634,keep_believe
1874196692725358827,Tue Dec 31 20:51:27 +0000 2024,0,4 taun lalu hari ini hari yg pling bikin sedih sekarang bikin deg deg aN buanget sekaligus excited I'll go for my dream leave all negative thing/people/object/subject etc,1874196692725358827,,,in,rumah finn,0,1,0,https://x.com/jenkins_sel/status/1874196692725358827,1651984232460472320,jenkins_sel
1873867416964653090,Tue Dec 31 20:51:16 +0000 2024,0,@Kuyshopp2 aamiin kaka juga ya,1874196647116443889,,Kuyshopp2,in,"DKI Jakarta, Indonesia",0,0,0,https://x.com/galauvibes__/status/1874196647116443889,4900294679,galauvibes__
1874196637704499222,Tue Dec 31 20:51:13 +0000 2024,3,Kaget bgt sedih huhu. Dia my number 1 chinese actor. Baru aja selesai ntn my pearl girl kok sampe depresi dan gejala neurologis bahkan sampe afasia. Lusi ku cepet pulih ya ,1874196637704499222,,,in,Godric's Hollow,0,0,0,https://x.com/shafiraoo/status/1874196637704499222,71235979,shafiraoo
1874196136342544493,Tue Dec 31 20:51:10 +0000 2024,0,@catooncandies kok blum bobo lg galau yah,1874196621053067465,,catooncandies,in,"Budapest, Hungary",0,0,0,https://x.com/shiozuku/status/1874196621053067465,781554549202956289,shiozuku
1874196614245736639,Tue Dec 31 20:51:08 +0000 2024,0,Sampe nangis banjir air mata sumpah sedih bgt anjwenk,1874196614245736639,,,in,,0,0,0,https://x.com/jiunhoonie/status/1874196614245736639,2256412346,jiunhoonie
1873867640885960946,Tue Dec 31 20:51:08 +0000 2024,0,@segmua yah harus sih ini,1874196612920336828,,segmua,in,"DKI Jakarta, Indonesia",0,0,0,https://x.com/galauvibes__/status/1874196612920336828,4900294679,galauvibes__
1873867726604878230,Tue Dec 31 20:51:00 +0000 2024,0,@fanyisabella siap lah pasti,1874196581488156693,,fanyisabella,in,"DKI Jakarta, Indonesia",0,0,0,https://x.com/galauvibes__/status/1874196581488156693,4900294679,galauvibes__
1874196579021889850,Tue Dec 31 20:50:59 +0000 2024,1,ini sedih sih,1874196579021889850,,,in,alam barzah,0,0,0,https://x.com/devprinceps/status/1874196579021889850,1525919360413380608,devprinceps
1873867640885960946,Tue Dec 31 20:50:49 +0000 2024,0,@CutiLagi iyah ya ka,1874196534411276536,,CutiLagi,in,"DKI Jakarta, Indonesia",0,0,0,https://x.com/galauvibes__/status/1874196534411276536,4900294679,galauvibes__
1873865296391663766,Tue Dec 31 20:50:47 +0000 2024,0,@khairaumh Udah pasrah ya sekarang,1874196527159402968,,khairaumh,in,handled by admins.,0,0,0,https://x.com/brettney/status/1874196527159402968,790887539162816513,brettney
1874196496520011828,Tue Dec 31 20:50:40 +0000 2024,1,Tau nggak sih? Rasanya kangen tapi bikin sedih. Gue kenal ayat yang dibaca tapi ingatannya udah menguap entah ke mana. Sekali-dua kali familiar sama ayat yang dibaca imam dan gue kebayang bacaannya dg suara temen² gue saat ziyadah dulu. Allahummarhamna bil qur'an.,1874196496520011828,,,in,🇮🇩,0,1,0,https://x.com/raynzuni_lulu/status/1874196496520011828,1799413883943387136,raynzuni_lulu
1873867726604878230,Tue Dec 31 20:50:35 +0000 2024,0,@widyasaput iyah gini ka,1874196478367064345,,widyasaput,in,"DKI Jakarta, Indonesia",0,0,0,https://x.com/galauvibes__/status/1874196478367064345,4900294679,galauvibes__
1874196465700196802,Tue Dec 31 20:50:32 +0000 2024,0,Maaf tp aku galau uring²an gajelas grgr Sukhoon lengser,1874196465700196802,,,in,,0,0,0,https://x.com/jiunhoonie/status/1874196465700196802,2256412346,jiunhoonie
1873143462637519352,Tue Dec 31 20:50:27 +0000 2024,0,@anehgajelasbang nah iyah ka udh pasrahin ajah,1874196443097117181,,anehgajelasbang,in,"DKI Jakarta, Indonesia",0,0,0,https://x.com/galauvibes__/status/1874196443097117181,4900294679,galauvibes__
1873867640885960946,Tue Dec 31 20:50:11 +0000 2024,0,@andiicalilyas alhamdulillah ,1874196374386073778,,andiicalilyas,in,"DKI Jakarta, Indonesia",0,0,0,https://x.com/galauvibes__/status/1874196374386073778,4900294679,galauvibes__
1873867693016969613,Tue Dec 31 20:49:59 +0000 2024,0,@dwumbass sangat banget min,1874196326034137590,,dwumbass,in,"DKI Jakarta, Indonesia",0,0,0,https://x.com/galauvibes__/status/1874196326034137590,4900294679,galauvibes__
1874176478004601113,Tue Dec 31 20:49:56 +0000 2024,0,sedih banget ngga kuat,1874196314478830079,,indomiedanrawit,in,,0,0,0,https://x.com/indomiedanrawit/status/1874196314478830079,1302506736541077507,indomiedanrawit
1874194388882252068,Tue Dec 31 20:47:33 +0000 2024,0,gapapa semua orang silakan lari ngejar goals nya. gw mau jalan pelan aja sendirian jgn diganggu lagi yaa kasian gw nya udah banyak bgt pengen matinya tolong jgn ditambah . gapapa semua salahnya udah gw maafin ga perlu minta maaf lagi. ga perlu jelasin ke gw krn gw udah gamau tau,1874195711048507453,,swwicide,in,,0,0,0,https://x.com/swwicide/status/1874195711048507453,1383681226213449733,swwicide
1873919712872345750,Tue Dec 31 20:47:29 +0000 2024,0,@cldytn_ Sedih banget ya,1874195694472617993,,cldytn_,in,,0,0,0,https://x.com/indocringe_/status/1874195694472617993,1229486380473929728,indocringe_
1874035495266902265,Tue Dec 31 20:47:05 +0000 2024,1,@DojunCG @mezlon sedih taun ini aku jomblo lagi,1874195595457683780,,DojunCG,in,INTP🤟🏻,0,1,0,https://x.com/ciananmonroll/status/1874195595457683780,806114601095958528,ciananmonroll
1873985322322972994,Tue Dec 31 20:46:46 +0000 2024,0,@merizachekamaru mungkin kerana Hannah Yeoh adalah orang cina dan bukan Islam dia adalah bersalah tetapi Najib anak minum Ribena tidak apa cucu Mahathir menari di hari Krismas sambil minum ribina pun tak bersalah tak perlulah melaporkan polis kerana mereka melayu yang kaya dengan belakang,1874195515719737366,,merizachekamaru,in,Parit buntar xD,0,0,0,https://x.com/SongKauWong/status/1874195515719737366,1548642899432071169,SongKauWong
1874061694261137619,Tue Dec 31 20:46:46 +0000 2024,0,@jiseokkoch apa karna bahan covernya huhu sedih liat bukunya ga bisa dibersihin tah,1874195515669373185,,jiseokkoch,in,,0,1,0,https://x.com/jooybie/status/1874195515669373185,1134081241257394177,jooybie
1874182246900682928,Tue Dec 31 20:46:28 +0000 2024,0,@anandyq_ gak ngerasa kesepian kalo pas megang botol doang,1874195438909481173,,anandyq_,in,,0,1,0,https://x.com/humafield/status/1874195438909481173,1367836924782645253,humafield
1874177103400411307,Tue Dec 31 20:46:17 +0000 2024,15,@CCccccc2021 @pln_123 Iya udah bisa sampe bela belain begadang demi isi token. Tapi kayaknya pembeliannya hanya boleh sekali deh. Soalnya td mau nyoba beli lagi 200ribu transaksi gagal https://t.co/PUMdOziXR6,1874195396001751286,https://pbs.twimg.com/media/GgJ6x8SaUAADQ9a.jpg,CCccccc2021,in,"Jakarta Timur, DKI Jakarta",0,16,2,https://x.com/keep_believe/status/1874195396001751286,63383634,keep_believe
1874194852503838860,Tue Dec 31 20:46:09 +0000 2024,0,@stres_maksimal kagak ngapa lah,1874195361608458423,,akcxrmn,in,"dnf, semi rant.",0,0,0,https://x.com/demonitc/status/1874195361608458423,1711839581535170560,demonitc
1874195290678583536,Tue Dec 31 20:45:52 +0000 2024,0,exited sendirian itu emng ga enak ya (?) ,1874195290678583536,,,in,enhypen,0,0,0,https://x.com/2daywithjayo/status/1874195290678583536,1405372075619979266,2daywithjayo
1873908266591543431,Tue Dec 31 20:45:42 +0000 2024,0,@oneofrep Kecewa banget ya ka,1874195247221428244,,oneofrep,in,new world,0,0,0,https://x.com/abcdefakeheru/status/1874195247221428244,1266694678826512384,abcdefakeheru
1874195177717588081,Tue Dec 31 20:45:25 +0000 2024,0,knp gabole pacaran as long as ga ganggu atau bkin sedih??? ga make sense,1874195177717588081,,,in,Indonesia,0,0,0,https://x.com/deelany_/status/1874195177717588081,1740646927216279552,deelany_
1874195106489843825,Tue Dec 31 20:45:08 +0000 2024,0,anak ibu yang paling ibu cintai ibu kangen Abang nak. dada ibu sesak setiap kali ingat kamu hati ibu hampa tanpa Abang di dekapan ibu. Abang Abdurrahman merasa yang sama ga ya seperti ibu? Rasanya setiap hari sangat berat tapi ibu bersyukur tau kamu disana dijaga oleh -,1874195106489843825,,,in,,0,1,0,https://x.com/Humairazyn/status/1874195106489843825,1682785613903466497,Humairazyn
1874194909709865207,Tue Dec 31 20:44:57 +0000 2024,0,Kyknya krn efek gue capek kerja juga sih.. + ada org yg bikin gue sedih di party itu!!,1874195058137899516,,horangchoon,in,,0,2,0,https://x.com/horangchoon/status/1874195058137899516,1767921247307059200,horangchoon
1874195047291539773,Tue Dec 31 20:44:54 +0000 2024,0,Seneng itu kalo di malem hari aku ga sedih ovt atau gelisah. Tapi bisa ketiduran sambil denger murrotal yutub atau netflix. Bangun paginya mood banget,1874195047291539773,,,in,,0,0,0,https://x.com/llintangutara/status/1874195047291539773,1335951190077493248,llintangutara
1874194979171762671,Tue Dec 31 20:44:38 +0000 2024,0,KABARIN ANJIR DARI AWAL KAO GAJADI,1874194979171762671,,,in,,0,0,0,https://x.com/asalnyambatt/status/1874194979171762671,1745104123819954177,asalnyambatt
1873752851257979274,Tue Dec 31 20:42:45 +0000 2024,0,@noorriansjah @idextratime ga banget darimana? pemainnya yang pengen pindah Madridnya juga butuh RB Liverpool yg gagal jalin kesepakatan baru sama pemainnya. kok bisa ga banget darimana?? apakah karena klub besar harus beli pemain jorjoran? masa pemain habis kontrak tetep harus bayar ke klub sebelumnya?,1874194505400017067,,noorriansjah,in,Indonesia,0,0,0,https://x.com/SiPalingRMadrid/status/1874194505400017067,1442507049846276107,SiPalingRMadrid
1874194484273295611,Tue Dec 31 20:42:40 +0000 2024,0,yang bener aja? GUA UDAH NAHAN NGANTUK INI YA ALLAH,1874194484273295611,,,in,,0,1,0,https://x.com/asalnyambatt/status/1874194484273295611,1745104123819954177,asalnyambatt
1874194395681239348,Tue Dec 31 20:42:19 +0000 2024,1,Cuma Indonesia doang yang pemerintahannya bikin stres dan sakit kepala rakyatnya pas tahun baru emang udah harus ganti kewarganegaraan gweh mah,1874194395681239348,,,in,read rentry before follow,0,0,0,https://x.com/vanimatcho/status/1874194395681239348,1398616174913458177,vanimatcho
1874194354329575576,Tue Dec 31 20:42:09 +0000 2024,0,situs tergacorrrrrrrrrrrrr di BUMIII MEKAR99 ini bossssss..bukan Kaleng-kaleng!!BONUS NEW MEMBER 100%.BURUAN TUNGGU APA LAGI MEMBER BARU PUUUUASTIIIIIIIIIII JP..!!!BONUS GAGAL GACOR 100% UANG KEMBAL https://t.co/mIXsT19Rgl,1874194354329575576,https://pbs.twimg.com/ext_tw_video_thumb/1874194212574699520/pu/img/mz9xI8e5u7xbrZxk.jpg,,in,,0,0,0,https://x.com/mekargacor/status/1874194354329575576,1846359359468851201,mekargacor
1873908796109840761,Tue Dec 31 20:42:02 +0000 2024,0,@peachviityy Biasanya yang bentar emang bikin galau,1874194325359542339,,peachviityy,in,handled by admins.,0,0,0,https://x.com/brettney/status/1874194325359542339,790887539162816513,brettney
1873997982888321148,Tue Dec 31 20:42:02 +0000 2024,0,@jankasikendor Lama lama bisa kecewa,1874194323472081369,,jankasikendor,in,,0,0,0,https://x.com/zakariamlk/status/1874194323472081369,1372618205965864961,zakariamlk
1874194259748020259,Tue Dec 31 20:41:47 +0000 2024,4,Jadi jam 11 tadi tuhhh Kek ayo liat kembang apiii Trs akuu ayo ayo aku ganti baju dulu yaa Dan ntah kenapa jam 1 an aku bangun dgn kondisi pake tas udah ganti baju pake masker Dan temenku : nih anak pasti tidur ku tinggal ya Gagal liat hanabi,1874194259748020259,,,in,,0,1,1,https://x.com/asechaputri/status/1874194259748020259,1794545612492587009,asechaputri
1874194249845187000,Tue Dec 31 20:41:44 +0000 2024,0,gimana ya aku kayak sedih banget. Aku tau kalian ada kegiatan lain aku juga gitu kok tapi tolong banget tanggung jawabnya dikerjain dulu. Kalo ga bisa ngatur waktu ga usah ikut banyak kegiatan biar keliatan aktif. Yang kedapetan capeknya orang orang yang fokusnya kuliah doang,1874194249845187000,,,in,,0,1,0,https://x.com/allboutsun/status/1874194249845187000,1617875179379773442,allboutsun
1874190716886487232,Tue Dec 31 20:41:39 +0000 2024,0,untuk mbahku bude pakde alll of my javanese fam. walaupun pagi kemarin kita dapat kabar dukacita pdhl sedih di sept jg blm selesai smoga bs segera dipulihkan &amp; bangkit dari kesedihan. yakin percaya semua ada hikmatnya. semoga kita bisa berkumpul kembali secepat &amp; selengkapnya,1874194229599354975,,mrsclumszy,in,,0,0,0,https://x.com/mrsclumszy/status/1874194229599354975,1748669629478973440,mrsclumszy
1874194194094580148,Tue Dec 31 20:41:31 +0000 2024,0,selamat tahun baru! semoga taun depan nangis bukan karna gagal tapi karna berhasil. Amin,1874194194094580148,,,in,,0,0,0,https://x.com/casiaa00/status/1874194194094580148,1646004041670078465,casiaa00
1874154824914329981,Tue Dec 31 20:41:22 +0000 2024,0,@HomiesRyujin KAKAK RYU .. kok sedih begini? ,1874194158925341170,,KarinaPals,in,1998．Recycle My Bin,0,1,0,https://x.com/restore_umji/status/1874194158925341170,1693877459689844737,restore_umji
1874194157826379858,Tue Dec 31 20:41:22 +0000 2024,0,sisa tdi di barat sendirian https://t.co/2n4WxZb5O3,1874194157826379858,https://pbs.twimg.com/media/GgJ5pVubsAAV_vb.jpg,,in,"Sidoarjo, Indonesia",0,0,0,https://x.com/saskehbaik/status/1874194157826379858,1794409041789431808,saskehbaik
1874194124389384250,Tue Dec 31 20:41:14 +0000 2024,0,Big thanks to bomi sepupu gw yg sudah menemani masa masa galau ini jadi gw tidak nangis nangis sendirian lagi,1874194124389384250,,,in,Jakarta Capital Region,0,0,0,https://x.com/apeachyss/status/1874194124389384250,1090209193167020032,apeachyss
1874194116873199680,Tue Dec 31 20:41:12 +0000 2024,0,New year new me. Masih banyak yang perlu diintrospeksi. Terus berkembang dan jangan menyerah buat selalu belajar.,1874194116873199680,,,in,Pramaditya R.W,0,0,0,https://x.com/Revorent/status/1874194116873199680,771450715654856704,Revorent
1874192095109636389,Tue Dec 31 20:33:10 +0000 2024,0,Baru juga 2025 beberapa jam udah bikin stres lagi.,1874192095109636389,,,in,"Kalimantan Barat, Indonesia",0,0,0,https://x.com/WstedTimee/status/1874192095109636389,274423811,WstedTimee
1874192087354380776,Tue Dec 31 20:33:09 +0000 2024,0,makasih yah 2024 udah bikin aku gila ... stres bgt GUE FAK DI 2024.,1874192087354380776,,,in,7-825🩵,0,0,0,https://x.com/d2019iedd/status/1874192087354380776,1598210041382772736,d2019iedd
1874191942357311721,Tue Dec 31 20:32:34 +0000 2024,0,Biar aku gagal tapi jangan sampai aku berputus-asa.,1874191942357311721,,,in,,0,0,0,https://x.com/betheatikah/status/1874191942357311721,1469901420518207488,betheatikah
1874074576428425294,Tue Dec 31 20:32:32 +0000 2024,0,@cetqil Apa lagi sedih ya kak,1874191932500660725,,cetqil,in,,0,0,0,https://x.com/gusjamal17/status/1874191932500660725,1870891619849007104,gusjamal17
1874009268925718673,Tue Dec 31 20:32:04 +0000 2024,0,@Moohd_Ilham dah pasrah aja ua kan,1874191815462838686,,Moohd_Ilham,in,🪐,0,0,0,https://x.com/alvianyps/status/1874191815462838686,1351544052441780224,alvianyps
1874191766326567074,Tue Dec 31 20:31:52 +0000 2024,0,maaf klo keliatan nya stres tapi emang iya soalnya gabisa tidur anjengggggggg,1874191766326567074,,,in,@BTS_twt,0,0,0,https://x.com/partofthv/status/1874191766326567074,1663755642933485571,partofthv
1873884967815860251,Tue Dec 31 20:31:48 +0000 2024,0,@alysabelinda berani banget excited sendirian,1874191747737333845,,alysabelinda,in,"Medan, Sumatera Utara, ID",0,0,0,https://x.com/ndogito/status/1874191747737333845,181036727,ndogito
1874191659766079891,Tue Dec 31 20:31:27 +0000 2024,14,Bukannya aku gak bahagia ya dengan pernikahanku aku hanya merasa waktuku untuk bersenang-senang me time dan liburan rasanya kurang banget ada yang bilang kurang puas masa mudanya Maka dari itu jangan sedih kalau jodohmu belum dateng enjoy ajja nikmati sigle mu.,1874191663104712930,,AdamSyahaha,in,"Jawa Timur, Indonesia",0,1,5,https://x.com/AdamSyahaha/status/1874191663104712930,3256669542,AdamSyahaha
1874156630176391325,Tue Dec 31 20:31:21 +0000 2024,0,@Stres___ Hogya,1874191635132936371,,Stres___,hu,,0,0,0,https://x.com/lunaslaysss/status/1874191635132936371,1834827191378731008,lunaslaysss
1874191533244862851,Tue Dec 31 20:30:56 +0000 2024,0,gue sedih bgt neida 31 Desember jadi panggung terakhir neida sama hivi,1874191533244862851,,,in,,0,0,0,https://x.com/sayhivie/status/1874191533244862851,1817924047805849600,sayhivie
1874191529910427846,Tue Dec 31 20:30:56 +0000 2024,0,Terimakasih... Atas segala drama suka dukanya baik buruknya sedih bahagianya serta pelajaran pengalamannya. Cerita 365 hari ku beri judul titik terendah #365 #2025 https://t.co/41kyxDqbS0,1874191529910427846,https://pbs.twimg.com/ext_tw_video_thumb/1874190470286630915/pu/img/Kifp2Y14yPlYTWR4.jpg,,in,United States,0,0,0,https://x.com/nengselvian/status/1874191529910427846,1428658678622687235,nengselvian
1874191520259334243,Tue Dec 31 20:30:53 +0000 2024,1,Sebenarnya kemarin seharian tuh rasanya burnout banget. Sampai badan gemeteran ga jelas kenapa dan dada sakit sesak. Lelah banget beberapa hari ngurusin anak sakit estafet dan Ayahnya ga ada karena lagi DLK. Tp demi memenuhi keinginan si sulung bisa tahun baruan di rumah umi,1874191520259334243,,,in,Depok 16519,0,1,0,https://x.com/yessicaedi/status/1874191520259334243,319718712,yessicaedi
1874191491125612665,Tue Dec 31 20:30:46 +0000 2024,0,sedih.... hyunsuk jihoon......️‍,1874191491125612665,,,in,,0,0,0,https://x.com/chxxrysa/status/1874191491125612665,1265338907287146496,chxxrysa
1874190414481420501,Tue Dec 31 20:30:46 +0000 2024,0,@madebyucan Masih awal tahun sekali ini:( kenapakah sedih-sedih,1874191488877551772,,madebyucan,in,,0,1,0,https://x.com/sandyyakala/status/1874191488877551772,1366180860,sandyyakala
1874191377095156060,Tue Dec 31 20:30:19 +0000 2024,7,Semoga 2025 dipenuhi cinta dan kasih sayang sudah lelah banyak bertaruh dan bertempur di 2024 terlalu banyak sakit hati. ,1874191377095156060,,,in,englit v9m 24,0,0,0,https://x.com/jebiiya/status/1874191377095156060,1613812159447994370,jebiiya
1874191356392071283,Tue Dec 31 20:30:14 +0000 2024,0,Sedih klow ga punya uang tuh,1874191356392071283,,,in,,0,0,0,https://x.com/RoyPradipta3/status/1874191356392071283,1833212874854174723,RoyPradipta3
1874191338901823894,Tue Dec 31 20:30:10 +0000 2024,2,2025 simpan rencana apapun dan proses itu secara diam2. 2024 kemarin mungkin banyak rencana yang dishare dan berakhir gagal dan banyak juga kesempatan yang terlewat. But now i promise to my self I'll be f*ckin fire in this year really.,1874191338901823894,,,in,,0,0,0,https://x.com/sapahaidar/status/1874191338901823894,1253007607209418752,sapahaidar
1874191247407276248,Tue Dec 31 20:29:48 +0000 2024,0,sedih,1874191247407276248,,,in,,0,0,0,https://x.com/ervonau/status/1874191247407276248,1528547499413098496,ervonau
1874189524559122862,Tue Dec 31 20:26:45 +0000 2024,0,inti nya gua muak lagu galau iya tau suara lu paten bkl laris tp kek pgn bgt ada yg vokal nya kek mulan jameela/ avril/ rose di indo yg suara nya tu unik ,1874190479446962634,,wiwnajwiw,in,Indonesia,0,0,0,https://x.com/wiwnajwiw/status/1874190479446962634,1195206014028546048,wiwnajwiw
1874190416230441171,Tue Dec 31 20:26:43 +0000 2024,2, Pahami Motivasi Belanja: Coba cari tahu apa yang memicu Anda untuk belanja impulsif. Apakah itu stres kebosanan atau kebahagiaan? Mengetahui pemicunya bisa membantu Anda mengelola atau menghindari situasi tersebut.,1874190469900755274,,AdamSyahaha,in,"Jawa Timur, Indonesia",0,1,0,https://x.com/AdamSyahaha/status/1874190469900755274,3256669542,AdamSyahaha
1874190420655448239,Tue Dec 31 20:26:31 +0000 2024,0,Sebagai penikmat kopi yg baik hati. Setiap kali aku beli kopi yg gulanya terpisah waktu sampi di rumah aku satukan kembali agar tidak kesepian. Aku sayang kalian. :'(,1874190420655448239,,,in,,0,0,0,https://x.com/Lupangopi_/status/1874190420655448239,1873471061083459584,Lupangopi_
1874190408525504701,Tue Dec 31 20:26:28 +0000 2024,1,masih bersama manusia menyebalkan yang selalu tidak pernah gagal membuat semakin sayang https://t.co/kKIffcRyYG,1874190408525504701,https://pbs.twimg.com/media/GgJ2PoebYAAnJmp.jpg,,in,emergency call: catharinablu❤️,1,0,1,https://x.com/svtvace/status/1874190408525504701,1628796465551413248,svtvace
1874190367211610220,Tue Dec 31 20:26:18 +0000 2024,0,sedih bgt udah gabisa akses yoobic,1874190367211610220,,,in,,0,0,0,https://x.com/spicymareth/status/1874190367211610220,1743714750696185856,spicymareth
1874009487453151691,Tue Dec 31 20:26:05 +0000 2024,0,@rabunjauhhhh iya gagal mah urusan nanti,1874190309258838385,,rabunjauhhhh,in,Indonesia,0,1,0,https://x.com/virnaan/status/1874190309258838385,500593556,virnaan
1874190252048605515,Tue Dec 31 20:25:51 +0000 2024,0,saran playlist galau di 2025,1874190252048605515,,,in,punya phamie,0,0,0,https://x.com/pocerri/status/1874190252048605515,1479041529549246466,pocerri
1874121140119232971,Tue Dec 31 20:25:47 +0000 2024,3,@abu_waras Artinya gayung bersambut jkw bisa diadili di dalam dan luar negri tantangan bagi PDIP mo jadi pecundang klo gagal memenjarakan penghianat atau diadukan ke pengadilan intl atas nawa dosa jkw yg menggergaji konstitusi,1874190234914873398,,abu_waras,in,,0,0,0,https://x.com/HanifaTiyo12459/status/1874190234914873398,1746069065796616192,HanifaTiyo12459
1874190214488612908,Tue Dec 31 20:25:45 +0000 2024,0,ㅤ Menurutmu ia pergi ke mana? Apa dia pergi berlibur? Kabur sendirian? Atau mungkin... Ibu dan Drizella menahannya di tempat yang jauh dariku? ㅤ,1874190226492711315,,claemaxbeat,in,  RAD WEEKEND !  ,0,1,0,https://x.com/claemaxbeat/status/1874190226492711315,1755674265322745856,claemaxbeat
1874190208897605983,Tue Dec 31 20:25:41 +0000 2024,1,dimulai dengan ketidak sesuaian diakhiri kecewa.,1874190208897605983,,,in,,0,0,0,https://x.com/kinankinkin/status/1874190208897605983,132884539,kinankinkin
1874190156946956313,Tue Dec 31 20:25:28 +0000 2024,0,sedih bgt aku kmrn kecapean minta dibangunin kl jagungnya udah mateng gaada yang bangunin dan gaada yang nyisain :((((,1874190156946956313,,,in,,0,0,0,https://x.com/yetaxo/status/1874190156946956313,1301021796209025024,yetaxo
1873900019558080670,Tue Dec 31 20:25:14 +0000 2024,0,@KreakSemarang Pasti kecewa sih,1874190098318917870,,KreakSemarang,in,,0,0,0,https://x.com/indocringe_/status/1874190098318917870,1229486380473929728,indocringe_
1873871891775315982,Tue Dec 31 20:24:33 +0000 2024,0,@causeofthat duh sedih banget cinta tak terbalas ya,1874189925933015548,,causeofthat,in,,0,0,0,https://x.com/rutheywi/status/1874189925933015548,1509763994982449153,rutheywi
1874189925744336956,Tue Dec 31 20:24:33 +0000 2024,0,sedih banget pls ,1874189925744336956,,,in,,0,0,0,https://x.com/warnaa/status/1874189925744336956,788720802,warnaa
1874189923097690342,Tue Dec 31 20:24:33 +0000 2024,1,tahun baru dengan rasa sedih dan sepi,1874189923097690342,,,in,,0,1,0,https://x.com/saturnuseater/status/1874189923097690342,294981594,saturnuseater
1874189342484422900,Tue Dec 31 20:22:14 +0000 2024,3,Hari per hari berlalu sangat cepat hingga Tokyoverse yang masih terkenang di V1 cuma ini.. te en ep? Sempat berfikir apakah mereka kembali tapi ternyata Pindah kota Sedih? Iya.. GWENCANA~ di V1 kerja jd Anggota Medis sekarang V2 jadi Anggota Polisi Semangat terus deh https://t.co/0JqIHVLoFf,1874189342484422900,https://pbs.twimg.com/media/GgJ1ResbYAEIhJ7.jpg,,in,.ೃ࿐ alas rimba,0,0,0,https://x.com/AritsaLarasati/status/1874189342484422900,1537041860807360512,AritsaLarasati
1873927421306786175,Tue Dec 31 20:21:55 +0000 2024,0,@aidenxvx Sedih banget yaa,1874189261345612033,,aidenxvx,in,"Tegal, Jawa Tengah",0,0,0,https://x.com/redi_gaming1/status/1874189261345612033,1836169131823190016,redi_gaming1
1874042940676591867,Tue Dec 31 20:21:47 +0000 2024,0,@minkaput Sedih banget yaak,1874189230290977035,,minkaput,in,"New York, USA",0,0,0,https://x.com/dwumbass/status/1874189230290977035,2755821490,dwumbass
1874189072140558545,Tue Dec 31 20:21:10 +0000 2024,0,Eh sedih banget,1874189072140558545,,,in,,0,0,0,https://x.com/whycanpng/status/1874189072140558545,1294631719954333696,whycanpng
1874189006524805411,Tue Dec 31 20:20:54 +0000 2024,0,Kebiasaan deh Habis nyelesein story tuh langsung hampa Ga mau ngapa2in,1874189006524805411,,,in,,1,1,0,https://x.com/said_dibalik/status/1874189006524805411,1751489461484220417,said_dibalik
1874147501055586423,Tue Dec 31 20:20:22 +0000 2024,0,@ihancorydoraseu Hahaha ayo ayo sini temenin aku mam Bukan independent woman sebenarnya wkwkwk cuma terpaksa aja mkan sendiri karena sendirian ,1874188872407802101,,,in,Indonesia,0,0,0,https://x.com/Mongmongie10_/status/1874188872407802101,1862166415991779328,Mongmongie10_
1873963203719553447,Tue Dec 31 20:20:18 +0000 2024,0,@POSESlF jangan lelah berbuat baik,1874188856507195539,,POSESlF,in,"London, England",0,0,0,https://x.com/faysiren/status/1874188856507195539,1682766941151457280,faysiren
1874188770414825498,Tue Dec 31 20:19:58 +0000 2024,0,aaa sedih banget ,1874188770414825498,,,in,,0,0,0,https://x.com/kyoungkezz/status/1874188770414825498,1079349666448211968,kyoungkezz
1874188749963485471,Tue Dec 31 20:19:53 +0000 2024,0,owh gue ternyata beneran anak gagal dan memalukan yh wkwkwkkwwkwkwkwkwk lucu bgt ga sanggup menahan fakta ini ,1874188749963485471,,,in,,0,2,0,https://x.com/whatzsha/status/1874188749963485471,1710252398252605440,whatzsha
1874032189396144435,Tue Dec 31 20:19:45 +0000 2024,0,@notrestinpeace jangan gagal ya,1874188718501925149,,notrestinpeace,in,handled by admin. ,0,0,0,https://x.com/ereection/status/1874188718501925149,1166295895228350465,ereection
1874188597559255277,Tue Dec 31 20:19:17 +0000 2024,0,kecewa brat.,1874188601199911210,,phainoz,in,fub free.,0,0,0,https://x.com/phainoz/status/1874188601199911210,1742053167163170816,phainoz
1874188585647431990,Tue Dec 31 20:19:14 +0000 2024,2,akanny kebanyakan jujur pas ngetik lagi sedih mampus maaf ye:VvV,1874188585647431990,,,in,,0,0,0,https://x.com/sukkiedut/status/1874188585647431990,1803995435851563008,sukkiedut
1873937995692454015,Tue Dec 31 20:19:12 +0000 2024,0,@yhaterus Berita sedih sih,1874188579104297013,,yhaterus,in,,0,0,0,https://x.com/bntkh__/status/1874188579104297013,1002745014680576000,bntkh__
1873937995692454015,Tue Dec 31 20:19:07 +0000 2024,0,@yhaterus Sedih banget ini ya,1874188555968491758,,yhaterus,in,,0,0,0,https://x.com/bntkh__/status/1874188555968491758,1002745014680576000,bntkh__
1874167433642025451,Tue Dec 31 20:19:06 +0000 2024,0,@convomf gue udah tau bakal sedih terus sampe 2034 hehe,1874188554404061637,,convomf,in,,0,0,0,https://x.com/grumpyygirl/status/1874188554404061637,1539888936566132736,grumpyygirl
1873995971660833059,Tue Dec 31 20:19:03 +0000 2024,0,@ceruleanbluy kak bakal ada kemungkinan mereka balikan ga ya? sedih banget,1874188542693564778,,ceruleanbluy,in,,0,1,0,https://x.com/sah59366/status/1874188542693564778,1739518144908328960,sah59366
1874114403777593777,Tue Dec 31 20:18:21 +0000 2024,0,@andihiyat Biasa saja ouh ternyata bahagia kyk gini kalo kecewa kyk gitu.,1874188366599909450,,andihiyat,in,,0,0,0,https://x.com/aldekum/status/1874188366599909450,1524334888593522688,aldekum
1873860165847703941,Tue Dec 31 20:18:21 +0000 2024,0,@stoboery Waduh sedih amat sih dicuekin,1874188364183896546,,stoboery,in,,0,0,0,https://x.com/andiicalilyas/status/1874188364183896546,3285289368,andiicalilyas
1873879442675949828,Tue Dec 31 20:18:16 +0000 2024,0,@yourneedsco Iya anjir kayak semua sedih,1874188344911159419,,yourneedsco,in,handled by 2 admins,0,0,0,https://x.com/biscofq/status/1874188344911159419,2266726718,biscofq
1874138525542879673,Tue Dec 31 20:17:38 +0000 2024,74,@ListyoSigitP selamat tahun baru pak. tingkatkan prestasi anak buahnya dalam membunuh pelajar tidak bersalah nya ya pak https://t.co/DBhZ7qnYPp,1874188182826430882,https://pbs.twimg.com/media/GgJ0N4vbYAAgkq6.jpg,ListyoSigitP,in,,0,0,2,https://x.com/farizumar/status/1874188182826430882,78848955,farizumar
1874188179185820032,Tue Dec 31 20:17:37 +0000 2024,1,Gagal lagi? Cuba lagi.,1874188179185820032,,,in,جنّة,0,0,0,https://x.com/ainyanunalif_/status/1874188179185820032,872156681685180418,ainyanunalif_
1874188144465314164,Tue Dec 31 20:17:29 +0000 2024,0,SEDIH BGT,1874188144465314164,,,in,rant HARSHWORD,0,0,0,https://x.com/haecven/status/1874188144465314164,1344306378525982722,haecven
1874170080017473686,Tue Dec 31 20:17:21 +0000 2024,0,@fuckilness sedih kuadrat,1874188111019913359,,fuckilness,in,,0,0,0,https://x.com/l0vieyu/status/1874188111019913359,916589443808616448,l0vieyu
1874188038026519028,Tue Dec 31 20:17:03 +0000 2024,0,gue.sedih.banget https://t.co/BcEagjKqbp,1874188038026519028,https://pbs.twimg.com/media/GgJ0E_9bUAAuvOH.jpg,,in,she/her,0,0,0,https://x.com/urinajaem/status/1874188038026519028,1356124613915230209,urinajaem
1873698262303334444,Tue Dec 31 20:17:00 +0000 2024,0,@BangPino__ Jika ucapan itu sungguh2 akan terlihat raut wajah sedih penuh kekecewaan. Mengingat yg di korupsi nilainya sungguh fantastis. Saya kok ragu. .. keliatannya seperti omon2 aja. Yuk kita jujur menilai video ini gak perlu menghibur diri. Sorry ,1874188026517348414,,BangPino__,in,"Jakarta Selatan, DKI Jakarta",0,0,0,https://x.com/koko_mardani/status/1874188026517348414,821298046382157824,koko_mardani
1874185975154565406,Tue Dec 31 20:16:43 +0000 2024,0,@akubiruuuuu taun udh baru tapi masih sedih,1874187955327422728,,akubiruuuuu,in,Planet Vegeta,0,0,0,https://x.com/saytods/status/1874187955327422728,1178256086140219393,saytods
1874187905289380213,Tue Dec 31 20:16:32 +0000 2024,0,@pln_123 hallo kak saya order token via aplikasi PLN MOBILE. Nah pembayaran via Briva. Saldo terpotong dan di aplikasi pln mobilenya keterangannya gagal . Padahal saldonya sudah terpotong,1874187905289380213,,pln_123,in,IMY,0,2,0,https://x.com/Firmann_AF/status/1874187905289380213,316895005,Firmann_AF
1874187886297571464,Tue Dec 31 20:16:27 +0000 2024,0,eh sedih banget akun gue gabisa login yang ini @dkfkwho huhu gimana ya caranya,1874187886297571464,,,in,,0,1,0,https://x.com/Bearbearr88/status/1874187886297571464,1264569038459437059,Bearbearr88
1874042753195360706,Tue Dec 31 20:16:16 +0000 2024,0,@sstrongerrr kayak hampa gitu pernah,1874187840860705174,,sstrongerrr,in,"Edinburgh, Scotland",0,0,0,https://x.com/cindetr/status/1874187840860705174,1356625718138990593,cindetr
1874187827828982106,Tue Dec 31 20:16:13 +0000 2024,0,pasrah dan berserah,1874187827828982106,,,in,,0,0,0,https://x.com/aallliin/status/1874187827828982106,72828402,aallliin
1872547897184829942,Tue Dec 31 20:16:13 +0000 2024,0,@dandeliongrass_ Bener banget seringnya malah diabaikan dulu baru heboh pas udah kejadian. Padahal kan udah ada peringatan dari ilmuwan.,1874187826377744416,,dandeliongrass_,in,Jateng,0,0,0,https://x.com/almaasoud913/status/1874187826377744416,2497893095,almaasoud913
1874101471618490776,Tue Dec 31 20:15:58 +0000 2024,1,@xylightdawn I AM OBSESSED WITH THIS SCENE NGL! foreseer jgn sedih lagi ya foreseer ,1874187764096463149,,xylightdawn,in,,0,1,0,https://x.com/burgundyfatale/status/1874187764096463149,1830231724892266496,burgundyfatale
1874187747201790259,Tue Dec 31 20:15:54 +0000 2024,1,Habis Tahun Baru 2025 malah jadi hampa gini bro sambil ngerenungin apa yang telah dilalui di tahun kemarin. Entah ini pertanda baik atau buruk apapun itu semoga tahun ini bisa lebih improve dari segi apapun itu khususnya ibadahnya ya Allah Aminnn. https://t.co/pt8e0WZoUo,1874187747201790259,https://pbs.twimg.com/media/GgJz0c2bYAUpBfx.jpg,,in,,0,0,0,https://x.com/praditya_salman/status/1874187747201790259,1136698420075290624,praditya_salman
1874187733822034175,Tue Dec 31 20:15:51 +0000 2024,0,Sedih tpi lucu bgt anjir wkwkwkwk,1874187733822034175,,,in,Nethereal,0,0,0,https://x.com/KwonJiMebs/status/1874187733822034175,2741694642,KwonJiMebs
1873965984123674757,Tue Dec 31 20:15:37 +0000 2024,0,@txtdoy Nggak stres aja udah alhamdulillah,1874187675886051530,,txtdoy,in,"Loksado, Dayak Meratus",0,0,0,https://x.com/pranatadayken/status/1874187675886051530,1372624679626629120,pranatadayken
1874187664595050652,Tue Dec 31 20:15:34 +0000 2024,0,Kenapa ya ortuku tega meninggalkan anaknya yang cakep ini sendirian di rumah tanpa jajan sedikit pun padahal udah tau kalau jalanan bakal ditutup. Kelaparan .. banget ..,1874187664595050652,,,in,NSFW. ava cr: ,0,0,0,https://x.com/Prtnder/status/1874187664595050652,1780921145006694401,Prtnder
1873968808500887711,Tue Dec 31 20:15:17 +0000 2024,0,@frdlh___ udah jadi kebiasaan jadinya nggak heran lagi kalo gagal,1874187590817243402,,frdlh___,in,"Medan, Sumatera Utara, ID",0,0,0,https://x.com/ndogito/status/1874187590817243402,181036727,ndogito
1874187581728170064,Tue Dec 31 20:15:14 +0000 2024,0,lu liat gw sedih gak beneran cintaku https://t.co/k0yuLWzq8J,1874187581728170064,https://pbs.twimg.com/amplify_video_thumb/1874142091800100864/img/Kav7ZA75M2XWbNUn.jpg,,in,read rentry before following ,0,0,0,https://x.com/classicftales/status/1874187581728170064,1300446048096190472,classicftales
1873655841616019810,Tue Dec 31 20:15:13 +0000 2024,0,@allofnay @calomagang lha itu terbukti truck gagal banyak dan bikin celaka,1874187576795611194,,allofnay,in,,0,1,0,https://x.com/sujiwo_tego/status/1874187576795611194,1210780507727745025,sujiwo_tego
1874187522391347709,Tue Dec 31 20:15:00 +0000 2024,0,Kalimat simpel tapi bikin gue super duper sedih :( https://t.co/Q00XnPPgnC,1874187522391347709,https://pbs.twimg.com/media/GgJznqMbYAAfv11.jpg,,in,,0,0,0,https://x.com/reveriellene/status/1874187522391347709,1169189192229769216,reveriellene
1874187522114462136,Tue Dec 31 20:15:00 +0000 2024,0,kita nggak bisa menghindari rasa kecewa terhadap manusia sebaik apapun seseorang dia punya potensi mengecewakan. Bukan berarti dia jahat tetapi karena dia manusia.,1874187522114462136,,,in,,0,0,0,https://x.com/xersann_/status/1874187522114462136,1415156511760736264,xersann_
1873870431377383678,Tue Dec 31 20:14:52 +0000 2024,0,@velvet__daze tuh kecewa banget sih,1874187486311964933,,velvet__daze,in,+62,0,0,0,https://x.com/chaeriysf/status/1874187486311964933,1152377735928414209,chaeriysf
1874183224223846708,Tue Dec 31 20:14:34 +0000 2024,0,@mieunulis Ka aku jam segini masih sedih tanggung jawab ,1874187411808543229,,mieunulis,in,,0,1,0,https://x.com/Jjongbby__/status/1874187411808543229,1492820495187668997,Jjongbby__
1873897312810135831,Tue Dec 31 20:14:30 +0000 2024,0,@Deegrader nangisnya paa udah sendirian ya,1874187396033794343,,Deegrader,in,,0,0,0,https://x.com/dicodeinduakali/status/1874187396033794343,1791458721861959680,dicodeinduakali
1874124990666465335,Tue Dec 31 20:14:19 +0000 2024,0,@xianyingsia Kamu gak sendirian aku temenin dari sebrang sana kok,1874187349615382930,,xianyingsia,in,"Jawa Timur, Indonesia",0,1,0,https://x.com/sonyamadaa/status/1874187349615382930,1869669460958924801,sonyamadaa
1874187342963237229,Tue Dec 31 20:14:17 +0000 2024,0,gw sedih bgt liat beritanya lusi hiks semoga baobei masih dikelilingi org2 baik deh,1874187342963237229,,,in,xiang liu’s seashell,0,0,0,https://x.com/xiangqiubei/status/1874187342963237229,1847440249695457284,xiangqiubei
1874187316065165524,Tue Dec 31 20:14:11 +0000 2024,0,gUE STRES BGT LIATNYA https://t.co/YSxcHQ21gb,1874187316065165524,https://pbs.twimg.com/media/GgJzbUvbgAAa-M4.jpg,,in,,0,1,0,https://x.com/kenjakult/status/1874187316065165524,72807555,kenjakult
1874187277267792080,Tue Dec 31 20:14:02 +0000 2024,0,ketua sebagai manusia feeling numb tektok baal kebas anti peluru juga bisa kecewa brooo ... wajar gue manusia bukan babi,1874187277267792080,,,in,- nl,0,0,0,https://x.com/Griffinjulls/status/1874187277267792080,1227417375382761472,Griffinjulls
1874186165420777492,Tue Dec 31 20:09:37 +0000 2024,0,semoga semua orang yang aku kenal (atau pernah aku kenal) nemuin kebahagiaan nya masing-masing di tahun inii!! dan semoga mereka happy terus dan gak sedih-sedihh amiin,1874186165420777492,,,in,,0,0,0,https://x.com/kelitobeli/status/1874186165420777492,1721895881908342784,kelitobeli
1874186152909168991,Tue Dec 31 20:09:34 +0000 2024,0, keren jg nih ide 5 detik kemudian galau gmn cara developnya,1874186152909168991,,,in,"Nganjuk, Indonesia",0,0,0,https://x.com/rara_arrlla/status/1874186152909168991,1145482909517697031,rara_arrlla
1874186142335328272,Tue Dec 31 20:09:31 +0000 2024,0,sedih dan bahagia di satu waktu,1874186142335328272,,,in,treasure home,0,0,0,https://x.com/terharu_to/status/1874186142335328272,1543103560376008705,terharu_to
1874186106733998194,Tue Dec 31 20:09:23 +0000 2024,0,sedih gua co liatin galeri,1874186106733998194,,,in,behind the moon shadow,0,1,0,https://x.com/mimamimir/status/1874186106733998194,1709201426587803648,mimamimir
1874029624164048959,Tue Dec 31 20:09:11 +0000 2024,0,@gagal_hijrah Mau begini mau begitu kenapa lu yang ribet biarkan mereka melaksanakan ajaran agama yang ditakininya toh tidak merugikanmu pada sibuk aja ngurusin agama orang lain.,1874186056859607530,,gagal_hijrah,in,Bandung,0,1,0,https://x.com/gadhyl/status/1874186056859607530,153721904,gadhyl
1874185998156128331,Tue Dec 31 20:08:57 +0000 2024,0,2025 memperbaruin diri melupakan rasa dendam sakit hati dan kecewa. Bisa lebih berproses dari tiap kejadian yg sudah dilalui,1874185998156128331,,,in,"Bali, Indonesia",0,0,0,https://x.com/MarchaSagi/status/1874185998156128331,1279538724,MarchaSagi
1874185975154565406,Tue Dec 31 20:08:51 +0000 2024,0,sedih parah,1874185975154565406,,,in,love,0,1,0,https://x.com/akubiruuuuu/status/1874185975154565406,1222190534019543040,akubiruuuuu
1873872222374576322,Tue Dec 31 20:08:24 +0000 2024,0,@Far_Rida_ Jangan sampe diabaikan,1874185859475574892,,Far_Rida_,in,,0,0,0,https://x.com/yudhaahmad77/status/1874185859475574892,3225919992,yudhaahmad77
1874185854794817666,Tue Dec 31 20:08:23 +0000 2024,1,hi love u cancer hehe maaf ya aku suka bikin sebel kamu tp jujur effort mu luar biasa kamu terlalu royal banget sama aku sedih bgt biasanya aku modalin cowok mokondo tp skrg alloh kasih kamu semoga rezeky kamu tambah banyak yaa dan kerjanya makin lancar aamiin https://t.co/nXF1X1fr9a,1874185854794817666,https://pbs.twimg.com/ext_tw_video_thumb/1874185765179318274/pu/img/4SlUMQ8FKUnDAqQb.jpg,,in,"Bekasi, Jawa Barat",0,0,0,https://x.com/yepbrutcungtip/status/1874185854794817666,1616383166281048066,yepbrutcungtip
1874185823127822604,Tue Dec 31 20:08:15 +0000 2024,0,wtf sedih bgt ga nyangka,1874185823127822604,,,in,,0,0,0,https://x.com/britscdes/status/1874185823127822604,1866295834259988480,britscdes
1874010214950985881,Tue Dec 31 20:08:09 +0000 2024,0,@katholix Aku jga stres,1874185797114708437,,katholix,in,Indonesia,0,0,0,https://x.com/txtdarigajelas/status/1874185797114708437,1488127966672744448,txtdarigajelas
1873935600304480416,Tue Dec 31 20:08:04 +0000 2024,0,@atikamld Bener banget jangan pernah menyerah deh untuk mimpi-mimpi kita,1874185776042594475,,atikamld,in,,0,0,0,https://x.com/gudanglifehack/status/1874185776042594475,1579754929605861376,gudanglifehack
1874184708009103364,Tue Dec 31 20:07:06 +0000 2024,0,kayak banyak banget hal terjadi di 2024 yang rasanya kayak gamungkin dijalanin sendirian tp ttp bisa lewat... ya karena emg ada banyak orang yang doain aku supaya bisa kuat ngejalanin semuanya itu (doa abang adek mama papa opung pokoknya SEKELUARGA BESAR... ),1874185534945505650,,lisafisip,in,,0,1,0,https://x.com/lisafisip/status/1874185534945505650,1506522510783049730,lisafisip
1873890302781739418,Tue Dec 31 20:07:00 +0000 2024,0,@majeliskucing Pasrah,1874185509309997092,,majeliskucing,in,Earth / In Your Heart (eeaaa),0,0,0,https://x.com/reka314/status/1874185509309997092,1127359664725811200,reka314
1874185499524685846,Tue Dec 31 20:06:58 +0000 2024,0,hallo saya isi token di pln mobile saldo sudah terpotong tapi status transaksi gagal @pln_123,1874185499524685846,,,in,,0,1,0,https://x.com/nputeris/status/1874185499524685846,1841729368047157251,nputeris
1874183178799505597,Tue Dec 31 20:02:50 +0000 2024,0,@cchasewlatte Kesepian adalah manusiawi.,1874184461212147747,,cchasewlatte,in,"Semarang Timur, Indonesia",0,0,0,https://x.com/PRADIXTAMAv2/status/1874184461212147747,1821169031711485954,PRADIXTAMAv2
1874184440190296321,Tue Dec 31 20:02:46 +0000 2024,0,banyak-banyak nyoret buat ide. kasus kaya gini tuh muter disitu doang. plangiat au mentok² plangiat au bokep demi cuanudahlah jangan maksain. serius deh kamu banyakin baca buat inspirasi jangan di plangiat. w bacanya sedih anjr tiap orang ngeplangiat. sayang idenya,1874184442828513363,,lojelekserius,in,,0,0,0,https://x.com/lojelekserius/status/1874184442828513363,1439428974891864064,lojelekserius
1874126026273657104,Tue Dec 31 20:02:44 +0000 2024,0,@gentarofc @bbrijeu gagal masuk jadi pasukan paskib selihat gw dari tweetnya,1874184436063101003,,gentarofc,in,pubrant,0,0,0,https://x.com/americantons/status/1874184436063101003,1746157962295685120,americantons
1874184432955138497,Tue Dec 31 20:02:44 +0000 2024,0,Gagal makanbsnggur djbawah meja,1874184432955138497,,,in,rant acc,0,0,0,https://x.com/bedugtakbir/status/1874184432955138497,869907031976665090,bedugtakbir
1874184420791619999,Tue Dec 31 20:02:41 +0000 2024,0,happy 2025 tahunnya bangtan walapun ada sedih dikit 2025 C2 bukan teammate lagi but it's okay mereka masih sama-sama di F1 ,1874184420791619999,,,in,7 BORAHAE,0,0,0,https://x.com/babybreathv/status/1874184420791619999,1293706977743265792,babybreathv
1874184418312757383,Tue Dec 31 20:02:40 +0000 2024,0,⠀⠀ this song always calms me down. saat lagi sedih marah bahkan bahagia. please listen to this. abaikan makna liriknya melodinya sangat menyenangkan. ⠀⠀ https://t.co/72HLj0j6ao,1874184418312757383,,,in,snd.,0,0,0,https://x.com/mocnrises/status/1874184418312757383,1554256580115189761,mocnrises
1874024631407181939,Tue Dec 31 20:02:34 +0000 2024,0,@gincu Jngan menyerah donk klo bisa,1874184391012081671,,gincu,in,,0,0,0,https://x.com/delfiayolanda/status/1874184391012081671,1298209864720637952,delfiayolanda
1874030801026945492,Tue Dec 31 20:02:32 +0000 2024,0,@Shellaemeliana1 Gimanapun aku pengen bgt mau rasain capek kerja kek kakak Sedih bgt belum rasain capek kerja gimana,1874184384703799674,,Shellaemeliana1,in,,0,0,0,https://x.com/aghibliwoman/status/1874184384703799674,1577630336074121217,aghibliwoman
1873966863258177775,Tue Dec 31 20:02:06 +0000 2024,0,@ekonombayaran @innovacommunity Fix lu gagal jadi pengamat,1874184273311453523,,ekonombayaran,in,,0,0,0,https://x.com/8ballPo29209564/status/1874184273311453523,1525512137711689728,8ballPo29209564
1873641453030682848,Tue Dec 31 20:01:22 +0000 2024,0,@fessthaii Biblebuild gile sedih bngt kyk patah hati,1874184088917336462,,fessthaii,in,Indonesia,0,0,0,https://x.com/mimiyayahere/status/1874184088917336462,1871790188932059136,mimiyayahere
1874184085268213834,Tue Dec 31 20:01:21 +0000 2024,2,As 2024 ga banyak hal istimewa banyak hal sedih banyak juga hilangnya. Yang bisa dipahami tahun ini alhamdulillah berdamai dengan hal yang selalu disesali sahabatku pergi tapi banyak orang baru dengan perasaan yang penuh. Semoga selalu menjadi kebaikan dan dilindungi Allah.,1874184085268213834,,,in,🏐🏀 anything i want,0,1,0,https://x.com/filmsandroles/status/1874184085268213834,3241491140,filmsandroles
1874182843120968187,Tue Dec 31 20:01:20 +0000 2024,0,kaya rasanya semua jenis perasaan gw rasain di tahun ini. semuanya. excited. bingung. patah hati. jatuh cinta lagi. exhausted. kosong. happy. lega. sedih. unworthy. insecure. positive. semuanya deh. coba sebutin yg kali aja ga gw rasain. pasti gaada.,1874184080201572847,,mariwaple,in,"Yogyakarta, Indonesia",0,1,0,https://x.com/mariwaple/status/1874184080201572847,974108669812994048,mariwaple
1874029624164048959,Tue Dec 31 20:01:17 +0000 2024,1,@gagal_hijrah Emang knp klu tahun Masehi jenggot jenggot jorokmlohbjenggot mu kawan,1874184067744502084,,gagal_hijrah,in,,0,0,0,https://x.com/surionoganteng/status/1874184067744502084,1606144293244047362,surionoganteng
1874147875216908546,Tue Dec 31 20:01:11 +0000 2024,0,@GeiszChalifah Tahun terindah di dunia perpolitikan di indonesia karna ada yg kalah nyapres dan gagal nyagub ... terimakasih 2024 ,1874184042981319150,,GeiszChalifah,in,,0,0,0,https://x.com/reyndijs1986/status/1874184042981319150,1825956485807091715,reyndijs1986
1874183964564611549,Tue Dec 31 20:00:53 +0000 2024,0,dah block aku pstu unblock sbb rse bersalah n sbb ko rse diri ko selfish ? like wthhhhhhhhh reti pula sedar diri ,1874183969081876661,,hyundawoo,in,"Selangor, Malaysia",0,0,0,https://x.com/hyundawoo/status/1874183969081876661,1672616782723678208,hyundawoo
1873899641378689334,Tue Dec 31 20:00:49 +0000 2024,0,@penaikhwan Jangan menyerah dan berputus asa masih ada allah,1874183952505958609,,penaikhwan,in,United Kingdom,0,0,0,https://x.com/poskamlingX/status/1874183952505958609,3194783670,poskamlingX
1874183951088312747,Tue Dec 31 20:00:49 +0000 2024,0,kadang sedih jir liat diri sendiri harusnya ga pantes di giniin tapi mau gmn lagi. pasti tuhan punya jalannya sndr,1874183951088312747,,,in,,0,0,0,https://x.com/haxynut/status/1874183951088312747,1602876219497725953,haxynut
1874177415150481433,Tue Dec 31 20:00:39 +0000 2024,0,warna biru yang menutup diri? Bukan ikhlas. Pasrah. Semacam keluhan ga berujung. Tangis pun ga akan mengubah takdir. Apa yang dirasakan saat ini begini dan suatu saat perasaan itu biasa .. Jadi tangis yang sekarang itu cuma buat bilang bye bye sama dia kalau dia udah nemu-,1874183911989010466,,Wayoflifet,in,,0,1,0,https://x.com/Wayoflifet/status/1874183911989010466,2784572910,Wayoflifet
1874095750562378119,Tue Dec 31 20:00:37 +0000 2024,0,@tanyarlfes dosennya jg lucu jir nanggepinnya,1874183903336161340,,tanyarlfes,in,,0,0,0,https://x.com/ecatholicc/status/1874183903336161340,1839150697213997058,ecatholicc
1874183889306157190,Tue Dec 31 20:00:34 +0000 2024,0,Tiap hari tapi ga tau kenapa tiap gua mikir gini selalu ada aja yg seru di dunia sandiwara ini dan akhirnya gagal lrp lagi.,1874183889306157190,,,in,"하츠투하츠: 2009, 𝑳𝒆𝒆𝒂𝒏.",0,0,0,https://x.com/Jcngian/status/1874183889306157190,1002804515509231617,Jcngian
1874183832003633233,Tue Dec 31 20:00:20 +0000 2024,0,ga menyerah di kehidupan yg astagfirullahaladzim ini,1874183832003633233,,,in,,0,0,0,https://x.com/babyelsf/status/1874183832003633233,1803431009318563840,babyelsf
1873968808500887711,Tue Dec 31 20:00:20 +0000 2024,0,@frdlh___ sudah terlatih melawan kecewa,1874183831949107627,,frdlh___,in,Isekai,0,0,0,https://x.com/Moohd_Ilham/status/1874183831949107627,1640699580,Moohd_Ilham
1874183794040987738,Tue Dec 31 20:00:11 +0000 2024,1, Everything must be reason . Doa awal tahun 2024 Alhamdulillah diijabah. Bertahan untuk tidak menyerah putus asa lantas kalah. Semua dilalui dengan bahagia. Dan cukup adalah cukup. Doa yang sama akan saya copy paste di tahun ini.,1874183794040987738,,,in,Indonesia,0,0,0,https://x.com/fandyirianto/status/1874183794040987738,4555945093,fandyirianto
1874183792698769695,Tue Dec 31 20:00:11 +0000 2024,1,This is supposed to be sedih bgt tapi jadi kocak karena ini rai i love how he coped his own wound dan sadness tapi berat ke kasian jujur,1874183792698769695,,,in,lgbtqia+ phobic & minor dni ,0,0,0,https://x.com/senaraigari/status/1874183792698769695,1795934968226738180,senaraigari
1874103999286436301,Tue Dec 31 20:00:04 +0000 2024,0,@triainsannugrah sedih euyy,1874183763347034321,,triainsannugrah,in,,0,0,0,https://x.com/blankspaceheree/status/1874183763347034321,1547917023379828737,blankspaceheree
1874183753742115295,Tue Dec 31 20:00:02 +0000 2024,0,Ederson mendapat tawaran besar dari Arab Saudi musim panas lalu yang belum sepenuhnya gagal sementara Kyle Walker dan Matheus Nunes diperkirakan sedang mempertimbangkan opsi untuk dilepas. : @Jack_Gaughan,1874183753742115295,,,in,Indonesia,0,0,0,https://x.com/Bluescreen_MCFC/status/1874183753742115295,1066160110924312576,Bluescreen_MCFC
1874183708837822712,Tue Dec 31 19:59:51 +0000 2024,1,Sedih bangeettt. Tanggal 31 Desember udah janjian sama nenek mau bakar bakar ayam sama ikan. Udah beli ikan 2kg sama ayam 1 ekor padahal dirumah yang makan cuma 3 orang doang nenek datuk sama aku. Datuk bilang bakar² nya jam 11mlm. Jadiii sore nya aku pergi ke pantai sama mar,1874183708837822712,,,in,,0,1,0,https://x.com/alaia_fe/status/1874183708837822712,1290066972915318784,alaia_fe
1874019375948456480,Tue Dec 31 19:59:42 +0000 2024,0,@evellyntifany_ gapapa kalo gagal sekali aja itu tanda sukses,1874183670816448755,,evellyntifany_,in,handle full by admin,0,0,0,https://x.com/feelingsdannee/status/1874183670816448755,1761072429999501313,feelingsdannee
1874175671809040622,Tue Dec 31 19:59:28 +0000 2024,0,@maecimol WKWKWKWK JANGAN LAKH GAK SEDIH KOK,1874183611819364784,,,in,𝑲𝒊𝒏𝒂𝒓𝒂 𝑨𝒓𝒊𝒔𝒚𝒂,0,0,0,https://x.com/deaifuku/status/1874183611819364784,2958260462,deaifuku
1873929095958192601,Tue Dec 31 19:59:28 +0000 2024,1,@azalaeel @rumahliterasii Dulu ak bli majalah bobo bekas (harganya 5k dpt beberapa majalah yg di tumpuk jadi satu trs d jilid (jd tebel) klo di inget aga sedih ckckc.. Jaman dulu ga pernah ke bookstore selalu ke toko buku bekas/toko buku yg jual buku bajakan (jaman ku SD-SMP),1874183611244830765,,azalaeel,in,,0,0,0,https://x.com/Tasyacorn1/status/1874183611244830765,1079356244169613312,Tasyacorn1
1874183590394855662,Tue Dec 31 19:59:23 +0000 2024,0,eh sedih bgt kalo kangen kacpol aku kemana,1874183590394855662,,,in,+62,0,0,0,https://x.com/jeonseonni/status/1874183590394855662,2835458910,jeonseonni
1874183541774573734,Tue Dec 31 19:59:11 +0000 2024,0,Alhamdulillah aku sudah sangat puas sama nilai mantap jiwa,1874183541774573734,,,in,far away,0,0,0,https://x.com/gorgoeuss/status/1874183541774573734,1813263485079592962,gorgoeuss
1874183506970247489,Tue Dec 31 19:59:03 +0000 2024,0,sedih ya udh berganti tahun,1874183506970247489,,,in,Indonesia,0,0,0,https://x.com/fragilezxc/status/1874183506970247489,1295891766533451776,fragilezxc
1874182608420212896,Tue Dec 31 19:55:29 +0000 2024,0,kok sedih :(,1874182608420212896,,,in,,0,0,0,https://x.com/ssugarploom/status/1874182608420212896,1491305772839411712,ssugarploom
1874182552745103774,Tue Dec 31 19:55:15 +0000 2024,0,pelampiasan rasa sedih terbaik: joging sampe pusing https://t.co/coTLVABz3t,1874182552745103774,https://pbs.twimg.com/media/GgJvGUxbYAQh-Jq.jpg,,in,,0,1,0,https://x.com/vervirgiant/status/1874182552745103774,1740292813773008896,vervirgiant
1874167418907467796,Tue Dec 31 19:55:15 +0000 2024,0,@ngalamfess yang penting jangan nyerah ya nder. selama belum nyerah berarti kamu blm gagal.,1874182551725887618,,ngalamfess,in,Malang,0,0,0,https://x.com/xnuxer21/status/1874182551725887618,1861419134212546562,xnuxer21
1874109397401821479,Tue Dec 31 19:55:03 +0000 2024,0,@GuestEunseok Sedih loh gw. ,1874182500182089894,,minatmale,in,,0,0,0,https://x.com/VentiDotCo/status/1874182500182089894,1856339455235538944,VentiDotCo
1874182463976771599,Tue Dec 31 19:54:54 +0000 2024,0,sedih tapi lucu juga....,1874182463976771599,,,in,,0,0,0,https://x.com/chaengeongg/status/1874182463976771599,736669912631021568,chaengeongg
1874182392090681739,Tue Dec 31 19:54:37 +0000 2024,0,Tp ini udah dri nov disuru bkin dan baru dibuat sketch nya skrg. Tanggal 6 nanti dikumpulin tp ini aja blm kelar sketch kocak. Kalo ak dteng ke guru trs bilang duh bu saya lupa kerjain gara2 udh lama bgt Kira2 gurunya kecewa berat egk yh,1874182392090681739,,,in,,0,0,0,https://x.com/Korikoiri/status/1874182392090681739,1745042104592842752,Korikoiri
1874182318161789346,Tue Dec 31 19:54:19 +0000 2024,1,ganti tahun bukan seneng malah sedih makin tua masih gini gini aja ,1874182318161789346,,,in,,1,1,0,https://x.com/bucinyupii/status/1874182318161789346,2545576220,bucinyupii
1874181967476133897,Tue Dec 31 19:54:17 +0000 2024,0,kali ini gw ga melebaykan diri jir tp beneran kecewa kek im at THAT point krn udah berkali-kali diginiin sm mereka ,1874182307772518568,,scuderiot,in,"Sicily, Italy",0,1,0,https://x.com/scuderiot/status/1874182307772518568,2759000807,scuderiot
1874182283605012916,Tue Dec 31 19:54:11 +0000 2024,1,Masa galau sudah berakhir waktunya bales semua omongan buruk itu,1874182283605012916,,,in,,0,0,1,https://x.com/Zafalie12/status/1874182283605012916,1774333421629927424,Zafalie12
1873912992406135144,Tue Dec 31 19:54:06 +0000 2024,0,@bntkh__ ujungnya cuma kecewa,1874182263514292636,,bntkh__,in,NSA,0,0,0,https://x.com/bmeloved/status/1874182263514292636,1347069552836808704,bmeloved
1874182246900682928,Tue Dec 31 19:54:02 +0000 2024,4,geus teu ngarasa kesepian di kosan mun sorangan tapi ngarasa kesepian mun diantara loba jelama.,1874182246900682928,,,in,,0,1,0,https://x.com/humafield/status/1874182246900682928,1367836924782645253,humafield
1874174713234350112,Tue Dec 31 19:53:40 +0000 2024,0,@jongsuzg Jomblo pride ga boleh sedih,1874182154026180843,,jongsuzg,in,Belongs To ENGENE,0,1,0,https://x.com/sbimjake/status/1874182154026180843,1360602239492972547,sbimjake
1874177836535447704,Tue Dec 31 19:53:35 +0000 2024,0,Untungnya ga sendirian meskipun gaenak karena bikin nunggu terima kasih sudah menjadi bagian dari awal 2025 https://t.co/F8k14dAbXK,1874182132903612560,https://pbs.twimg.com/media/GgJutDsbgAAv_bs.jpg,boycotisreal,in,"Tegal, Jawa Tengah",0,0,0,https://x.com/boycotisreal/status/1874182132903612560,1274060418,boycotisreal
1874177415150481433,Tue Dec 31 19:53:27 +0000 2024,0,agar tidak semakin deras kencang dan tidak dapat ditahan. Tapi ternyata saya buat cewek itu kesal. Saya merasa bersalah tapi masalah juga kami hadapi saat itu. Tapi bukan soal itu aja yang jadi persoalan di sebagian pemikiran kecil saya. Bak sebuah sinetron atau film,1874182096920732142,,Wayoflifet,in,,0,1,0,https://x.com/Wayoflifet/status/1874182096920732142,2784572910,Wayoflifet
1874182088175608257,Tue Dec 31 19:53:25 +0000 2024,0,Sedih bgt gua ah pen mewek,1874182088175608257,,,in,,0,0,0,https://x.com/waksboyx/status/1874182088175608257,1854249165569855488,waksboyx
1874060635988009354,Tue Dec 31 19:53:15 +0000 2024,0,@GunRomli Yg caleg gagal tidak perlu kena pajak kasihan modal udah menipis ,1874182046769377408,,GunRomli,in,,0,0,0,https://x.com/JunusJohannis/status/1874182046769377408,1481323220150198275,JunusJohannis
1874182013894496640,Tue Dec 31 19:53:07 +0000 2024,0,sedih banget liatnya,1874182013894496640,,,in,gurl addict,0,0,0,https://x.com/0310gurll/status/1874182013894496640,1670264067779612672,0310gurll
1874179874472288610,Tue Dec 31 19:53:06 +0000 2024,0,kana sakit hati dia ngerasa betrayed. karena dia bener2 sesayang itu sama nagi dan sedih bgt pas nagi gamau main sama dia lagi. pdhl nagi tuh kakaknya. dia jadi gasuka sama haruki &amp; ainana karena udah ngerebut nagi dari dia,1874182012258705840,,ameyagari,in,,0,1,0,https://x.com/ameyagari/status/1874182012258705840,1038967804777512960,ameyagari
1874182011419844959,Tue Dec 31 19:53:06 +0000 2024,0,ih males deh kocak pesan yang gua kirim tahun lalu buat diri gua sekarang ga kekirim. KENAPA YA. gmail gua bener kok TAPI GA ADA PESAN YANG DATENG. KECEWA BERAT,1874182011419844959,,,in,,0,0,0,https://x.com/ilvjkesim/status/1874182011419844959,1438388878579167234,ilvjkesim
1874182004897652896,Tue Dec 31 19:53:05 +0000 2024,0,Setangkai bunga Terakhir yang kuberikan untuk keponakanku yang cantik ini... Sebenarnya aku sudah ikhlas sih.. Tapi entah kenapa mungkin karena masih didalam suasana duka begini.. Bawaannya perasaanku sedih terus. Apalagi kalau teringat dia.... https://t.co/yfBU9mO17F,1874182004897652896,https://pbs.twimg.com/media/GgJumT_bUAAeDxF.jpg,,in,"Sumatera Utara, Indonesia",0,0,0,https://x.com/ELPoerbaNew/status/1874182004897652896,269608560,ELPoerbaNew
1874181946575814747,Tue Dec 31 19:52:51 +0000 2024,0,2025 diawali kecewa karena laper bgt tapi ga dapet driver,1874181946575814747,,,in,,0,0,0,https://x.com/cocxl/status/1874181946575814747,1377120017649557505,cocxl
1873868538546708626,Tue Dec 31 19:52:50 +0000 2024,0,@BosRiyan gagal lagi dehh hematnya,1874181944109654524,,BosRiyan,in,"Edinburgh, Scotland",0,0,0,https://x.com/cindetr/status/1874181944109654524,1356625718138990593,cindetr
1874179034000875753,Tue Dec 31 19:52:46 +0000 2024,3,Ayo pukpuk diri sendiri dulu krna kamu udah melalui 366 hari dgn suka &amp; duka yg mngkin kalian lewati sendirian but don't forget god always beside of you jadi aku mau bilang klo kalian tuh hebat bgt udah smpe di hari ini. Stay healthy don't skip a meal &amp; always be happy yaa,1874181924534800713,,Nunuuuu15,in,,0,1,0,https://x.com/Nunuuuu15/status/1874181924534800713,1274247391990829057,Nunuuuu15
1873958627507306808,Tue Dec 31 19:52:32 +0000 2024,0,@abcdefakeheru ada senang dan sedih nya sih,1874181866548535791,,abcdefakeheru,in,,0,0,0,https://x.com/evellyntifany_/status/1874181866548535791,1269766475536990209,evellyntifany_
1873920367427019112,Tue Dec 31 19:52:24 +0000 2024,0,@aviahtion ihh sedih siiih,1874181833824625048,,aviahtion,in,Business inquiries : DM ✉️,0,0,0,https://x.com/dinulfadli_/status/1874181833824625048,3267533214,dinulfadli_
1874181771329495556,Tue Dec 31 19:52:10 +0000 2024,0,Anjing gw sedih bgt cokkk supporting rolenya bener2 backburner parah nyesek gw kl nonton.... relain cewenya demi balik ke temen kecilnya.... bahkan rela gagal nikah TRS BANTUIN DIA BUAT BALIK KE COWO PLANGA PLONGO ITU.......... gw jadi lu udh cut off anjing sebel bgt ,1874181775930650872,,INTENRIOR,in,she/her,0,0,0,https://x.com/INTENRIOR/status/1874181775930650872,1003857851905802240,INTENRIOR
1874181762097832023,Tue Dec 31 19:52:07 +0000 2024,0,Sedih banget mbak lee @leonziee ,1874181762097832023,,,in,,0,1,0,https://x.com/Teeyedam131/status/1874181762097832023,1279690529467273217,Teeyedam131
1874181759652520286,Tue Dec 31 19:52:06 +0000 2024,0,Udh saatnya menyerah. Dari awal memang udah kalah. Guenya aja yg keras kepala,1874181759652520286,,,in,,0,0,0,https://x.com/Karinaaa_lest/status/1874181759652520286,1615196584966512641,Karinaaa_lest
1874181749431034172,Tue Dec 31 19:52:04 +0000 2024,0,Kesel banget pas di ajakin ga mau eh taunya pergi sendiri kecewa berat ,1874181749431034172,,,in,"West Borneo, Indonesia",0,0,0,https://x.com/dillyisilly/status/1874181749431034172,198419473,dillyisilly
1874179624529498558,Tue Dec 31 19:43:37 +0000 2024,0,TAHUN INI JUGA GAADAA SEDIH DIKIT,1874179624529498558,,,in,,0,0,0,https://x.com/fnaaaaap/status/1874179624529498558,1564589093387771905,fnaaaaap
1873919197014872420,Tue Dec 31 19:43:32 +0000 2024,0,@Daisyarrosa Sedih banget ya rasanya,1874179601666367729,,Daisyarrosa,in,handled by 2 admins,0,0,0,https://x.com/biscofq/status/1874179601666367729,2266726718,biscofq
1873723127664201758,Tue Dec 31 19:43:27 +0000 2024,0,@Aditya11600 Asyik biar gak merasa kesepian lg gitu.... Itu selalu aku dambakan skrg....,1874179583232401928,,Aditya11600,in,,0,0,0,https://x.com/WakOjann/status/1874179583232401928,1441663571771867141,WakOjann
1874170501121425669,Tue Dec 31 19:43:27 +0000 2024,0,@CommuterLine ya minimal dibolehin masuk stasiun lah. kek najis amat kita ini penumpang juga bayar loh? urusan kita bisa naik krl atau gak kn bisa diurus pas udah di dalam belajar dari manggarai yg rush hour aja penumpang msh bisa diatur klo overload. lah ini? baru kali ini kecewa sm commuter,1874179581252690204,,CommuterLine,in,,0,0,0,https://x.com/chocoocokiesses/status/1874179581252690204,1650615054952452096,chocoocokiesses
1874179556388802996,Tue Dec 31 19:43:21 +0000 2024,0,ngomongin soal kelapa sawit coba yg paham isu global warming bahkan bahas lbh oke lagi sama peneliti iklim dampak negatifnya apa aja dengan adanyaa tuh kebun kelapa sawit berhektar hektar buat lingkungan sedih bgt cara ngomongnya terlalu gampangin perubahan iklim ️,1874179556388802996,,,in,,0,0,0,https://x.com/JHTY_mochitrack/status/1874179556388802996,1221114643336220672,JHTY_mochitrack
1874089621916967418,Tue Dec 31 19:43:16 +0000 2024,1,@locvre happy new year dirzyyy seneng sedih bgt sih 2024. amen for your words,1874179536507781290,,locvre,in,he/him 20🇮🇩,0,0,0,https://x.com/vintaydilfs/status/1874179536507781290,1629449368343556097,vintaydilfs
1874134867145089293,Tue Dec 31 19:42:58 +0000 2024,0,@Moreunia_ @Moreen_JKT48 Pesan untuk Moreen:terus semngat jngan menyerah jngan melihat kebelakang jngan merasa insecure atau ovt meskipun kamu belom seperti Kya mmber yg lain tetapi ada fans kamu Disini yg menganggap kamu itu hebat sempurna cantik Moreen Teruss berkarya @Moreen_JKT48,1874179460616118646,,Moreunia_,in,,0,0,0,https://x.com/AlfurkonFi51120/status/1874179460616118646,1656964751312953345,AlfurkonFi51120
1873767058967855131,Tue Dec 31 19:42:48 +0000 2024,0,@y0ungwiu Dan ketika posisi center nya diambil dia tetap ngajarin center pilihan national produser (dongpyo)... Gimana ga sedih ngelihatnya. Blm pas pdx dia gagal masuk final. Nangis banget aku pas itu,1874179418715021579,,y0ungwiu,in,Indonesia,0,1,1,https://x.com/143rself/status/1874179418715021579,1404980690265862146,143rself
1874179377426317781,Tue Dec 31 19:42:38 +0000 2024,0,SEDIH FAKKK HUEEE,1874179377426317781,,,in,,0,0,0,https://x.com/camaraderiees/status/1874179377426317781,1574841278,camaraderiees
1874039201228046632,Tue Dec 31 19:42:28 +0000 2024,0,@hallomay__ sedih bgt rasanya,1874179333897822394,,hallomay__,in,19,0,0,0,https://x.com/kisseaaa/status/1874179333897822394,1762401226392788992,kisseaaa
1874179325496614915,Tue Dec 31 19:42:26 +0000 2024,0,galau brutal,1874179325496614915,,,in,engene,0,0,0,https://x.com/itskindatiwi/status/1874179325496614915,2918549833,itskindatiwi
1874179304692867341,Tue Dec 31 19:42:22 +0000 2024,0,Jadi temen timnya juga gak ngerasa buruk karena gak disalahin atau dimarahin atau dibetein atau apalah itu. Jarang banget mereka balik marah atau kentara kecewa (paling ada tipis &amp; bentar tapi gak obvious &amp; lama sekilas doang),1874179310355194026,,assiralc18_,in,,0,1,0,https://x.com/assiralc18_/status/1874179310355194026,1647519552266473472,assiralc18_
1874179304692867341,Tue Dec 31 19:42:21 +0000 2024,0,Ini setuju banget sih. Seungchan sama Hyungseok/Hyeongseok ni adem &amp; santuy banget. Mereka jarang blame temen tim mereka. Bahkan pas temen timnya kalah/gagal pun gak marah. Terus habis temennya masuk ruang lagi tu biasanya disambut pelukan dan gak papa gak papa udah bagus ⬇️ https://t.co/nR8s3HMzmy,1874179304692867341,https://pbs.twimg.com/media/GgJsJMiasAAOWVc.jpg,,in,,0,1,0,https://x.com/assiralc18_/status/1874179304692867341,1647519552266473472,assiralc18_
1874172087415562713,Tue Dec 31 19:42:15 +0000 2024,0,@heeskuy Vibes algaam yg mane nih? Sedih dongggggg Org mah nanya vibes dilan milea ini vibes algaam tp takut bgt algaam jd kayak dilan milea dah,1874179281695482070,,heeskuy,in,,0,1,0,https://x.com/zheeluv/status/1874179281695482070,1381437931781464066,zheeluv
1874179253140615203,Tue Dec 31 19:42:09 +0000 2024,0,yeuu monyet giliran masalah orang lain bisa bgt kasi nasehat giliran masalah sndiri ngadepin nya bikin stres,1874179253140615203,,,in,jakarta ,0,0,0,https://x.com/urbear5/status/1874179253140615203,1547973388505055232,urbear5
1874179248187204010,Tue Dec 31 19:42:07 +0000 2024,0,njir itu gw ditinggal ke bandung sendirian terus tanggal 1 malem pas udh pada mo balik gue disuruh keluarin mobil dari garasi soalnya mobil yang gede mau di garasi dalem nyalain mesin gw jerit2 di dalem mobil gatau nangisin apaan saking udh diujung gila ,1874179248187204010,,,in,,0,1,0,https://x.com/tehkamomil/status/1874179248187204010,1798049201521319936,tehkamomil
1874177988293718345,Tue Dec 31 19:42:06 +0000 2024,0,@aizboyy Sedih,1874179239991533907,,Aizheree,in,,0,0,0,https://x.com/yoitsnormal/status/1874179239991533907,1623216799176335360,yoitsnormal
1873928082387767311,Tue Dec 31 19:41:58 +0000 2024,1,@muffliatotalum @apralzolam Semua orang indonesia kasihan kak. Kita manusia bukan Tuhan makanya bisa salah kalau sendirian. Dokternya judge sesuatu tanpa info lengkap. Masalahnya doi influencer. Mestinya kalo bukan ranah keahlian dia ya jangan ngejudge. Begitulah judgment saya,1874179206936224159,,muffliatotalum,in,,0,0,0,https://x.com/onnikg/status/1874179206936224159,3315655417,onnikg
1874171226379501857,Tue Dec 31 19:41:53 +0000 2024,0,@favurgirlv gagal kenapa tu,1874179185440350389,,favurgirlv,in,,0,0,0,https://x.com/MrPendusta99/status/1874179185440350389,868753380377673728,MrPendusta99
1874179168466096610,Tue Dec 31 19:41:48 +0000 2024,0,sedih,1874179168466096610,,,in,,0,0,0,https://x.com/m0hw3s/status/1874179168466096610,1330003491561959425,m0hw3s
1874171711161250005,Tue Dec 31 19:41:43 +0000 2024,0,Dia kesepian dan belanja ke mall beli taplak meja set cangkir teh kue di tempet temennya yang gangguin dia dulu jadi manager. Trs ketemu zenitendo karena dia perlu teh hitam. Akhirnya dikasih teh jamuan tamu sama beniko dibayar dengan uang 1 yen keluaran 2008.,1874179145783271838,,ativonmi,in,she/her ,0,1,0,https://x.com/ativonmi/status/1874179145783271838,1480119472996306945,ativonmi
1874042940676591867,Tue Dec 31 19:41:39 +0000 2024,0,@minkaput kesepian trus isinya,1874179127588380702,,minkaput,in,19,0,0,0,https://x.com/kisseaaa/status/1874179127588380702,1762401226392788992,kisseaaa
1874179055521849585,Tue Dec 31 19:41:22 +0000 2024,0,Andai andai memang demikian. Aku mau menjalani hari-hari damai tanpa memikirkan masalahku. Aku lelah kejar-kejaran dengan waktu tiap gajian harus menyelesaikan ini itu. Waktu tidak ada uang selalu bilang tenang aja pasti besok bisa survive .,1874179055521849585,,,in,"Denpasar, Bali",0,1,0,https://x.com/gumgompiera/status/1874179055521849585,1208408695140503552,gumgompiera
1874171711161250005,Tue Dec 31 19:41:18 +0000 2024,0,6. Teh jamuan tamu Midori arima (43 tahun). Dia kesepian dan setiap kesepian cara ngabisin ngalihinnya dia berbelanja makan di restoran nonton konser. (I want this),1874179042699862285,,ativonmi,in,she/her ,0,1,0,https://x.com/ativonmi/status/1874179042699862285,1480119472996306945,ativonmi
1874178980246675692,Tue Dec 31 19:41:04 +0000 2024,0,Sedih bgt,1874178980246675692,,,in,"Probolinggo, Jawa Timur",0,0,1,https://x.com/febiarifah/status/1874178980246675692,1320568584,febiarifah
1874029624164048959,Tue Dec 31 19:40:58 +0000 2024,0,@gagal_hijrah kenapa pilihan hidup orang diatur atur ya emangnya dia yang punya dunia ini,1874178958176157986,,gagal_hijrah,in,,0,0,0,https://x.com/CoaTommy/status/1874178958176157986,1547156394713174016,CoaTommy
1873865639636722038,Tue Dec 31 19:40:58 +0000 2024,0,@dhe_aaa30 Aduhh sedih bgt kalah sm bocil,1874178955584167963,,dhe_aaa30,in,Tempat Hiburan,0,0,0,https://x.com/memeunivrse/status/1874178955584167963,1265476241722765312,memeunivrse
1874178939931025480,Tue Dec 31 19:40:54 +0000 2024,0,kacauu malah sedih padahal baru login tahun baru,1874178939931025480,,,in,,0,0,0,https://x.com/tir4misy0uu/status/1874178939931025480,1474699888742965251,tir4misy0uu
1874178926861574226,Tue Dec 31 19:40:51 +0000 2024,0,Tp gue ngerasa ada sedikiit rasa senang dibalik 'guilt' kakaknya Turut berduka cita dan kamu tidak bersalah kakak takdir dan karma yang main disini,1874178926861574226,,,in,Indonesia,0,0,0,https://x.com/Luminouslumis/status/1874178926861574226,1286728377961832449,Luminouslumis
1874178374652059727,Tue Dec 31 19:40:39 +0000 2024,0,Dan wawo jg deng yg selalu me-remainder pas w misuh2 rewel bahwasannya anak rantau jangan pulang sblum sukses. Soalnya pulkam pas blm sukses = gagal,1874178878102790377,,sekaarr_,in,On a first 🛫 back 2 ur side,0,0,0,https://x.com/sekaarr_/status/1874178878102790377,403344057,sekaarr_
1874031174777266540,Tue Dec 31 19:40:21 +0000 2024,0,@BocorAlusPol Saking gagal paham nya banyak yg berpikir Jokowi peringkat dua hanya karena liat list..kocak memang orang kita bisa gitu ya g mempelajari dulu baru komen,1874178801338601795,,BocorAlusPol,in,,0,0,0,https://x.com/KoranBola/status/1874178801338601795,1603022028818493440,KoranBola
1874009268925718673,Tue Dec 31 19:40:21 +0000 2024,0,@Moohd_Ilham pasrah ajaa semuanyaa,1874178801309229265,,Moohd_Ilham,in,for business enquiries : 📩📩,0,0,0,https://x.com/iladasilfar/status/1874178801309229265,1263877247548583937,iladasilfar
1873903865009233997,Tue Dec 31 19:40:20 +0000 2024,0,@tulisantruck Aduh sedih banget dah,1874178797236625730,,tulisantruck,in,,0,0,0,https://x.com/skillfuul/status/1874178797236625730,3253838942,skillfuul
1874178780446810560,Tue Dec 31 19:40:16 +0000 2024,0,Tai benci bgt gue dibikin ngerasa bersalah kaya gini.,1874178780446810560,,,in,,0,0,0,https://x.com/yoksskrrt/status/1874178780446810560,1863458821311762432,yoksskrrt
1873986349159895238,Tue Dec 31 19:40:03 +0000 2024,0,@paooyaapaoo Yang ceria juga bisa sedih,1874178727137206304,,paooyaapaoo,in,"Princé, France",0,0,0,https://x.com/cxllquery/status/1874178727137206304,1521154676799905793,cxllquery
1874178663354425841,Tue Dec 31 19:39:48 +0000 2024,0,Jujur nggak punya resolusi atau harapan apapun di 2025. Karena dari tahun ini aku belajar kalau aku terlalu berharap tapi ternyata tidak terwujud aku bakalan terpuruk sekali. Jadi aku cuma mau jalani aja hidup ini meski sambil ya Allah ya Allah .,1874178663354425841,,,in,,0,0,0,https://x.com/nebula26orion/status/1874178663354425841,246289470,nebula26orion
1873778065735922058,Tue Dec 31 19:39:41 +0000 2024,0,@aenggakun Ya kalo bisa dikeluarin nangisnya mah keluarin aja biar lega wkwk terlebih kamu kan gak lagi sendirian juga.,1874178631821648293,,capricboys,in,Jakarta,0,1,0,https://x.com/findmeinurstep/status/1874178631821648293,744551201576878080,findmeinurstep
1873860045748003173,Tue Dec 31 19:39:38 +0000 2024,0,@panjxat gak akan capek dan galau lagi,1874178622178943376,,panjxat,in,,0,0,0,https://x.com/segmua/status/1874178622178943376,902933200107745280,segmua
1874163347731734573,Tue Dec 31 19:39:36 +0000 2024,0,Sekian maafkan gayaku yang gak konsisten kadang kek bocil kadang kek mahmud. Kesimpulannya adalah you made it tik. Meskipun 2024 dihujani byk masalah meskipun stres bikin penyakit kambuh. Tapi semakin stres semakin cantik pula aku thanks for always be true to yourself tik,1874178613962301846,,esteatika,in,,0,0,0,https://x.com/esteatika/status/1874178613962301846,356031214,esteatika
1873960354994413844,Tue Dec 31 19:39:22 +0000 2024,0,@intanorii emang yang bikin kita excited sendirian itu selalu capekk,1874178555527225556,,intanorii,in,location unknown ,0,0,0,https://x.com/ilyzky/status/1874178555527225556,1294485977713397760,ilyzky
1874156365293424647,Tue Dec 31 19:39:06 +0000 2024,0,@memowriize Knp galau begitu,1874178487378206906,,memowriize,in,akun kipas angin (fan account),0,0,0,https://x.com/badidding/status/1874178487378206906,1513547956686778373,badidding
1873975297193939351,Tue Dec 31 19:38:57 +0000 2024,0,@whosferd Wkwkw sedih bgt dah,1874178448371192312,,whosferd,in,"Bandung, Indonesia",0,0,0,https://x.com/dhelsadell/status/1874178448371192312,294528028,dhelsadell
1874178446110392741,Tue Dec 31 19:38:56 +0000 2024,0,Selebay ini emng kalau mau PMS masa cuman lagu exo ngelewat yg cover growl sama papih korea china malay gue sesek kayak mau nangis tp di tahan. Apa sih lebay bgt anjj emng gak enak kalau mau PMS tapi sedih bgt huwaaaaaa exo lu pada kemana sihhhh ,1874178446110392741,,,in,,0,1,0,https://x.com/missooyya/status/1874178446110392741,1697457404190101505,missooyya
1874171893072408612,Tue Dec 31 19:38:51 +0000 2024,0,@bongiereaction BURUAN. ENAK BGT SUMPAH GUE JD GALAU PADAHAL KAGA GALAU,1874178423507300483,,bongiereaction,in,,0,1,0,https://x.com/malascucipiring/status/1874178423507300483,1163808664592900097,malascucipiring
1874149055796044196,Tue Dec 31 19:38:49 +0000 2024,0,@trehyunn sedah sedih mulu jadi jombdi ntar,1874178414116241521,,trehyunn,in,"📮.. To RP, 아름다운 - 2000",0,1,0,https://x.com/karicnal/status/1874178414116241521,1783496682350809088,karicnal
1874178407040463101,Tue Dec 31 19:38:47 +0000 2024,1,2025 belum mulai tapi aku udah banyak takutnya. I believe in God ⭐ pasrah da aku mah mau digimanain juga asal ujungnya yang terbaik ,1874178407040463101,,,in,저 별 ⭐ she/her ,0,0,0,https://x.com/sionrockstars/status/1874178407040463101,1557721379751227393,sionrockstars
1874138451848905097,Tue Dec 31 19:38:44 +0000 2024,0,@TheChronoscape BARU LIATTT SEDIH T_____T,1874178394029703579,,TheChronoscape,in,1999,0,0,0,https://x.com/iRushPENTOR/status/1874178394029703579,2757412648,iRushPENTOR
1873955672251130069,Tue Dec 31 19:38:41 +0000 2024,0,@cryitalz lagi oengen sendirian aja ya,1874178380733833326,,Searainlove,in,,0,0,0,https://x.com/fanyisabella/status/1874178380733833326,2557593804,fanyisabella
1874173207995158805,Tue Dec 31 19:38:33 +0000 2024,0,Asli aku masi nangis sampe sekarang. Aku merasa ga berharga di mata cowoku sendiri. Dia selalu bilang aku ga berkembang jijik jadinya ama kalian yang ga bisa berkembang. Jujur sedih banget aku emang kerja kayak orang normal biasanya ga bisa kerja target yg cepet,1874178347611406461,,cocotobeli,in,,0,0,0,https://x.com/cocotobeli/status/1874178347611406461,1713016758293204992,cocotobeli
1874178298168942641,Tue Dec 31 19:38:21 +0000 2024,0,Puji Tuhan rupanya orang kristen(pengikut Kristus) orangnya baik baik ayuk trus jgn menyerah dan ga pake mundur utk berbuat baik utk sesama tnp ada kata haram...️ https://t.co/j81us0wxXy,1874178298168942641,https://pbs.twimg.com/ext_tw_video_thumb/1874178268695584770/pu/img/FbcpsoEWvMj5M1JE.jpg,,in,Jakarta Capital Region,0,0,0,https://x.com/EdsNababan/status/1874178298168942641,1387562852492267529,EdsNababan
1874178231118733741,Tue Dec 31 19:38:05 +0000 2024,0,jd sedih kmn kmn knp ngalir gini ya,1874178231118733741,,,in,,0,0,0,https://x.com/avenged7fowld/status/1874178231118733741,1825933299895963648,avenged7fowld
1874109790835839428,Tue Dec 31 19:37:53 +0000 2024,0,@diuwuc Skwkkwkwkwkwk mode pasrah kalo ga kekejar c6 yaudah ,1874178179608486131,,diuwuc,in,AR 60 Asia,0,0,0,https://x.com/ayakamisalto/status/1874178179608486131,1417427833824026626,ayakamisalto
1874178178769682799,Tue Dec 31 19:37:53 +0000 2024,0,Ya Allah sedih banget bacanya Cepat sembuh ya cantik,1874178178769682799,,,in,"Kalimantan Barat, Indonesia",0,0,0,https://x.com/introvertpurple/status/1874178178769682799,1027517221315084288,introvertpurple
1874178131101442301,Tue Dec 31 19:37:41 +0000 2024,0,engga sedih kok,1874178131101442301,,,in,,0,0,0,https://x.com/Str0ber1cheese/status/1874178131101442301,1872749192751497216,Str0ber1cheese
1874178128974897361,Tue Dec 31 19:37:41 +0000 2024,0,Udah sedih krna bkal kangen sm 2024 tp makin SEDIH GRGR PPN 12% JNCK,1874178128974897361,,,in,BDO  // single ehe,0,0,0,https://x.com/Aizheree/status/1874178128974897361,1859590051728166912,Aizheree
1874134398498726046,Tue Dec 31 19:37:40 +0000 2024,0,@dipzidisini ih gaada aku sedih sih dip,1874178127527895122,,dipzidisini,in,61,0,0,0,https://x.com/chaziyle/status/1874178127527895122,1697065716359614464,chaziyle
1873633920899559465,Tue Dec 31 19:37:38 +0000 2024,0,@tanyarlfes Mimpi jadi suami punya istri cantiknya masyaallah trus punya toddler satu lucu banget pas baru mulai mimpinya aku langsung stres mikirin gimana membiayai anak dan istri soalnya pas itu aku di rl masih nganggur dan pikiran nganggurnya kebawa mimpi(btw aku cewe),1874178118803734947,,tanyarlfes,in,Nanami kento heart❣️,0,0,0,https://x.com/HemeraMoon/status/1874178118803734947,1404217032405520392,HemeraMoon
1874177368706998349,Tue Dec 31 19:37:37 +0000 2024,0,@deaifuku semangat (kita) GABOLEH sEDIH SEDIH!,1874178113434951962,,deaifuku,in,Known as ifta,0,0,0,https://x.com/barrbies/status/1874178113434951962,1507827557516800001,barrbies
1873916940470935987,Tue Dec 31 19:37:28 +0000 2024,0,@Halgerios pokoknya aku pasrah ke Allah,1874178075971510741,,Halgerios,in,mang eak,0,0,0,https://x.com/Kuyshopp2/status/1874178075971510741,1193582816820228096,Kuyshopp2
1873920705706025104,Tue Dec 31 19:37:20 +0000 2024,0,@dewfleur Gapapa kalo mau sedih mah,1874178044086411592,,dewfleur,in,,0,0,0,https://x.com/sabargakjuga_/status/1874178044086411592,479856216,sabargakjuga_
1874177991225598289,Tue Dec 31 19:37:08 +0000 2024,0,sedih kecil,1874177991225598289,,,in,Switzerland,0,0,0,https://x.com/coukizz/status/1874177991225598289,1659164726776197121,coukizz
1874177984074232075,Tue Dec 31 19:37:06 +0000 2024,0,sedih banget gw tahun baruan gini sendirian ga bareng keluarga,1874177984074232075,,,in,,0,0,0,https://x.com/YMikeme28452/status/1874177984074232075,1766316147958554624,YMikeme28452
1874177973127176502,Tue Dec 31 19:37:03 +0000 2024,2,2024 gue udah menyatu banget sama jalan bus kapal pesawat kereta angkot dan lainnyaaa. Semoga 2024 kemana-mana ga sendirian lagi gue ,1874177973127176502,,,in,,0,1,0,https://x.com/teeraruri/status/1874177973127176502,1188887974194212866,teeraruri
1874177965627761011,Tue Dec 31 19:37:02 +0000 2024,0,gw sedih bgt ajg tiap gw suka sm orang tuh bukan bikin hati gw bahagia tapi malah sedih... kek semacam ketakutan berlebihan ditinggalin terus gw jd sedih.,1874177965627761011,,,in,,0,0,0,https://x.com/caramidde/status/1874177965627761011,1445082478792699909,caramidde
1874177368706998349,Tue Dec 31 19:36:55 +0000 2024,0,@thendelionswers OH YA BETUL GAK BOLEH GALAU GAK GALAU KOK! BAHAGIA KARENA SEMUA DITUTUP DENGAN BAIK,1874177937580450031,,barrbies,in,𝑲𝒊𝒏𝒂𝒓𝒂 𝑨𝒓𝒊𝒔𝒚𝒂,0,1,0,https://x.com/deaifuku/status/1874177937580450031,2958260462,deaifuku
1874177887026454572,Tue Dec 31 19:36:43 +0000 2024,0,ending classic tapi lumayan bikin wah. suka banget kalo mc dibikin pasrah sama situasi wkwkwk. menurutku baru kali ini bisa bimbang ttg lebih bagusan season yg mana karena sisi psychologicalnya lumayan main di season dua bjir. epic. https://t.co/SBnkUEV051,1874177887026454572,https://pbs.twimg.com/media/GgJq2iWakAAS5fU.jpg,,in,koo *ੈ♡⸝⸝🧸⋆୧ ‧₊˚ 🍮,0,1,0,https://x.com/nachousz/status/1874177887026454572,1619892278553874433,nachousz
1874177866860290228,Tue Dec 31 19:36:38 +0000 2024,0,gw tuh lelah belajar,1874177866860290228,,,in, 19 ,0,0,0,https://x.com/clocrinde/status/1874177866860290228,1669677484084985856,clocrinde
1874177204873220524,Tue Dec 31 19:36:32 +0000 2024,0,sedih dikit akhir tahun diperlakukan tidak enak sama rekan satu tim butT 'namanya juga hidup' ga semua akan selalu berpihak ke diri lu jadi jalanin aja dengan ikhlas dan sabar *sambil prengat prengut dikit*,1874177840570392929,,2ayathegoat,in,,0,0,0,https://x.com/2ayathegoat/status/1874177840570392929,1745308773202407424,2ayathegoat
1874177404102729833,Tue Dec 31 19:34:48 +0000 2024,0,sedih bgt knp ya gue too much nanggepin segala hal asdgjkjshjlmvh,1874177404102729833,,,in,,0,0,0,https://x.com/avenged7fowld/status/1874177404102729833,1825933299895963648,avenged7fowld
1874177387367457263,Tue Dec 31 19:34:44 +0000 2024,0,pls sedih bgt jujurrrr mau juga diucapin hepi nuyer sayang blablabla anjyengggg,1874177387367457263,,,in,,0,0,0,https://x.com/sukakopibtw/status/1874177387367457263,1707980959621296128,sukakopibtw
1874177368706998349,Tue Dec 31 19:34:39 +0000 2024,1,Saya tadinya tida niat galau loh y baru tanggal 1,1874177368706998349,,,in,𝑲𝒊𝒏𝒂𝒓𝒂 𝑨𝒓𝒊𝒔𝒚𝒂,1,1,0,https://x.com/deaifuku/status/1874177368706998349,2958260462,deaifuku
1874177366022640069,Tue Dec 31 19:34:39 +0000 2024,0,ini mah gagal olahraga pagi wakakakak,1874177366022640069,,,in,,0,2,0,https://x.com/injuired/status/1874177366022640069,4810586870,injuired
1874105801717276741,Tue Dec 31 19:34:35 +0000 2024,0,@saproludik Lo aja sedih tiap hari,1874177348918227401,,saproludik,in,,0,1,0,https://x.com/hannijakun/status/1874177348918227401,1548350246790475778,hannijakun
1874162717164265736,Tue Dec 31 19:34:34 +0000 2024,0,@khysrtal sedih banget se berpengaruh dan se mood booster itu ya seorang krystal jung buat hidup kita @.krystal tanggung jawab ga lo udah bikin kita galau pas tahun baru ,1874177347840336373,,khysrtal,in,,0,1,0,https://x.com/kryssiefinamour/status/1874177347840336373,1007479704884948992,kryssiefinamour
1874171711161250005,Tue Dec 31 19:34:15 +0000 2024,1,1. Roti gulung pencuri Hidemoto (46 th) pencuri kelas teri yang sering gagal beraksi. Hidemoto pingin jadi pencuri kelas kakap lalu dikasih deh jajanan roti gulung pencuri (koin dia 100 yen keluaran 1981).,1874177268375052736,,ativonmi,in,she/her ,0,1,0,https://x.com/ativonmi/status/1874177268375052736,1480119472996306945,ativonmi
1874177242508714106,Tue Dec 31 19:34:09 +0000 2024,1,Takut gagal wkwk,1874177242508714106,,,in,she/her,0,0,0,https://x.com/ntsywbiee/status/1874177242508714106,1415635762880532487,ntsywbiee
1874177236460593242,Tue Dec 31 19:34:08 +0000 2024,0,damn 2025 baru beberapa jam gue udah sedih,1874177236460593242,,,in,,0,1,0,https://x.com/kittyfications/status/1874177236460593242,986641634333868032,kittyfications
1874169448359510109,Tue Dec 31 19:33:47 +0000 2024,0,@Kusingisasi sedih...,1874177148233408557,,Kusingisasi,in,,0,0,0,https://x.com/fukzuoka/status/1874177148233408557,1762377957895794688,fukzuoka
1873572651421311049,Tue Dec 31 19:33:46 +0000 2024,0,@RoamerCOLDE bang jangan galau ,1874177143506415954,,diktaNBH,in,,0,0,0,https://x.com/AmoristTAEHYUNG/status/1874177143506415954,858667902513299456,AmoristTAEHYUNG
1874177118751645777,Tue Dec 31 19:33:42 +0000 2024,0,Namun bukan berarti kita harus menyerah. Kita bisa belajar dari pengalaman pahit ini menjadi lebih kuat dan bijaksana. Kita bisa memilih untuk memaafkan bukan karena mereka pantas tapi karena kita layak untuk mendapatkan kedamaian hati.,1874177129543589919,,sibawi22,in,,0,1,0,https://x.com/sibawi22/status/1874177129543589919,1715025537209618432,sibawi22
1874177118751645777,Tue Dec 31 19:33:41 +0000 2024,0,Pengkhianatan datang tanpa aba-aba seperti ular berbisa yang menyuntikkan racun ke dalam hati. Janji setia yang dulu diucapkan kini sirna ditelan waktu. Rasa sakit dan kecewa bercampur aduk membuat hati terasa remuk.,1874177123587678714,,sibawi22,in,,0,1,0,https://x.com/sibawi22/status/1874177123587678714,1715025537209618432,sibawi22
1874177118617428180,Tue Dec 31 19:33:40 +0000 2024,1,Sedih banget dari sudut pandang orang luar sender ga salah si. Tapi kalo aku adalah sendernya aku pasti punya rasa bersalah yang sama,1874177118617428180,,,in,,0,0,0,https://x.com/DiaryFromNaLa/status/1874177118617428180,1346838216440049664,DiaryFromNaLa
1874175875887096276,Tue Dec 31 19:33:26 +0000 2024,1,@cherieefleur Turu mbk ojo sedih trus,1874177058970230849,,cherieefleur,in,,0,0,0,https://x.com/MasBram63845011/status/1874177058970230849,1300312985852731392,MasBram63845011
1873880869494284410,Tue Dec 31 19:33:25 +0000 2024,0,@siatins wah sedih kalo diceritain,1874177056843718998,,siatins,in,NSA,0,0,0,https://x.com/bmeloved/status/1874177056843718998,1347069552836808704,bmeloved
1874176987612537022,Tue Dec 31 19:33:09 +0000 2024,0, semoga cepet dpt jodohnya ya mama nungguin ria sedih bgt dengernya,1874176987612537022,,,in,"Tangerang, Indonesia",0,0,0,https://x.com/fit3aaa/status/1874176987612537022,512955877,fit3aaa
1874176967064572141,Tue Dec 31 19:33:04 +0000 2024,0,acaa nazi harus apaa?? aku gabisa berhnti ngrasa bersalah terus' an kaya ginii,1874176967064572141,,,in,,0,0,0,https://x.com/caca101929/status/1874176967064572141,1609505568716357632,caca101929
1874176965147861400,Tue Dec 31 19:33:03 +0000 2024,0,ehehe sedih,1874176965147861400,,,in,,0,0,0,https://x.com/ijulthekid/status/1874176965147861400,1214452359700434945,ijulthekid
1874176917940883472,Tue Dec 31 19:32:52 +0000 2024,0,Anjing gw sedih bgt sampe ketahan di tenggorokan soalnya depan gw ada bokap solat tahajud,1874176917940883472,,,in,This is @Lilyanoire,0,0,0,https://x.com/isamouvingon/status/1874176917940883472,1667961975295594496,isamouvingon
1873951127118766353,Tue Dec 31 19:32:51 +0000 2024,0,@notfoundtara Fr taon baru masih sendirian..,1874176915394945080,,notfoundtara,in,"Yogyakarta, Indonesia",0,1,0,https://x.com/sauss_tartarr/status/1874176915394945080,1739290212281556992,sauss_tartarr
1874016530285154811,Tue Dec 31 19:32:51 +0000 2024,0,@HomiesHyunjae EH IYA SERU BANGET VIBESNYA tapi itu minusnya bikin sedih karena sendirian..,1874176912744198156,,StampKarina16,in,@UnsharedCorners | 1999,0,0,0,https://x.com/HomiesXiaoting/status/1874176912744198156,2666188040,HomiesXiaoting
1874176569046163600,Tue Dec 31 19:32:48 +0000 2024,0,@Nemunemuru09 kok sedih ,1874176900828193168,,Nemunemuru09,in,"Chiba-shi Chuo, Chiba",0,1,0,https://x.com/ShintaHatake/status/1874176900828193168,582490281,ShintaHatake
1874176888199143909,Tue Dec 31 19:32:45 +0000 2024,1,seneng bisa nyempetin donor darah jadi tahun 2024 totalnya 2x (ada gagal 1x ditengah) ok 2025 semoga bisa 4x,1874176888199143909,,,in,Indonesia,0,0,0,https://x.com/westyassp/status/1874176888199143909,1071258727687147520,westyassp
1874176884852088876,Tue Dec 31 19:32:44 +0000 2024,0,Gua baca ini jadi sedih memang sandwich generation itu berat banget sih gak bohong. Apalagi akhirnya ya jadi mikir ini duit hasil kerja sendiri tapi gak bisa nikmatin sendiri gitu.,1874176884852088876,,,in,bi ; 23+,0,1,0,https://x.com/staxrxlight/status/1874176884852088876,1624603526067531777,staxrxlight
1874176825167143130,Tue Dec 31 19:32:30 +0000 2024,0,kenapa ya malam ini mellow banget banget kek semua hal ditangisin dari yang lucu sedih seneng semua ditangisin,1874176825167143130,,,in,,0,0,0,https://x.com/euphoriccna/status/1874176825167143130,865811944552321024,euphoriccna
1874176101725200775,Tue Dec 31 19:32:23 +0000 2024,0,Post foto &amp; video gagal mulu anjirrr,1874176796083863910,,_RifatFauzi_,in,Indonesia,0,0,0,https://x.com/_RifatFauzi_/status/1874176796083863910,2936498511,_RifatFauzi_
1874176785803571690,Tue Dec 31 19:32:20 +0000 2024,0,2024 : sedihnya ya dipaksa mengakhiri kerjA di lembaga internasional. Di lain sisi profit naik lumayan signifikan di side job entah harus bersyukur atau sedih cuma Tuhan mengabulkan doaku dgn cara yg menyenangkan dan lucu hutang lunas dikabulkan melalui pesangon,1874176785803571690,,,in,"Malta, Latvija",0,0,0,https://x.com/TheHanindito/status/1874176785803571690,73044649,TheHanindito
1874176785136705978,Tue Dec 31 19:32:20 +0000 2024,0,sedih jujurrr cape nangis,1874176785136705978,,,in,,0,0,0,https://x.com/sassuckks/status/1874176785136705978,1660153743063793665,sassuckks
1874176769189962212,Tue Dec 31 19:32:16 +0000 2024,1, Single origin Asli sendirian heheh Bukan bukan asamnya tidak terlalu pahitnya enggan terasa karena nikmat mengikuti teka teki. Manis tentu tercipta dari sedotan terakhir yang tercampur filter tembakau. Yang terpenting GAYO Hehehe https://t.co/ODMjsVa2pt,1874176769189962212,https://pbs.twimg.com/media/GgJp1HvbYAY1S9M.jpg,,in,"Kota Palembang, Sumatera Selat",0,0,0,https://x.com/Yoga_baper/status/1874176769189962212,1118081379533643781,Yoga_baper
1874176758867767630,Tue Dec 31 19:32:14 +0000 2024,0,bener' ngerasa se diabain itu sm dunia yg ntah knp akupun heran. yauda skrg secukupnya aja aku gaakan berlebihan terhadap apapun. even org terdeket kaya adikku aja rasanya.. :( sedih aku nganggep org sebegitunya tapi org lain ga begitu nganggap aku opsional bgt aku disini,1874176758867767630,,,in,"Bandung, Indonesia",0,0,0,https://x.com/i4vjke/status/1874176758867767630,1315828068645183489,i4vjke
1874163462978613555,Tue Dec 31 19:32:12 +0000 2024,0,@Stres___ Enjoy b to krna h na ,1874176748834984256,,Stres___,in,"Lahore, Pakistan",0,0,0,https://x.com/Bakhtyyyyy/status/1874176748834984256,1282214731307266048,Bakhtyyyyy
1874176748646261135,Tue Dec 31 19:32:12 +0000 2024,1,aduh gmn ya tp liat foto foto ini sedih betul . hiks bisa gak ngulang 2024 tp bulan januari sama agustus doang ,1874176748646261135,,,in,230527 240106 240817 240818,0,0,0,https://x.com/euppphany/status/1874176748646261135,1506861844111437832,euppphany
1874029624164048959,Tue Dec 31 19:32:06 +0000 2024,0,@gagal_hijrah Berarti Syafiq malam ini lagi Micek Matane tidak keluar rumah,1874176725174936040,,gagal_hijrah,in,Penguasa Laut Kidul Indonesia,0,0,0,https://x.com/munafaiz864/status/1874176725174936040,1610839826970075139,munafaiz864
1874176704274718911,Tue Dec 31 19:32:01 +0000 2024,0,haha sedih goals 2024 banyam yg ga tercapai,1874176704274718911,,,in,,0,0,0,https://x.com/rwrwdisini/status/1874176704274718911,1466217118358073350,rwrwdisini
1874175875887096276,Tue Dec 31 19:31:41 +0000 2024,0,@cherieefleur sedih knp,1874176620304752792,,cherieefleur,in,55282,0,0,0,https://x.com/rihan2602/status/1874176620304752792,1446848330638585857,rihan2602
1874176618295681117,Tue Dec 31 19:31:40 +0000 2024,0,blm ada 3 jam 2025 udh dapet sakit aja pasrah deh,1874176618295681117,,,in,,0,0,0,https://x.com/iawchocolate/status/1874176618295681117,1716152408139771904,iawchocolate
1874175329750966441,Tue Dec 31 19:31:39 +0000 2024,0,@imsvnoo SERU,1874176613061189746,,imsvnoo,in,july anderson. mdni,0,1,0,https://x.com/julyO__O/status/1874176613061189746,1834876592847544320,julyO__O
1874176607197552721,Tue Dec 31 19:31:38 +0000 2024,0,ini sedih,1874176607197552721,,,in,dnfwc!,0,0,0,https://x.com/YUJ1NCHOI/status/1874176607197552721,1427280427941650432,YUJ1NCHOI
1874176585177387267,Tue Dec 31 19:31:33 +0000 2024,0,galau pertama di 2025,1874176585177387267,,,in,,0,1,0,https://x.com/dk4lit/status/1874176585177387267,1827399514250256384,dk4lit
1874170975002255777,Tue Dec 31 19:31:30 +0000 2024,0,Super super gemes dari BA layout galau favorit aku sepanjang masa Happy New Year Kakak cantik https://t.co/zpTD9DuSzI,1874176573894779117,https://pbs.twimg.com/media/GgJpqISaoAEdoW4.jpg,bluera,in,,0,1,0,https://x.com/bluera/status/1874176573894779117,1729470467260751872,bluera
1874176572867174735,Tue Dec 31 19:31:30 +0000 2024,0,Kampret Hajime. bikin depresi aja. Tumbal proyeknya si Eren. Kasihan mana temennya gak tau perjuangan dia pas sendirian. https://t.co/kEnx2Sqde6,1874176572867174735,https://pbs.twimg.com/ext_tw_video_thumb/1874176488481996800/pu/img/yNkHRQQ4mwp-OQjm.jpg,,in,,1,1,1,https://x.com/royyana1304971/status/1874176572867174735,1329190524897558530,royyana1304971
1874169019743559976,Tue Dec 31 19:31:26 +0000 2024,0,@rajatomtom Galau mulu mbaknya,1874176559084704068,,rajatomtom,in,Liyue Harbor,0,1,0,https://x.com/sekprodi/status/1874176559084704068,4131364519,sekprodi
1828320588890546277,Tue Dec 31 19:31:17 +0000 2024,0,Masih nangis tapi gapapa ️ Orangnya udah bahagia aku juga harus berusaha bahagia dan perbaiki diri. Nangis gapapa sedih gapapa manusiawi. Semoga tahun ini aku bisa lebih memperhatikan diri aku sendiri semangat,1874176517963735382,,aralynnnn_,in,,0,1,0,https://x.com/aralynnnn_/status/1874176517963735382,252485668,aralynnnn_
1874024099565232420,Tue Dec 31 19:31:15 +0000 2024,0,@bulbulan___ Biar gak bikin kecewa,1874176510447542409,,bulbulan___,in,,0,0,0,https://x.com/delfiayolanda/status/1874176510447542409,1298209864720637952,delfiayolanda
1874176484648378435,Tue Dec 31 19:31:09 +0000 2024,0,cillll sedih bener,1874176484648378435,,,in,,0,0,0,https://x.com/O07s1/status/1874176484648378435,1338485770772860931,O07s1
1873973602795872391,Tue Dec 31 19:31:08 +0000 2024,0,@UmarHasibuan__ Kader PDI yg gagal,1874176480777064454,,UmarHasibuan__,in,"Rungkut, Indonesia",0,0,0,https://x.com/marimar170887/status/1874176480777064454,1824506771085676544,marimar170887
1874167028430655990,Tue Dec 31 19:31:07 +0000 2024,0,@lizttles adek kecil jgnn minum kopii,1874176479749431753,,lizttles,in,july anderson. mdni,0,0,0,https://x.com/julyO__O/status/1874176479749431753,1834876592847544320,julyO__O
1874176472736555224,Tue Dec 31 19:31:06 +0000 2024,0,bisa ga jangan ekspos gua begini fwek. makanya gua bilang long rest. biar kalo gagal ga malu pas balik lagi tapi kali ini gua yaqin banget sih,1874176472736555224,,,in,dnf,0,1,0,https://x.com/gunwovk/status/1874176472736555224,1328704096702918656,gunwovk
1874176441073754480,Tue Dec 31 19:30:58 +0000 2024,0,Happy new year adit lu pasti sendirian disana wkwk,1874176441073754480,,,in,,0,1,0,https://x.com/ipal_rifaldy9/status/1874176441073754480,1637789187717087234,ipal_rifaldy9
1873987092705055049,Tue Dec 31 19:30:58 +0000 2024,0,@andiicalilyas Seperti langit yang tak pernah lelah,1874176438901018828,,andiicalilyas,in,"Tegal, Jawa Tengah",0,0,0,https://x.com/redi_gaming1/status/1874176438901018828,1836169131823190016,redi_gaming1
1874176414905471083,Tue Dec 31 19:30:52 +0000 2024,0,hello 2025! semoga tahun ini kita akur dan baik2 aja yaa thankyou 2024!! banyak sedihnya. sakit mulu kecelakaan sampe patah tulang gabisa kerja sampe disuruh resign gagal nonton enha. tp Alhamdulillah diganti sm yang lebih bisa nonton skz! you ll be missed 2024 https://t.co/pnXEyooEGa,1874176414905471083,https://pbs.twimg.com/media/GgJpgt6bYAIVdSt.jpg,,in,９８ｚ | Sushi Chef👩🏻‍🍳🍣,0,0,0,https://x.com/brunettestar_/status/1874176414905471083,1447843358471114755,brunettestar_
1874176373360910365,Tue Dec 31 19:30:42 +0000 2024,0,tbtb sedih inget tahun ini terakhir sma ajggggg,1874176373360910365,,,in,digidaw,0,0,0,https://x.com/natchwow/status/1874176373360910365,1371142132996575233,natchwow
1874173336617705634,Tue Dec 31 19:22:51 +0000 2024,0,tapi emang kalo udah pulang ke rumah ini pasti penyakitnya kesepian. mereka semua punya teman sedangkan aku bahkan ga dianggap. aku ga bisa berhenti buat mikirin itu lagi tiba tiba. capek banget dehhh,1874174397826949538,,bibilly0u,in,,0,0,0,https://x.com/bibilly0u/status/1874174397826949538,1778922685181112320,bibilly0u
1874174372426244335,Tue Dec 31 19:22:45 +0000 2024,0,galau gak ada duit soalnya,1874174372426244335,,,in,,0,0,0,https://x.com/merahi/status/1874174372426244335,1869300138185048064,merahi
1874174366763917440,Tue Dec 31 19:22:44 +0000 2024,3,awal taun keluar sendirian pake gojek diakhir makan mcd sendirian jam 02.23,1874174366763917440,,,in,,0,4,0,https://x.com/anotherlexy/status/1874174366763917440,1603827260116463617,anotherlexy
1874099730382454994,Tue Dec 31 19:22:43 +0000 2024,0,@aartmare bukan joget tiktok sie tapi jadi jisel bandung... jgn kecewa ia liatnya... soalnya bagus banget,1874174361961468361,,aartmare,in,24,0,1,0,https://x.com/kotoinaru/status/1874174361961468361,1421406732002029571,kotoinaru
1874123273031893395,Tue Dec 31 19:22:40 +0000 2024,0,@fahiraidris Lelah keliling Pulau Belitung Beli roti dioles dengan margarin Jadilah orang yang beruntung Hari ini lebih baik dari kemarin,1874174350276124844,,fahiraidris,in,Indonesia,0,0,0,https://x.com/sruputkopipanas/status/1874174350276124844,942660011016077312,sruputkopipanas
1874118066495512912,Tue Dec 31 19:22:23 +0000 2024,1,@wntrslilac jujur yang awalnya aku ngerasa biasa aja sekarang bersalah soalnya i am still not qualified untuk jadi orang yang bisa survive di mata mereka... but yeah the right time would wait for us so untuk apa buru buru? hidup masih panjang kan ,1874174280541614371,,wntrslilac,in,,0,0,0,https://x.com/iSendTweet/status/1874174280541614371,979963389999919104,iSendTweet
1874120675193229367,Tue Dec 31 19:22:23 +0000 2024,1,@IndoPopBase Kl Ahok merangkul Anies dalam artian jadi teman politik akan banyak pendukungnya yg kecewa. Padahal ketika Ahok bercerai dengan istrinya dan kemudian menikah lagi sudah cukup banyak yg meninggalkannya. Terserah Ahok.,1874174278767403343,,IndoPopBase,in,Medan-Semarang-Bogor,1,3,0,https://x.com/Arni_Girsang/status/1874174278767403343,78630813,Arni_Girsang
1874174277823717709,Tue Dec 31 19:22:22 +0000 2024,0,SEDIH BGT GAK LIAT PETASAN. MASA PETASAN SERAME ITU GUE KAGA BANGUN JIRRRRR,1874174277823717709,,,in,,0,0,0,https://x.com/jgnghostingplz_/status/1874174277823717709,1515326755996782594,jgnghostingplz_
1874174276544454762,Tue Dec 31 19:22:22 +0000 2024,7,Tahun lalu sendirian bersama laptop. Setidaknya tahun ini sudah ada perubahan. https://t.co/PxJb1BcTlj,1874174276544454762,,,in,"Kota Surabaya, Jawa Timur",0,0,0,https://x.com/mannersmakethm_/status/1874174276544454762,1296356537590398977,mannersmakethm_
1874174265257582968,Tue Dec 31 19:22:19 +0000 2024,0,sakit bgt sial sedih bgt Happy New year all,1874174265257582968,,,in,she/her,0,0,0,https://x.com/seoyeonbgr/status/1874174265257582968,1365252725479407620,seoyeonbgr
1872225791108673997,Tue Dec 31 19:22:17 +0000 2024,0,@yooujeonghan kali aja stres input nomor SKCK jadi kena kolestrol,1874174255233196242,,yooujeonghan,in,Kafilia Kaloka,0,0,0,https://x.com/xhmyungho/status/1874174255233196242,1498652117460197387,xhmyungho
1873820159368192151,Tue Dec 31 19:22:16 +0000 2024,0,@kayyisa__ Lelah itu pasti tapi menyerah bukan solusi,1874174252397863324,,kayyisa__,in,indonesia,0,0,0,https://x.com/kenzezt/status/1874174252397863324,392564232,kenzezt
1874174220584050913,Tue Dec 31 19:22:09 +0000 2024,0,Salting banyak hari ini meskipun tadi kesepian malem tahun baru,1874174220584050913,,,in,"MDNI, dnss, dnfwc",0,0,0,https://x.com/jaylembang/status/1874174220584050913,1386086078,jaylembang
1874173738952085816,Tue Dec 31 19:22:09 +0000 2024,0,diaaa selalu ngehargain temen temen lamaku sedihnya aku kalo lagi ngerasa gapunya temen selalu di dengerin kadang kalo dia off emang aku ngerasa kaya sendirian banget,1874174220248506665,,marshkidz,in,she/her,0,1,0,https://x.com/marshkidz/status/1874174220248506665,862772663915126784,marshkidz
1874174177630208379,Tue Dec 31 19:21:59 +0000 2024,0,nonton miracle in cell no.7 yang ke 2 bagus bgtttt ngakak nya ada apalagi sedih nya tuh sedih bgt ,1874174177630208379,,,in,,0,0,1,https://x.com/jaehynjen0/status/1874174177630208379,1693608282957766656,jaehynjen0
1874174150618882236,Tue Dec 31 19:21:52 +0000 2024,0,Kayany gw doang yg idupnya kesepian gaada siapa siapa anjg lah,1874174150618882236,,,in,Jakarta Capital Region,0,0,0,https://x.com/davelicate/status/1874174150618882236,884096639845015554,davelicate
1874174144381956356,Tue Dec 31 19:21:51 +0000 2024,1,ceritanya lelah jd pocket sage pgn jd duelist *sok2an blg jd pocket sage pdhl jarang bgt make sage wkwk* https://t.co/DssliGKWrg,1874174144381956356,https://pbs.twimg.com/ext_tw_video_thumb/1874174000940933120/pu/img/EA6C57le6_kBLo92.jpg,,in,,0,0,0,https://x.com/raaaaaaaiiii/status/1874174144381956356,1816408374785064960,raaaaaaaiiii
1874174131048218711,Tue Dec 31 19:21:47 +0000 2024,0,Yasudah walaupun 2024 gagal dicintai seseorang yang kamu paling cintai. Tetep gapapa ada orang yang cintanya lebih dari kamu. Ada yang kamu nggak tau dan nggak semuanya harus muncul sekarang.,1874174131048218711,,,in,,0,0,0,https://x.com/__voyance/status/1874174131048218711,1186552286656360448,__voyance
1874174119803326810,Tue Dec 31 19:21:45 +0000 2024,0,Uda 2 taun an ini sengaja tdr pas pergantian tahun wkwk. Kalo taun lalu karna beneran sedih karna 2023 tahun yang indah banget jadi kek rasanya berat ninggalin tahun itu. Kalo tahun ini karna ngerasa 2024 ga banyak perayaan yang dirayain jadi kek flat. Yauda tdr aja.,1874174119803326810,,,in,,0,1,0,https://x.com/sundymarz/status/1874174119803326810,1386179231911010313,sundymarz
1874173638431432875,Tue Dec 31 19:21:33 +0000 2024,0,@inieskap paham sedih,1874174069823987735,,inieskap,in,jkt-yog-blt,0,0,0,https://x.com/tomysatriakrnwn/status/1874174069823987735,1433466043,tomysatriakrnwn
1873383757413245208,Tue Dec 31 19:21:14 +0000 2024,0,@ayipiaa @deeyforuniverse gk ni dah 1 jan. km gagal,1874173990094393750,,ayipiaa,in,Jawa Timur,0,1,0,https://x.com/rchxrn/status/1874173990094393750,726031450508681216,rchxrn
1874173982213365971,Tue Dec 31 19:21:12 +0000 2024,0,ga keluarga ga pacar ga temen suasananya ga ada yang enak haha. gua gatau kalo awal 2025 ngerasain kaya gini hampa.,1874173982213365971,,,in,,0,0,0,https://x.com/shasesya/status/1874173982213365971,1850908389716668416,shasesya
1874173976626553187,Tue Dec 31 19:21:11 +0000 2024,0,Iya tau stres kan tapi seenggaknya on wa gitu loh ni aku yang panik pls,1874173976626553187,,,in,,0,0,0,https://x.com/jong_jaehyun14/status/1874173976626553187,1390805155872854016,jong_jaehyun14
1874173011949162852,Tue Dec 31 19:21:08 +0000 2024,0,Tapi aneh banget awal tahun udah dengerin lagu galau.,1874173967168406008,,brigittasiw,in,,0,1,0,https://x.com/brigittasiw/status/1874173967168406008,303627559,brigittasiw
1874173934457020449,Tue Dec 31 19:21:01 +0000 2024,0,Request sendiri galau sendiri.,1874173934457020449,,,in,2001.,0,0,0,https://x.com/TunerKeeho/status/1874173934457020449,775290715756781568,TunerKeeho
1874173913732964586,Tue Dec 31 19:20:56 +0000 2024,1,Plis deh dijauhin dari rasa kecewa terhadap suatu hal. Kalau pun ngalamin kayak yaudah gimana lagi,1874173913732964586,,,in,,0,0,2,https://x.com/efforttobegood/status/1874173913732964586,1234127951836270592,efforttobegood
1874173902160896508,Tue Dec 31 19:20:53 +0000 2024,0,Sedih bgt demi apaaa dinoooo ntar gw buatin sndiri ajaa yaaa nooo,1874173902160896508,,,in,"Semarang, Indonesia",0,0,0,https://x.com/sallsaal/status/1874173902160896508,371082116,sallsaal
1873716660835872906,Tue Dec 31 19:20:52 +0000 2024,2,@clealeshlick @selokanmampet Setuju ini bisa jadi kayak next level-nya lah,1874173896985112819,,clealeshlick,in,,0,0,0,https://x.com/abockabet/status/1874173896985112819,226096168,abockabet
1874057496534671812,Tue Dec 31 19:20:47 +0000 2024,0,Jadi penasaran ini aqeela nangis kenapa dah kok gue mikirnya dia mungkin berantem sama fattah karena fattah ngerasa kecewa aqeela trs kepikiran molen adohh pusing bet gue,1874173878144295336,,rkth__v,in,,0,0,0,https://x.com/rkth__v/status/1874173878144295336,1584835148314312704,rkth__v
1874173207995158805,Tue Dec 31 19:20:45 +0000 2024,0,Aku sedih ketika dia blng aku ga bakal kerja lagi sama kamu kalo IP disini ga jelek. Aku bakal punya uang dari ads. Dari situ sedih banget aku. Aku takut kalo dia ada uang sendiri bakal ga dikasi aku :(,1874173868098879802,,cocotobeli,in,,0,1,0,https://x.com/cocotobeli/status/1874173868098879802,1713016758293204992,cocotobeli
1874173845273534787,Tue Dec 31 19:20:39 +0000 2024,0,Besok disuruh jualan tp jam segini ak lum bobok ak lapar hiks,1874173845273534787,,,in,far away,0,0,0,https://x.com/gorgoeuss/status/1874173845273534787,1813263485079592962,gorgoeuss
1874173804727198162,Tue Dec 31 19:20:30 +0000 2024,1,merasa bersalah sama paru-paru sehati udah 6 batang aja,1874173804727198162,,,in,"Kota Surabaya, Jawa Timur",0,3,0,https://x.com/tangoenaklho/status/1874173804727198162,1134416049036677121,tangoenaklho
1874138485092946262,Tue Dec 31 19:20:20 +0000 2024,0,@dvirtymind ... Gak ah merasa bersalah gw,1874173765531443211,,dvirtymind,in,,0,0,0,https://x.com/affectionswhore/status/1874173765531443211,1822223032506519552,affectionswhore
1874173742265598192,Tue Dec 31 19:20:15 +0000 2024,0,bangsat lah dari baca pencuri sempak lanjut baca ini langsung sedih ️,1874173742265598192,,,in,jeno's,0,0,0,https://x.com/urmoot/status/1874173742265598192,1077053068741533697,urmoot
1874173732081852798,Tue Dec 31 19:20:12 +0000 2024,54,Yg ini deserve di spill dan dikucilkan atau buang aja buang,1874173732081852798,,,in,mainly talk about mahae. ,0,0,1,https://x.com/magupudu0266/status/1874173732081852798,1349004396290519045,magupudu0266
1874171845525876844,Tue Dec 31 19:20:12 +0000 2024,0,Gatau lagi mak moga bokap ngga minat sm itu calon pelakor ya mak. Cuma mamak yg bisa ngehajar itu cewe aku mana bisa mak bibi sendiri dilawan. Cuma mamak yg tau klo aku lg depresi grgr org kampus. Skrg cerita kemana lg mak.... gada besti belanja lg aku.... https://t.co/gUXZIF8HsP,1874173731406569513,https://pbs.twimg.com/tweet_video_thumb/GgJnEfjbYAAZwyd.jpg,jiafufufafei_,in,,0,1,0,https://x.com/jiafufufafei_/status/1874173731406569513,1842508792057221120,jiafufufafei_
1874173623784923295,Tue Dec 31 19:19:47 +0000 2024,1,Ada yang bilang momsbrain ada yang bilang kehilangan jati diri sementara dulu karena anak masih kecil. Bukan nggak bersyukur atas semuanya. Tapi aku butuh ruang buat diriku sendiri. Sekedar ngelamun sendirian aja. Entah itu kapan terjadi. ,1874173623784923295,,,in,"Kota Yogyakarta, Yogyakarta",0,0,0,https://x.com/riztha_np/status/1874173623784923295,74956936,riztha_np
1873992314223464689,Tue Dec 31 19:19:40 +0000 2024,0,@ayubsr udah pasrah aku skrng,1874173598161920281,,ayubsr,in,"Sumatera Barat, Indonesia",0,0,0,https://x.com/diaryhijrah08/status/1874173598161920281,76828053,diaryhijrah08
1874173596115059038,Tue Dec 31 19:19:40 +0000 2024,0,sedih banget gue wkwk,1874173596115059038,,,in,- mampir aja kalo lewat rumah,0,1,0,https://x.com/caprizet/status/1874173596115059038,1393212142023712770,caprizet
1874042940676591867,Tue Dec 31 19:19:33 +0000 2024,0,@minkaput tetep aja kesepian semuanya,1874173568315224483,,minkaput,in,,0,0,0,https://x.com/perusaktimeline/status/1874173568315224483,1502269637081595914,perusaktimeline
1873893744887685200,Tue Dec 31 19:19:30 +0000 2024,0,@BaekBoy__ Bnyak yang udh lelah mental,1874173555405185249,,BaekBoy__,in,"Bandung, Indonesia",0,0,0,https://x.com/dhelsadell/status/1874173555405185249,294528028,dhelsadell
1874173554440495168,Tue Dec 31 19:19:30 +0000 2024,0,Lo... gagal paham Mon... !,1874173554440495168,,,in,,0,0,0,https://x.com/BSaptawa/status/1874173554440495168,1380790754985926658,BSaptawa
1874173547373093031,Tue Dec 31 19:19:28 +0000 2024,1,Muka July udh di ambang PASRAH 555 https://t.co/PxQpK9AvJf,1874173547373093031,https://pbs.twimg.com/ext_tw_video_thumb/1874172143757606912/pu/img/yANX-QxTFu2HK9RX.jpg,,in,,0,0,1,https://x.com/N_arya25/status/1874173547373093031,1601500453862137856,N_arya25
1874117445595914397,Tue Dec 31 19:19:09 +0000 2024,0,@mwilkisses Biar gak sedih by makannya ada om maung,1874173464543887402,,mwilkisses,in,RPS,0,0,0,https://x.com/ayynaearth/status/1874173464543887402,1605262240449409024,ayynaearth
1874173457497547186,Tue Dec 31 19:19:07 +0000 2024,0,sedih banget anjir padahal kalo mau main ke ipb naik inj,1874173457497547186,,,in,Pendidikan Matematika UNJ 23,0,0,0,https://x.com/Mat3matik4/status/1874173457497547186,1479752464697942017,Mat3matik4
1874173455597527270,Tue Dec 31 19:19:06 +0000 2024,0,lebih sedih lagi nyadar ada orang2 yang berjuang buat ngewujudin isi kepala gue.. kek... GILA GA SI? man ada orang2 yang literally spend sesuatu demi kehendak orang lain. disaat sendirinya juga punya kehendak. konsep hidup itu terlalu abstrak sih untuk dipahami. mending gausah.,1874173455597527270,,,in,,0,0,0,https://x.com/karaktervillain/status/1874173455597527270,1850212818668457984,karaktervillain
1874173429844500618,Tue Dec 31 19:19:05 +0000 2024,0,Terus ngide tas lucu gitu buat main dan biar kepake tapi malah bikin orang lain kecewa dan ga seneng️ aku beneran ga enak. Jadi mau beli lagi dan kasih yg lebih bagus karena emang yang lain pada better,1874173447817093524,,lov3with7,in,bersama na jaemin,0,0,0,https://x.com/lov3with7/status/1874173447817093524,1564297238565638144,lov3with7
1874173429844500618,Tue Dec 31 19:19:03 +0000 2024,0,Tadi pas dibuka tasnya emang lucu (menurutku) tapi masang talinya emang aga effort dan membingungkan. Yang dapet hadiah punyaku kek ga seneng gitu kaya kecewa dapet barang begitu (sedih). Aku bantuin dia pasang selempangnya karena merasa ga enak.,1874173440430924188,,lov3with7,in,bersama na jaemin,0,1,0,https://x.com/lov3with7/status/1874173440430924188,1564297238565638144,lov3with7
1874173432704966775,Tue Dec 31 19:19:01 +0000 2024,0,Cuma snap ig yg dishare ke close friend doang. Pas itu lg struggle sama penelitian yg gagal trus+gaada yg inget ultahku selain mamah wkwkwk jadinya beli kue sendiri makan sendiri di kosan sambil nangis. https://t.co/zUJJ6uv28b,1874173432704966775,https://pbs.twimg.com/media/GgJmyPqbYAAdNWz.jpg,,in,Cloud Recesses,0,0,0,https://x.com/XiaobaiRunyu/status/1874173432704966775,1296637494302187520,XiaobaiRunyu
1874171743172215285,Tue Dec 31 19:18:54 +0000 2024,0,@shinyuismine aku ga senakal itu ,1874173403185504419,,shinyuismine,in,taken,0,1,0,https://x.com/calcifersz/status/1874173403185504419,2422877184,calcifersz
1874173388404777045,Tue Dec 31 19:18:50 +0000 2024,0,SUMPAH YA PANTES AMPE KAYAK GITU. asli gak tega bgt mana masih muda woi dan gue SUKAK BGT LIHAT DIA. kayak... BAYANGIN DAH SEDIFORSIR APA DIA KERJA AMPE SAKITNYA BENERAN BIKIN DIA LUMPUH GITU. sedih huhuhu. get well very soon lusi :(,1874173388404777045,,,in,she/her,0,0,0,https://x.com/halfiemoon/status/1874173388404777045,965874098579546115,halfiemoon
1874170721154589009,Tue Dec 31 19:18:48 +0000 2024,0,season 1 tuh pas matinya ali jiyeong saebyeok sangwoo itu sedihnya berasa bgt (tp mungkin ini karena udah masuk game akhir2 jg kali ya) sama pas junho ditembak juga gw sedih bgt (soalnya dulu kirain mati) (taunya ngga aowkaowkawok) sama pas ibunya gihun mati jg nyesekk:(,1874173377998708768,,yumechikara,in,"21, she/her",0,0,0,https://x.com/yumechikara/status/1874173377998708768,1382211908216922115,yumechikara
1874173361221492987,Tue Dec 31 19:18:44 +0000 2024,0,tidur dengan sound kembang api dar der dor. hari kembang api sedunia pokoknya. stres gaje deuk tidur meuni berisik.,1874173361221492987,,,in,jkt,0,0,0,https://x.com/Tsunny_/status/1874173361221492987,1321193883275980801,Tsunny_
1874173358675550534,Tue Dec 31 19:18:43 +0000 2024,0,@BNICustomerCare malam ini kenapa mobile banking gabisa dipakai transaksi sama sekali ya baik transfer antar bni atau top up ewallet selalu gagal koneksi payah sekali masa gabisa dipakai 24 jam appnya,1874173358675550534,,BNICustomerCare,in,,0,2,0,https://x.com/lelahdunieuy/status/1874173358675550534,1444251051410874371,lelahdunieuy
1874173317147746316,Tue Dec 31 19:18:33 +0000 2024,0,gk kebayang pas mrk kesini gua se galau dan se sedih apa nanti. Untuk kesekian kalinya mrk kesini gua masih gabisa nonton ,1874173317147746316,,,in,,0,0,0,https://x.com/H_scloud/status/1874173317147746316,1524860429075619840,H_scloud
1874005967446417878,Tue Dec 31 19:18:27 +0000 2024,0,@vanspyder Aduh sedih amat,1874173290635530321,,vanspyder,in,"Villedieu-sur-Indre, France",0,0,0,https://x.com/piikaphile/status/1874173290635530321,3278597606,piikaphile
1874142250994958835,Tue Dec 31 19:18:26 +0000 2024,0,@bulannanaa Ngga tau kak tapi kaya sedih aja,1874173284780220902,,bulannanaa,in,,0,0,0,https://x.com/Jian_xiu08/status/1874173284780220902,1571815708874657793,Jian_xiu08
1874013623024292297,Tue Dec 31 19:18:24 +0000 2024,0,@zelenasyakila kalau lelah istirahat dulu deh kak,1874173275842240998,,zelenasyakila,in,,0,0,0,https://x.com/inimenik/status/1874173275842240998,451298859,inimenik
1874171226379501857,Tue Dec 31 19:18:13 +0000 2024,0,@favurgirlv Gagal apa y syg ,1874173231902703913,,favurgirlv,in,,0,0,0,https://x.com/andi783157/status/1874173231902703913,1719637347334250496,andi783157
1874173223975387409,Tue Dec 31 19:18:11 +0000 2024,0,Eh tp td gue ngapain bilang syg bgt ga sih kita ketemu tp ga foto? SYALANDD mulut gue gabisa di-rem . Mana dia cm nanggepin haha anjay foto sedih bgt,1874173223975387409,,,in,,0,1,0,https://x.com/littlobambie/status/1874173223975387409,1838839852663779328,littlobambie
1874006931939172608,Tue Dec 31 19:18:09 +0000 2024,0,@panggilajaayu tmn nya jg udh lelah,1874173214559248560,,panggilajaayu,in,Should I tell?,0,0,0,https://x.com/jessicaijes/status/1874173214559248560,207400784,jessicaijes
1874120891510002004,Tue Dec 31 19:18:04 +0000 2024,6,@kochengfs SAMAAA kucing-kucing aku di rumah shock banget dan pada sembunyi semua pas denger petasan Ya Allah sedih banget ga bayangin stray cats di luar sana pasti pada kaget + stress juga kucingku di rumah ada aku yang nenangin tapi kalau kucing liar? AA SEDIH ,1874173194594308321,,kochengfs,in,Malang,0,0,0,https://x.com/bibilcuu/status/1874173194594308321,1315584730658529283,bibilcuu
1874173192417534260,Tue Dec 31 19:18:04 +0000 2024,0,penonton kecewa,1874173192417534260,,,in,mdni,0,0,0,https://x.com/wonumingo/status/1874173192417534260,1127095536765423616,wonumingo
1874173143600029992,Tue Dec 31 19:17:52 +0000 2024,0,abis ngucapin tahun baru ke papa. sedih bgt dah tahun udah berganti tapi masih nyusahin papa dengan panjul gw yaAllah semoga perpanjulan ini kelar di tahun ini aamiin,1874173143600029992,,,in,,0,0,0,https://x.com/httpslashie/status/1874173143600029992,1841119965963042817,httpslashie
1874098150392447302,Tue Dec 31 19:17:46 +0000 2024,0,@fav0ritesin sedih,1874173119948325331,,fav0ritesin,in,+62,0,0,0,https://x.com/fuckilness/status/1874173119948325331,1158175776967053312,fuckilness
1874130002931032548,Tue Dec 31 19:17:45 +0000 2024,0,@Be14naSenduk gagal ci baru kelar mandok hata ini,1874173114562863260,,BelanaSenduk,in,,0,0,0,https://x.com/discciacu/status/1874173114562863260,1190797805394128897,discciacu
1874173110133604631,Tue Dec 31 19:17:44 +0000 2024,1,Lelah yang Lillah InshaAllah.,1874173110133604631,,,in,,0,0,0,https://x.com/denassyach/status/1874173110133604631,1630229763855101952,denassyach
1874142250994958835,Tue Dec 31 19:17:41 +0000 2024,0,@bilovesnana Kaya sedih aja kak ini kaya ngga nyangka,1874173099048050836,,bilovesnana,in,,0,0,0,https://x.com/Jian_xiu08/status/1874173099048050836,1571815708874657793,Jian_xiu08
1874171226379501857,Tue Dec 31 19:17:39 +0000 2024,0,@favurgirlv Gagal kenapa?,1874173090055545091,,favurgirlv,in,JKT,0,0,0,https://x.com/GeraldyTryS/status/1874173090055545091,2950928514,GeraldyTryS
1874173080446394395,Tue Dec 31 19:17:37 +0000 2024,0,Tahun baru kehidupan baru kebahagian baru semuanya harus baru. Terimakasih 2024 aku tidak kecewa denganmu tapi aku berterimakasih kepadamu karna mu lah aku bisa belajar untuk menjalankan 2025 lebih baik ,1874173080446394395,,,in,,0,0,0,https://x.com/rcl_114/status/1874173080446394395,1434059508146343944,rcl_114
1874173060426981461,Tue Dec 31 19:17:32 +0000 2024,1,doa untuk tahun baru ini: - ibadah lebih baik lagi - bahagia utk diri sendiri keluarga dan org sekitar - tabah melewati suka cita - kurangin rasa sedih dan asumsi negatif - jadi orang baik - pacaran sama kezia (beda agama) - emyu mulai membaik,1874173060426981461,,,in,,0,1,0,https://x.com/katayogiii/status/1874173060426981461,1088026492053798914,katayogiii
1874171226379501857,Tue Dec 31 19:17:30 +0000 2024,0,@favurgirlv gagal knp ?,1874173052021596336,,favurgirlv,in,,0,0,0,https://x.com/sebuahnasi1/status/1874173052021596336,1869509384734404608,sebuahnasi1
1873883228786049516,Tue Dec 31 19:17:28 +0000 2024,0,@labocahngapayak Kalo lelah istirahat aja,1874173043825926550,,labocahngapayak,in,"Bandung, Indonesia",0,0,0,https://x.com/dhelsadell/status/1874173043825926550,294528028,dhelsadell
1874173042865381463,Tue Dec 31 19:17:28 +0000 2024,0,gagal anjir yaudah Allah is the best planner ,1874173042865381463,,,in,,0,0,0,https://x.com/honeycombie/status/1874173042865381463,1454779231863410691,honeycombie
1874168990895137169,Tue Dec 31 19:17:24 +0000 2024,0,Kalo inget beberapa bulan terakhir ini kayanya banyak sedih dan dilemannya tapi aku yakin allah selalu ngasih jalan 2025 semoga jadi lebih baik mature dan happh lagi ya. Semoga bisa mensyukuri hal hal yg udh km dapet skrng,1874173024184000621,,fahiraaudina,in,Indonesia,0,0,0,https://x.com/fahiraaudina/status/1874173024184000621,1682762797,fahiraaudina
1873883857101218228,Tue Dec 31 19:17:15 +0000 2024,0,@DjajangKachev Sedih bgt ga si apa apa jadi mahal,1874172989497086133,,DjajangKachev,in,,0,0,0,https://x.com/Hannycornelia_/status/1874172989497086133,1433086957089820673,Hannycornelia_
1874172980047339561,Tue Dec 31 19:17:13 +0000 2024,0,Gk jadi sedih ya Allah awal season boboe di puncak bsd,1874172980047339561,,,in,,0,0,0,https://x.com/suryosuoleh/status/1874172980047339561,1773917164338352132,suryosuoleh
1874019375948456480,Tue Dec 31 19:17:11 +0000 2024,0,@evellyntifany_ Nanti coba lagi jangan menyerah dulu,1874172973411954746,,evellyntifany_,in,,0,0,0,https://x.com/daniplb/status/1874172973411954746,1556844111776190466,daniplb
1874171845525876844,Tue Dec 31 19:17:05 +0000 2024,0,Mamak bilang harusnya malem ini bakar-bakar. Mak we didn't it. Ternyata sedih itu kyk asma ya mak kambuhnya ga nentu. Mamak bilang pengen ngerayain ultah perak nikahnya nanti biar aku yg bayarin. Ternyata ga jadi ya mak. Semua sayang mamak even calon pelakor itu dateng mak,1874172945247199518,,jiafufufafei_,in,,0,1,0,https://x.com/jiafufufafei_/status/1874172945247199518,1842508792057221120,jiafufufafei_
1873937995692454015,Tue Dec 31 19:16:58 +0000 2024,0,@yhaterus Hmm iyaa sedih bangett dengernyaaa,1874172917476712602,,yhaterus,in,,0,0,0,https://x.com/simelimeli/status/1874172917476712602,1636549497634557952,simelimeli
1874171226379501857,Tue Dec 31 19:16:52 +0000 2024,0,@favurgirlv Semangat kak tau kok emang ga mudah dan gagal itu ga enak tapi tetep semangat yaaa,1874172890624778549,,favurgirlv,in,,0,0,0,https://x.com/depucuks/status/1874172890624778549,1172121523236196352,depucuks
1873913008394821979,Tue Dec 31 19:16:48 +0000 2024,0,@eeich_bi kalo gagal wajib banget bangkit lagi,1874172875676279134,,eeich_bi,in,handle by admin,0,0,0,https://x.com/seewrs/status/1874172875676279134,781193176929316864,seewrs
1873971644093653171,Tue Dec 31 19:16:42 +0000 2024,0,@ohmydull jangan sampe sedih lg,1874172847880561059,,ohmydull,in,+62,0,0,0,https://x.com/chaeriysf/status/1874172847880561059,1152377735928414209,chaeriysf
1873977702182772822,Tue Dec 31 19:16:33 +0000 2024,0,@nevvarriwals Ga sengaja ... Ai kan fokus nya ke botol .. situ aja gagal fokus ,1874172812631625805,,nevvarriwals,in,"Jakarta Capital Region, Indone",0,0,0,https://x.com/OmJoyStick/status/1874172812631625805,120757893,OmJoyStick
1874172416991318220,Tue Dec 31 19:14:59 +0000 2024,0,Stres bangat kalau sky mode big boy,1874172416991318220,,,in,,0,0,0,https://x.com/Vihokratawan/status/1874172416991318220,1136964340916019201,Vihokratawan
1874172246715228198,Tue Dec 31 19:14:59 +0000 2024,0,Gabisa gw liat tu cowo sedih bahkan potongan video lewat di fyp aja GAKUAT SEDIHNYOOOO,1874172416580345886,,mielficent,in,,0,0,0,https://x.com/mielficent/status/1874172416580345886,1267182835,mielficent
1874171226379501857,Tue Dec 31 19:14:58 +0000 2024,0,@favurgirlv Gagal kenapa ?,1874172414801969255,,favurgirlv,in,Bdg-berau,0,0,0,https://x.com/tidaksesuainama/status/1874172414801969255,1358722112333049860,tidaksesuainama
1874172410024648983,Tue Dec 31 19:14:57 +0000 2024,0,eh sedih dah calon yang gua banggain kalah: ) baru ada waktuu buat bener2 scroll twt,1874172410024648983,,,in,,0,0,0,https://x.com/karaktervillain/status/1874172410024648983,1850212818668457984,karaktervillain
1874172397684985960,Tue Dec 31 19:14:54 +0000 2024,0,dari awal kucingku dateng ke rumah tidurku gak pernah sendirian lagi alias diusel terus sama bocil ngising yang suka caper tapi imut menggemaskan (lovigly),1874172397684985960,,,in,Pelican Town,0,0,0,https://x.com/pictaschio/status/1874172397684985960,889337444822245376,pictaschio
1873965929522184443,Tue Dec 31 19:14:47 +0000 2024,0,@humor1s kecewa banget si rasanya,1874172368907886912,,humor1s,in,,0,0,0,https://x.com/segmua/status/1874172368907886912,902933200107745280,segmua
1873853782339314157,Tue Dec 31 19:14:45 +0000 2024,0,@szalhura alah sedih banget kebagian nyengir,1874172360603165065,,szalhura,in,handle full by admin,0,0,0,https://x.com/feelingsdannee/status/1874172360603165065,1761072429999501313,feelingsdannee
1873874430751129605,Tue Dec 31 19:14:45 +0000 2024,0,@aplivkasi bacanya sedih gitu yah,1874172358023668180,,aplivkasi,in,"DKI Jakarta, Indonesia",0,0,0,https://x.com/rabunjauhhhh/status/1874172358023668180,783882470,rabunjauhhhh
1874029624164048959,Tue Dec 31 19:14:44 +0000 2024,0,@gagal_hijrah Di tempat gue lebih pintar. Malam tahun baru ini diadakan pengajian mengundang ustadz terkenal dg tema Isra Mi'raj meski peringatannya masih sebulan lagi.,1874172354609504438,,gagal_hijrah,in,,0,0,0,https://x.com/ganjaransejati/status/1874172354609504438,1695080672589955072,ganjaransejati
1874172350578802920,Tue Dec 31 19:14:43 +0000 2024,0,ehe masih sedih dikit karena awal tahun ini ga ada yang ditunggu buat disamperin kayak tahun2 sebelumnya tapi bisa jadi pertanda buat rehat sejenak ya kak~~,1874172350578802920,,,in,404 𝙽𝚘𝚝 𝙵𝚘𝚞𝚗𝚍,0,0,0,https://x.com/ruthvalen/status/1874172350578802920,73305828,ruthvalen
1874162717164265736,Tue Dec 31 19:14:33 +0000 2024,0,@kryssiefinamour aku selama nganggur ya masih stan dia kalo udah ada job ya pensiun dan move on hampa bgt,1874172310468649241,,kryssiefinamour,in,,0,1,0,https://x.com/khysrtal/status/1874172310468649241,188246554,khysrtal
1874171226379501857,Tue Dec 31 19:14:31 +0000 2024,0,@favurgirlv Gagal knapa???,1874172299899031928,,favurgirlv,tl,"Kota Makassar, Sulawesi Selata",0,0,0,https://x.com/Reymond_kingg/status/1874172299899031928,1267445833751904257,Reymond_kingg
1874171397012152730,Tue Dec 31 19:14:28 +0000 2024,0,@jongsonqg Galau amat tanggal satu,1874172286212989051,,jongsonqg,in,Belongs To ENGENE,0,1,0,https://x.com/sbimjake/status/1874172286212989051,1360602239492972547,sbimjake
1874172280298991772,Tue Dec 31 19:14:26 +0000 2024,0,ini sistem gacha gebyar bca apakah ada rate off rate on nya juga kah? udah lebih dari 10 hari 10 kali gacha per hari masih aja gagal :(,1874172280298991772,,,in,,0,0,0,https://x.com/tiramisukohi728/status/1874172280298991772,1642466652213383169,tiramisukohi728
1874172277912461819,Tue Dec 31 19:14:26 +0000 2024,1,Perut gw yang diare tanpa lelah ini https://t.co/bGNEdfi0m0,1874172277912461819,https://pbs.twimg.com/tweet_video_thumb/GgJlv81bYAAAdAa.jpg,,in,LV: 30+(eng/bhs ind/gibberish),0,0,0,https://x.com/KesayanganSylus/status/1874172277912461819,1338421075412054016,KesayanganSylus
1873832486855492066,Tue Dec 31 19:14:25 +0000 2024,0,@achaesthetic tau ya gua sedih banget gapunya uang,1874172274288562240,,achaesthetic,in,handle full by admin,0,0,0,https://x.com/feelingsdannee/status/1874172274288562240,1761072429999501313,feelingsdannee
1874172220848955414,Tue Dec 31 19:14:12 +0000 2024,0,lagu galau gue ngegalauin mentor tpb,1874172220848955414,,,in,,0,1,0,https://x.com/spferfectly/status/1874172220848955414,1828722280664616960,spferfectly
1874093488255783358,Tue Dec 31 19:14:10 +0000 2024,0,@txtdrMagelang sdm indonesia cemas,1874172213425037468,,txtdrMagelang,in,Jawa,0,0,0,https://x.com/ditkoin/status/1874172213425037468,1595801041945100293,ditkoin
1874172201941032976,Tue Dec 31 19:14:08 +0000 2024,0,DEMI APAAAAAA GALAU BRUTAL,1874172201941032976,,,in,she/her,0,1,0,https://x.com/youfabulous_/status/1874172201941032976,1301545658197794817,youfabulous_
1874171978510459028,Tue Dec 31 19:14:07 +0000 2024,0,seneng jadi sedih banget ya sepele tapi sakit banget lama ,1874172198988157155,,mocuddle_,in,,0,0,0,https://x.com/mocuddle_/status/1874172198988157155,942242773867970560,mocuddle_
1874064229935743271,Tue Dec 31 19:14:00 +0000 2024,0,@convomf Tiap thn gw bgini anjir sedih (dikit),1874172172190752830,,convomf,in,🎏,0,0,0,https://x.com/astrophiliavve/status/1874172172190752830,1262672441760821248,astrophiliavve
1873778065735922058,Tue Dec 31 19:13:58 +0000 2024,0,@aenggakun Yakinn banget tuh masih mau bilang sedih? wkwk,1874172161180799202,,capricboys,in,Jakarta,0,1,0,https://x.com/findmeinurstep/status/1874172161180799202,744551201576878080,findmeinurstep
1874172138057588860,Tue Dec 31 19:13:52 +0000 2024,0,satisfying bgt udah tau cara ngadepin stres. i love me,1874172138057588860,,,in,,0,0,0,https://x.com/sijakbutodaaa/status/1874172138057588860,878515410353528832,sijakbutodaaa
1873919281014202493,Tue Dec 31 19:13:52 +0000 2024,0,@penaikhwan jadi gapapa ya sedih yang penting jangan berlarut-larut,1874172136396673379,,penaikhwan,in,handle by admin,0,0,0,https://x.com/seewrs/status/1874172136396673379,781193176929316864,seewrs
1874172136270815498,Tue Dec 31 19:13:52 +0000 2024,0,ini sedih bgt sih....,1874172136270815498,,,in,"21+, she/her",0,0,0,https://x.com/kurobogor/status/1874172136270815498,1869588460383928320,kurobogor
1874172112946290970,Tue Dec 31 19:13:46 +0000 2024,4,Rahasia Crazy Rich PIK Divonis 5 Tahun Ada Di Foto Ini!? Majelis Hakim Pengadilan Tipikor Jakarta menilai Helena terbukti secara sah dan meyakinkan bersalah melakukan tindak pidana membantu melakukan korupsi dan melakukan tindak pidana pencucian uang (TPPU). Menjatuhkan pidana https://t.co/ENs19aEHs7,1874172112946290970,https://pbs.twimg.com/media/GgJlmsqbYAEP7gG.jpg,,in,"Jakarta, Indonesia",0,0,1,https://x.com/Mata_Netizen62/status/1874172112946290970,817971930103828480,Mata_Netizen62
1874128413457604742,Tue Dec 31 19:13:42 +0000 2024,0,@safeplace4mee_ percintaan gagal 3 kali dalam setahun juga cukup kan?,1874172095967727673,,safeplace4mee_,in,YKC,0,1,0,https://x.com/dopabloooo/status/1874172095967727673,1794118886251692032,dopabloooo
1873983965855682958,Tue Dec 31 19:13:39 +0000 2024,0,@txtdrnaktengah_ Jalur langit gak pernah gagal sih,1874172081681965324,,txtdrnaktengah_,in,handled by admins.,0,0,0,https://x.com/brettney/status/1874172081681965324,790887539162816513,brettney
1874138453446639832,Tue Dec 31 19:13:38 +0000 2024,0,@ScuderiaFerrari ak ikutin dia gegara cowoku dulu suka tim ferarri. sksk sedih sikit,1874172079593185688,,ScuderiaFerrari,in,,0,0,0,https://x.com/syaakirra/status/1874172079593185688,1109814402125983745,syaakirra
1874172079505104957,Tue Dec 31 19:13:38 +0000 2024,1,2024: Boleh dibilang bnyk bersyukur banget di tahun ini. Segala macem cobaan ada aja bentuknya tp Alhamdulillah selalu ada jalan keluarnya meskipun kadang itu bkn yang kita kehendaki. Last but not least Terimaaci sudah tdk lelah untuk menjadi support sistem saya @sikiiil ,1874172079505104957,,,in,Cibinong - Bogor,0,1,1,https://x.com/marjanlemon/status/1874172079505104957,529396925,marjanlemon
1874171622212722919,Tue Dec 31 19:13:32 +0000 2024,0,@gasenn_ Jelas-jelas itu lagu penghantar tidur doang. 2025 stop galau kata gua mah ,1874172052959355070,,gasenn_,in,"Jakarta Capital Region, Indone",0,0,0,https://x.com/Biyaaa_58/status/1874172052959355070,1346217795067891713,Biyaaa_58
1873982951492596117,Tue Dec 31 19:13:27 +0000 2024,0,@kejepitmolen asli makanya pas udah kecewa udah ga ngomong apa apa lagi,1874172031438381339,,kejepitmolen,in,location unknown ,0,0,0,https://x.com/ilyzky/status/1874172031438381339,1294485977713397760,ilyzky
1874171995367366657,Tue Dec 31 19:13:18 +0000 2024,0,2024 aku kasih rate 3/10 lah karena taun ini isinya STRESS DAN KESEPIAN MULU. 2024 yg oke cuma waktu aku bisa nyelesaiin manuskripnya ibu peri ku ,1874171995367366657,,,in,,0,0,0,https://x.com/sugarplum0327/status/1874171995367366657,1351769611755167744,sugarplum0327
1874171939637649650,Tue Dec 31 19:13:05 +0000 2024,0,Gtw knp w ga bisa masuk logika org selengki lu bales bgtu. Makin dibaca makin makin. Please smoga rasa bersalah seumur hidup dah anjir kalo ga itu hati terbuat dr apa????,1874171939637649650,,,in,she/her || 21+ || seasian,0,0,0,https://x.com/gojobel/status/1874171939637649650,1617698209656360961,gojobel
1874171935250407802,Tue Dec 31 19:13:04 +0000 2024,0,Semoga semua sakit dan kecewa di 2024 diganti hal baik di tahun ini atas izin Allah,1874171935250407802,,,in,everywhere i feel happy,0,0,0,https://x.com/alwaysbebymysd/status/1874171935250407802,1306148582588690433,alwaysbebymysd
1874171226379501857,Tue Dec 31 19:12:52 +0000 2024,0,@favurgirlv Gagal apa,1874171885652746361,,favurgirlv,in,,0,0,0,https://x.com/anjingkkkkk/status/1874171885652746361,1538422366199758849,anjingkkkkk
1874171858825904594,Tue Dec 31 19:12:46 +0000 2024,0,happy new year oomf tahun ini janji lebih sering ngobrol sama kalian dan kalau gagal aku akan janji lagi,1874171858825904594,,,in,"D. Mathieu Caine, legal.",0,2,0,https://x.com/jaythinkers/status/1874171858825904594,1521511289708634112,jaythinkers
1874029624164048959,Tue Dec 31 19:12:43 +0000 2024,5,@gagal_hijrah Beragama paling ribet sedunia,1874171847241326671,,gagal_hijrah,in,Di hatimu :) yg KOTOR,0,1,0,https://x.com/super_bedjo20/status/1874171847241326671,74720566,super_bedjo20
1874171743172215285,Tue Dec 31 19:12:43 +0000 2024,0,@shinyuismine BENER BENER NAKAL??;'!*;?$,1874171845827846243,,shinyuismine,tr,taken,0,1,0,https://x.com/calcifersz/status/1874171845827846243,2422877184,calcifersz
1873897029212262590,Tue Dec 31 19:12:42 +0000 2024,0,@storyfeyy sudah lelah ges,1874171845001551909,,storyfeyy,in,,0,0,0,https://x.com/CutiLagi/status/1874171845001551909,1404438588792590341,CutiLagi
1874171836763922620,Tue Dec 31 19:12:41 +0000 2024,0,walau di akhir tahun sedikit sedih tapi aku percaya sama takdir Allah. semoga 2025 tahunku untuk memulai karir. semoga 2025 ini lebih banyak bahagianya️,1874171838735278439,,tinedumpie,in,,0,1,0,https://x.com/tinedumpie/status/1874171838735278439,1406926514461966339,tinedumpie
1873926391072518507,Tue Dec 31 19:12:38 +0000 2024,0,@ckpsbry Sedih bgt nih tahun baru gaada money,1874171827565846872,,ckpsbry,in,,0,0,0,https://x.com/Hannycornelia_/status/1874171827565846872,1433086957089820673,Hannycornelia_
1874171807617736993,Tue Dec 31 19:12:34 +0000 2024,0,GWE FRUSTASI MAEN PLATEUP KALAH MULU https://t.co/JWNKFAaYHY,1874171807617736993,https://pbs.twimg.com/media/GgJlU7cbYAAobgP.jpg,,in,,0,0,0,https://x.com/piaurrr/status/1874171807617736993,1594600336341114880,piaurrr
1874004303775662143,Tue Dec 31 19:12:23 +0000 2024,0,@penguinkayang Sedih banget gasih,1874171764890284452,,penguinkayang,in,"Swissvale, PA",0,0,0,https://x.com/suneokurus/status/1874171764890284452,1752313570824785920,suneokurus
1874171762562523470,Tue Dec 31 19:12:23 +0000 2024,2,benci bgt guee nemu vt bahas sky sedih gara-gara nani tahun baruan sama pacarnya,1874171762562523470,,,in,AU's,0,8,1,https://x.com/skywcngravee/status/1874171762562523470,1846259417953783808,skywcngravee
1874171753964216491,Tue Dec 31 19:12:21 +0000 2024,0,xavier pas gue galau kemaren gue main savier skin jamet sambil dengerin lagu jkt48 sampe abang gue kupingnya mbledos,1874171753964216491,,,in,Pelican Town,0,0,0,https://x.com/pictaschio/status/1874171753964216491,889337444822245376,pictaschio
1873912554562740370,Tue Dec 31 19:12:18 +0000 2024,0,@Tan_Mar3M Ahh tesdy caleg gagal dari partai nol kilometer ,1874171742622748737,,Tan_Mar3M,in,"Kemayoran, DKI Jakarta",0,0,0,https://x.com/Lanoko_/status/1874171742622748737,716413710,Lanoko_
1874171740814979299,Tue Dec 31 19:12:18 +0000 2024,2, kamuu tau gak sekarang banyak banget author jaemsung yang Hiatus aku sedih banget kek penyemangat aku tuh dah hilang tapi aku bersyukur banget kamu masih u... nderr huhuu #tellonym https://t.co/AtEkJ5uxmM,1874171740814979299,,,in,JS world,0,0,0,https://x.com/keikaiko/status/1874171740814979299,1695432574502653952,keikaiko
1874165768914690092,Tue Dec 31 19:12:09 +0000 2024,0,@hayerira Gatau juga nay vibes nya sedih aj,1874171706128162856,,,in,"DKI Jakarta, Indonesia",0,0,0,https://x.com/Anafiwahyup/status/1874171706128162856,1181627034251849728,Anafiwahyup
1874171412417810892,Tue Dec 31 19:10:59 +0000 2024,0,Sama bgttt dulu pernah di ludahin di pukul pake sapu lidi sampai berdarah di pukul sapu ijuk sampai patah bahkan di tololin di anjingin depan banyak orang cuma gara gara hal sepele yang sampai akhirnya pernah periksa kejiwaan dan ternyata dokternya bilang gua depresi,1874171412417810892,,,in,,0,1,0,https://x.com/haechanahceahuy/status/1874171412417810892,1426255402308493314,haechanahceahuy
1874171399985823910,Tue Dec 31 19:10:56 +0000 2024,0,Kecewa,1874171399985823910,,,in,"Bogor, Jawa Barat",0,0,0,https://x.com/giiitar/status/1874171399985823910,2286354811,giiitar
1874171382327885842,Tue Dec 31 19:10:52 +0000 2024,0,musim ini aja kecewa apa lagi musim depan fi,1874171382327885842,,,in,"Manchester, England",0,0,0,https://x.com/jejerimex_/status/1874171382327885842,1525333695409684481,jejerimex_
1874171376166461560,Tue Dec 31 19:10:51 +0000 2024,1,seriously gue beneran berterima kasih banyak banyak kepada semua teman-teman yg baik sama gue apalagi selalu ngajak ataupun ngebantuin dalam hal apapun . kaya I've been through it all alone but sometimes cape cape sendirian terus,1874171376166461560,,,in,,0,0,0,https://x.com/tokkyiez/status/1874171376166461560,1719728255912267776,tokkyiez
1874171362945990989,Tue Dec 31 19:10:48 +0000 2024,0,sedih kak neida udah bener bener keluar hivi ️,1874171362945990989,,,in,,0,0,0,https://x.com/httpslalak/status/1874171362945990989,1760334499110699008,httpslalak
1874014298395336937,Tue Dec 31 19:10:37 +0000 2024,0,@iyasayangiyah_ Aduh sedih amat,1874171320461910502,,iyasayangiyah_,in,"Villedieu-sur-Indre, France",0,0,0,https://x.com/piikaphile/status/1874171320461910502,3278597606,piikaphile
1874171294008381475,Tue Dec 31 19:10:31 +0000 2024,0,sedih bgt anj️️,1874171294008381475,,,in,"East Borneo, Indonesia",0,0,0,https://x.com/happiyoo/status/1874171294008381475,1296355105529200641,happiyoo
1874123409409343949,Tue Dec 31 19:10:26 +0000 2024,0,@convomf Mungkin kemaren2 terlalu erat kali nder mungkin longgarin dikit sambil pasrah wkwkwk turunin ekspektasi. Semoga yang terbaik,1874171271912767926,,convomf,in,,0,0,0,https://x.com/tuyulsambat/status/1874171271912767926,1773675197822078976,tuyulsambat
1874171260303008075,Tue Dec 31 19:10:23 +0000 2024,1,sedih ya ,1874171260303008075,,,in,👨🏻‍🚀,0,0,0,https://x.com/kedaikejepit/status/1874171260303008075,1429995171760857092,kedaikejepit
1874163559212707897,Tue Dec 31 19:10:22 +0000 2024,0,meme tidak ada kata menyerah semua ini kulakukan untuk mamah https://t.co/5ElS2DCCMj,1874171254766440475,https://pbs.twimg.com/media/GgJk0ubbsAAImt6.jpg,terimakazi,in,,0,1,0,https://x.com/terimakazi/status/1874171254766440475,1796167258756284416,terimakazi
1874171252459602142,Tue Dec 31 19:10:21 +0000 2024,0,Sedih baca2in org pake kalimat terakhir abs itu leave group chat :((( (budayanya emg gt),1874171252459602142,,,in,,0,0,0,https://x.com/Steppppsj/status/1874171252459602142,1212894012408922112,Steppppsj
1874164366603698546,Tue Dec 31 19:10:08 +0000 2024,1,@pxieta semangat bro kamu (literally) sendirian ,1874171196981551527,,pxieta,in,,0,0,0,https://x.com/bread_clover/status/1874171196981551527,1487902993,bread_clover
1874024634561294501,Tue Dec 31 19:10:06 +0000 2024,0,@siamaww Jangan sampai terpuruk karna keadaan yaa,1874171189738025190,,siamaww,in,"Banten, Indonesia",0,0,0,https://x.com/oboytweet/status/1874171189738025190,1819776453640388608,oboytweet
1874171189595160689,Tue Dec 31 19:10:06 +0000 2024,7, siapa di sini yg gasuka/benci suara kembang api? entah kenapa aku tiap denger pasti merasa gelisah dan ini tiap tahun selalu kyk gini :)) and i hate it sm,1874171189595160689,,,in,,1,7,1,https://x.com/convomf/status/1874171189595160689,1314975287294083073,convomf
1874171099426283721,Tue Dec 31 19:09:45 +0000 2024,1,1 to 365 Aku mengakhiri tahun 2024 dengan kesendirian tubuhku lelah pikiranku memikirkannya hatiku mengharapkannya aku ingin keinginanku itu kenyataan bukan khayalan Semoga hari esok ada kabar baik hehehehe https://t.co/hPrWKmXroa,1874171099426283721,https://pbs.twimg.com/media/GgJkrPMbYAI66A_.jpg,,in,,0,0,0,https://x.com/RyoAnl/status/1874171099426283721,2601243757,RyoAnl
1874171081977979092,Tue Dec 31 19:09:41 +0000 2024,3,sudut tempat janji jiwa yang punya berbagai banyak cerita menyenangkan &amp; menyedihkan dari setiap ada masalah selalu duduk disini sendirian belajar ujian sama temen temen disini ngomongin hal random disini nugas disini bahkan first date disini️ https://t.co/vtjE90lTTV,1874171081977979092,https://pbs.twimg.com/media/GgJkqnGaAAAzu0P.jpg,,in,fisip gensoed²⁴,0,0,0,https://x.com/beblibies/status/1874171081977979092,1758034072889446400,beblibies
1874170332673958095,Tue Dec 31 19:06:42 +0000 2024,0,2024 Dari mulai seneng sedih nangis sampe gabisa nangis udh aku lewati. Dari anak ekstrovert parah sampe jadi introvert bahkan buat ngobrol sm org lain sampe gemeter kaku pol juga udah aku lewati. Makasih yaa udah bertahan sampe ganti tahun️️,1874170332673958095,,,in,,0,0,0,https://x.com/nutriboost28/status/1874170332673958095,1215541032848220160,nutriboost28
1874170055875059983,Tue Dec 31 19:06:40 +0000 2024,0,sebenarnya aku 2024 juga udah mulai penyendiri tapi tahun ini aku mau lebih sendiri gpp sedih sendiri apa apa sendiri yg penting banyak duitnya aja,1874170323178054011,,whoreteadly,in,she / her ,0,0,0,https://x.com/whoreteadly/status/1874170323178054011,103767787,whoreteadly
1874170311568220472,Tue Dec 31 19:06:37 +0000 2024,0,2024 sedih lepasinnya krn jadi tahun terakhir ketemu mamiq cuy.,1874170311568220472,,,in,,0,0,0,https://x.com/kriadatul/status/1874170311568220472,1374733675095412741,kriadatul
1874165141107073271,Tue Dec 31 19:06:37 +0000 2024,0,@Teisya04 Lelah juga ,1874170310574170518,,Teisya04,in,Mars,0,0,0,https://x.com/characterghibli/status/1874170310574170518,1076905933127598081,characterghibli
1874153109142069476,Tue Dec 31 19:06:36 +0000 2024,0,@CaanaaNt lakuin apa yg buat mu nyaman &amp; bahagia syg jgn paksakan hal yg buat mu jauh dr 2 hal itu kalau udh prnh gagal/luka gpp ambil pljrn utk kedepannya spy lbh bisa &amp; kuat sm pilihan sndiri krn kalau bkn diri sendiri yg mulai &amp; kuat mau sapa lg? disini we lov u btw piniwyerr sygg!!,1874170309097775143,,CaanaaNt,in,,0,1,0,https://x.com/mlv_ny/status/1874170309097775143,1555564722010742784,mlv_ny
1873985526182941020,Tue Dec 31 19:06:27 +0000 2024,0,@moraelx kan sedih bgt ya :(,1874170272330494105,,moraelx,in,,0,0,0,https://x.com/textfor_/status/1874170272330494105,1317236826273312769,textfor_
1874166519946703020,Tue Dec 31 19:06:21 +0000 2024,0,Ketika semua terasa begitu stabil satu pemicu distraksi ini sangat mengganguku. Rasa khawatir dan cemas meliputiku. Begitu pula dengan penyesalan dan kekecewaan. Perasaan ini akan kucoba untuk menerimanya dan kemudian berdamai dengannya.,1874170245646348676,,kieran_kiev,in,,0,1,0,https://x.com/kieran_kiev/status/1874170245646348676,1259477675061637120,kieran_kiev
1874170224590938256,Tue Dec 31 19:06:16 +0000 2024,0,di tahun yang sangat plot twist ini but thanks 2024. banyak lika-liku bahagia sedih semuanya campur jadi satu but is okay dan makasih masih waras ya sher https://t.co/tQ1oO2hhrN,1874170224590938256,https://pbs.twimg.com/media/GgJj4vIbMAAObIE.jpg,,in,exoplanet,0,1,0,https://x.com/finestardustt/status/1874170224590938256,1848010159743975424,finestardustt
1874170208270901347,Tue Dec 31 19:06:12 +0000 2024,0,Mendekati hari ulang tahun bukannya excited atau bersuka cita tapi malah takut panik sedih bahkan anxiety sampe mual2 pengen muntah :',1874170208270901347,,,in,,0,0,0,https://x.com/rebeluv__/status/1874170208270901347,1249295392115544064,rebeluv__
1874170192458391861,Tue Dec 31 19:06:10 +0000 2024,0,10. menabung (iya 2x ditulis karena penting) 11. tidak stres 12. belajar yang bener sekian terima kasih ,1874170197499920506,,anaabolisme,in,,0,0,0,https://x.com/anaabolisme/status/1874170197499920506,1695388186405634049,anaabolisme
1874170196338106484,Tue Dec 31 19:06:09 +0000 2024,0,kak aku mau marah sama si agam itu apa boleh? KONTOL AH SEDIH BGT boleh sini marahin #dpren https://t.co/IjBKBJMdeV,1874170196338106484,,,in,RPS🔞 - sungjake,0,0,0,https://x.com/svnjkerash/status/1874170196338106484,1387258648242524160,svnjkerash
1874170187114774679,Tue Dec 31 19:06:07 +0000 2024,0,2024 kalo gak bareng tegar kayanya stres sih aku,1874170187114774679,,,in,,0,0,0,https://x.com/madebyh0ney/status/1874170187114774679,1441299299023745026,madebyh0ney
1874170096681386110,Tue Dec 31 19:05:46 +0000 2024,0,Liburan bisa bantu kamu melepaskan rasa penat dan membangkitkan semangatmu untuk kembali bekerja. Nggak perlu sedih dan menahan-nahan diri untuk berangkat liburan kamu bisa kok menyiasati hal tersebut dengan cara liburan smart asik tapi tetap hemat. Simak tips berikut https://t.co/ZrShcV5Jkh,1874170096681386110,https://pbs.twimg.com/media/GgJjsNKaEAAoAom.jpg,,in,Kuta Bali,0,0,0,https://x.com/infombg/status/1874170096681386110,154431162,infombg
1873995223120175446,Tue Dec 31 19:05:44 +0000 2024,0,@jeanwoopy aku... mau... photoism.... juga.... sedih bgt dideket dom ku blm ada ,1874170090851361012,,jeanwoopy,in,jeongwoo's heart! ⭐🌹,0,1,0,https://x.com/jwoosjoo/status/1874170090851361012,1530630552453525504,jwoosjoo
1874169925020926019,Tue Dec 31 19:05:41 +0000 2024,0,@convomf sedih gabisa puasa:(,1874170076209008782,,convomf,in,cyber,0,0,0,https://x.com/melowdive/status/1874170076209008782,1412431734080110592,melowdive
1874170062539731412,Tue Dec 31 19:05:37 +0000 2024,0,stres ngapain pangku,1874170062539731412,,,in,21+,0,0,0,https://x.com/leecaatss/status/1874170062539731412,1283520060166860800,leecaatss
1874169691742380421,Tue Dec 31 19:04:09 +0000 2024,0,itnaa miss kar rha hun usko ,1874169691742380421,,,in,,0,0,0,https://x.com/Stres___/status/1874169691742380421,1119664449722421248,Stres___
1874169690995745040,Tue Dec 31 19:04:09 +0000 2024,0,Sedih banget kalo boleh jujur boy.,1874169690995745040,,,in,🦋,0,0,0,https://x.com/nichiriya/status/1874169690995745040,1282516724013690880,nichiriya
1874169688881811586,Tue Dec 31 19:04:08 +0000 2024,0,sedih gini,1874169688881811586,,,in,,0,0,0,https://x.com/aldhpp/status/1874169688881811586,1179497827543633920,aldhpp
1874169654383706518,Tue Dec 31 19:04:00 +0000 2024,13,tahun baru yang sedih tapi gapapa insya Allah tahun ini akan lebih baik aamiin,1874169654383706518,,,in,minor/02 voter dni dnf,0,2,0,https://x.com/milkiewaygalaxy/status/1874169654383706518,2160124040,milkiewaygalaxy
1874169616056148288,Tue Dec 31 19:03:51 +0000 2024,0,Dibawa sejauh ini hanya untuk gagal. Kata gue TAI TAI TAIIIII!!!,1874169616056148288,,,in,0251,0,0,0,https://x.com/rmfzika/status/1874169616056148288,169382940,rmfzika
1874169611052257700,Tue Dec 31 19:03:50 +0000 2024,3,Taun baruan sendirian bisa??? Ya bisa lah walaupun didepan ada yang kopelan dalem hati mewek wkwk https://t.co/QMyVlGQTHP,1874169611052257700,https://pbs.twimg.com/media/GgJjUbFbYAUBmoU.jpg,,in,"Jakarta Timur, DKI Jakarta",0,1,0,https://x.com/lumbpiagoreng/status/1874169611052257700,4027561218,lumbpiagoreng
1874169597156614434,Tue Dec 31 19:03:47 +0000 2024,0,jiiirr sedih bgt pgn nangis,1874169597156614434,,,in,🩷💜💙,0,0,0,https://x.com/drunk__on__you/status/1874169597156614434,1427360705783615502,drunk__on__you
1874169566391394640,Tue Dec 31 19:03:39 +0000 2024,0,sedih banget sama kabar ini,1874169566391394640,,,in,,0,0,0,https://x.com/ayaalya_/status/1874169566391394640,1030337426974158853,ayaalya_
1873396305453879684,Tue Dec 31 19:03:38 +0000 2024,0,Jadi inti e di tahun 2024 aku punye banyak rintangan sukor e aku bise lewati tantangan² itu same sol.4ce dan solfam Yoon Dahal ku kire aku bakal lewatin tahun 2024 itu dengan kesepian tanpa kau Yoon ato Bangtan eh mereke datang menemani aku Yoon,1874169559701459072,,indah_a0,in,,0,1,0,https://x.com/indah_a0/status/1874169559701459072,1390610940643614728,indah_a0
1874008088401109473,Tue Dec 31 19:03:32 +0000 2024,0,@sweectz yahh sedih malah dapet pahitnya aja,1874169534237823398,,sweectz,in,"Edinburgh, Scotland",0,0,0,https://x.com/cindetr/status/1874169534237823398,1356625718138990593,cindetr
1874169526872662486,Tue Dec 31 19:03:30 +0000 2024,0,jujur kecewa banget sih gw sama psh aktor ngapain sih kaya gitu..,1874169526872662486,,,in,,0,0,0,https://x.com/goldenkoocs/status/1874169526872662486,1308591845098901504,goldenkoocs
1874169494253543859,Tue Dec 31 19:03:22 +0000 2024,0,emg gaenak excited sendirian ajg ga di hargain bgt euyy,1874169494253543859,,,in,,0,0,0,https://x.com/sspiyaa_/status/1874169494253543859,1156149731250196480,sspiyaa_
1873959124490473972,Tue Dec 31 19:03:17 +0000 2024,0,@taqibalqibul 2025 stop jadi org tolol yg excited sendirian ya,1874169474846515623,,taqibalqibul,in,handle by admin,0,0,0,https://x.com/seewrs/status/1874169474846515623,781193176929316864,seewrs
1874169450393723034,Tue Dec 31 19:03:12 +0000 2024,0,buset hindia ada lagu sedih/(beneran sedih ),1874169450393723034,,,in,Tangerang,0,1,0,https://x.com/nathdcx/status/1874169450393723034,1155824041657167872,nathdcx
1873958611036365278,Tue Dec 31 19:02:20 +0000 2024,2,@euchwillbds @irwndfrry Lah justru itu bagian paling pentingnya. Coba liat onana berapa kali dia gagal nge-save bola gampang cuma karena salah positioning,1874169233934082325,,euchwillbds,in,,0,0,0,https://x.com/717_map/status/1874169233934082325,1512395927549788160,717_map
1873958909461094909,Tue Dec 31 19:02:19 +0000 2024,0,@calonsuspend_ ga bsa sedih,1874169231627215285,,calonsuspend_,in,,0,0,0,https://x.com/myhppylittlepil/status/1874169231627215285,1009388234621632512,myhppylittlepil
1873983004357648711,Tue Dec 31 19:02:12 +0000 2024,0,@kejepitmolen rasanya sedih kacau pokoknya campur aduk bgt,1874169202631991381,,kejepitmolen,in,"⠻⠿⣷⣤⣾⣿⠦⠀⠀ Memoir;   𓂃 ࣪˖ ✿ֵࠡ.ુ  Belletic 
⠀⠀⣼⡟⠀⠻⣷⡄⠀ kindergatten  ballet  shoes 
⠀⠜⠛⠁⠀⠀⠹⡇⠀ The Dancing Princess. ୭₊ 𐚈",0,0,0,https://x.com/swanlakqes/status/1874169202631991381,1541555222891204608,swanlakqes
1874169192032944240,Tue Dec 31 19:02:10 +0000 2024,0,Pengen nangis pengen curhat pengen nunjukin sisi lemah gw tp bingung bersandar sama siapa? Gw merasa ga punya siapa2 sekarang gw merasa sendirian,1874169192032944240,,,in,,0,0,0,https://x.com/s_hatikuu/status/1874169192032944240,1434943737143050240,s_hatikuu
1874169176837021902,Tue Dec 31 19:02:06 +0000 2024,0,si gus curhatannya sedih bnget guys https://t.co/vXWzILIQgI,1874169176837021902,https://pbs.twimg.com/media/GgJi7mObYAIE81t.jpg,,in,unlabeled,0,2,0,https://x.com/chaincimc/status/1874169176837021902,1757768955614445568,chaincimc
1874139294975352868,Tue Dec 31 19:02:02 +0000 2024,0,@cnruely iya please sedih bgt,1874169160105906581,,cnruely,in,"I, Sabine Gianna. 🇵🇸",0,0,0,https://x.com/kemorceng/status/1874169160105906581,1790731793571975169,kemorceng
1874169144016572536,Tue Dec 31 19:01:58 +0000 2024,11,sedih ak jlek,1874169144016572536,,,in,"Kota Semarang, Jawa Tengah",0,6,0,https://x.com/alohabitchclubb/status/1874169144016572536,1590307392574455808,alohabitchclubb
1874168275921494095,Tue Dec 31 19:01:54 +0000 2024,0,SEKARANG DI RUTE DAZAI DIREVEAL KALO KENAL RL DAN EMANG UDAH SAMA SAMA SUKA TAPI INGATAN SI MC DIHAPUS ANJIIINGGGG CAPEEKKK CAPEK PANTESAN DAZAI PASRAH DI RUTENYA GYOBU YANG PENTING CEWEKNYA HAPPY WALAUPUN BERAKHIR SAMA COWOK LAIN ANJIIIIIIIIIIIIIIII WOY AH CAPEK,1874169123791605841,,mintochocc,in,,0,1,0,https://x.com/mintochocc/status/1874169123791605841,1758414285674569728,mintochocc
1873920016326012984,Tue Dec 31 19:01:54 +0000 2024,0,@Oupeett Jadi pengen rewatch tapi sedih sama endingnya ,1874169123711889767,,Oupeett,in,,0,0,0,https://x.com/anoonamu/status/1874169123711889767,1735965775960367104,anoonamu
1874144110111842792,Tue Dec 31 19:01:53 +0000 2024,0,Aku ingin kalau seorang RM tau gapapa kalau gagal dan naik turun gak harus naik turun. Dan RM percaya sama timnya. Banyak yang sayang dan menerima RM apa adanya. https://t.co/esRU6k8XC8,1874169121027526797,,royyana1304971,in,,0,1,0,https://x.com/royyana1304971/status/1874169121027526797,1329190524897558530,royyana1304971
1874169093924020527,Tue Dec 31 19:01:47 +0000 2024,0,sedih dikit soalnya udah ga boleh makan pedes lagi,1874169093924020527,,,in,DNF,0,0,0,https://x.com/mrkjnlee/status/1874169093924020527,1438190602022100992,mrkjnlee
1874169088005857575,Tue Dec 31 19:01:45 +0000 2024,0,ya ampun sendirian bgt nih :(,1874169088005857575,,,in,she/her,0,0,0,https://x.com/xevenpetrichor/status/1874169088005857575,1066926757855453184,xevenpetrichor
1874047381538488761,Tue Dec 31 19:01:39 +0000 2024,0,@qxntolqu wow nanti org org pda sedih g yh klo ak meninggal trs ilang dri dunia sosmed ada yg nyariin g yh hm hmm,1874169060570915214,,qxntolqu,in,,0,0,0,https://x.com/fuoosie/status/1874169060570915214,1120357007272202245,fuoosie
1874169036441084340,Tue Dec 31 19:01:33 +0000 2024,0,sebenarnya kalo dapat pesan gini tu sedih banget banget aku juga mauu tapi susahh gabisa bahagia selalu^^ https://t.co/fpGLZ09Tsx,1874169036441084340,https://pbs.twimg.com/media/GgJizklbYAYa4Oh.jpg,,in,,0,0,0,https://x.com/mbiidapaz/status/1874169036441084340,1424969429499006977,mbiidapaz
1874167908945060013,Tue Dec 31 19:01:24 +0000 2024,0,@gasenn_ Mana ada orang galau jam 2 pagi selain lu Sen ,1874168999262773516,,gasenn_,in,"Jakarta Capital Region, Indone",1,0,0,https://x.com/Biyaaa_58/status/1874168999262773516,1346217795067891713,Biyaaa_58
1874168982145818975,Tue Dec 31 19:01:20 +0000 2024,0,alhamdulilah 2024 berhasil ga hamil takut punya anak pas diri sendiri ga bahagia dan masih berjuang buat hidup besok hari. ga pernah sedih belum hamil tapi selalu sedih kalau mikirin punya anak dalam kondisi lingkungan yang toxic.,1874168982145818975,,,in,alam semesta yang ada kamunya,0,0,0,https://x.com/PixieH0o/status/1874168982145818975,321211178,PixieH0o
1874168977121038499,Tue Dec 31 19:01:19 +0000 2024,0,Njir wakakkaa selalu tertampar fakta sama kalimat ini. Posisinya sama lagi. Masa semua orang di sekitar gua udah habis. Tinggal gua sendirian disini menunggu people come or gua yg come ke kehidupan orang. Entah lah siapa yg come tpi yang pasti gua kagak siap klo bakal go lagi,1874168977121038499,,,in,,0,0,0,https://x.com/dhiyaiy72/status/1874168977121038499,3274467104,dhiyaiy72
1874168540061991106,Tue Dec 31 18:59:34 +0000 2024,0,aku kayak apa ya pasrah sm semuanya dibilang udh ikhlas n gak sedih ya pasti boonk gimana sih bisa ngerelain all things u wanted to be ,1874168540061991106,,,in,##★. .  📁  bts love zone,0,0,0,https://x.com/taejocn/status/1874168540061991106,1497575804225548294,taejocn
1874168484357370294,Tue Dec 31 18:59:22 +0000 2024,0,ahhh tapi ceritanya ajdianskamwakam SEDIH COKK tiap karakter di situ punya latar belakang masing masing yg nyess bgt,1874168486009987147,,monodrvm,in,she/her 05L,0,1,0,https://x.com/monodrvm/status/1874168486009987147,1143504825692200962,monodrvm
1874119544312390004,Tue Dec 31 18:59:17 +0000 2024,0,@HomiesSunghoon GW YG SEDIH LIATNYA.,1874168464757444868,,sonderluce,in,"I/VI @티에스위스 | To RP, 2003.",0,0,0,https://x.com/CallerShinyu/status/1874168464757444868,1678286371935621120,CallerShinyu
1874130581908533348,Tue Dec 31 18:59:12 +0000 2024,0,@A_FionyJKT48 baru sehari ce udah menyerah wkwk,1874168444540903853,,A_FionyJKT48,in,Indonesia,0,0,0,https://x.com/ZizKapanGlory/status/1874168444540903853,1664671000028680193,ZizKapanGlory
1874143704384242170,Tue Dec 31 18:59:07 +0000 2024,1,@bukannicoli jangan galau galau lagi ^__^,1874168423468720482,,bukannicoli,in,,0,1,0,https://x.com/cnommon/status/1874168423468720482,194771413,cnommon
1874167015759634928,Tue Dec 31 18:59:02 +0000 2024,0,terkadang berujung pada depresi yang mengakibatkan kurangnya rasa bersyukur atas ambisi yang saya inginkan dan mengorbankan orang-orang yang membantu dan sayang kepada saya hidup terasa hampa karena berkurangnya interaksi sosial. Semoga hamba bisa tabah melalui semua ini.,1874168403432530002,,masihbernafas__,in,Tozuro,0,0,0,https://x.com/masihbernafas__/status/1874168403432530002,1105381741580115969,masihbernafas__
1874168366665249153,Tue Dec 31 18:58:53 +0000 2024,0,guys kekmana caranya biar kucing GAK MANJAT LEMARI gw udah lelah,1874168366665249153,,,in,READ RENTRY BYF. ,0,0,0,https://x.com/scaramiauws/status/1874168366665249153,1621931039437492224,scaramiauws
1874155499270398307,Tue Dec 31 18:58:52 +0000 2024,0,@cnruely oh no gara2 minum kopi atau apa,1874168361724395847,,cnruely,in,july anderson. mdni,0,1,0,https://x.com/julyO__O/status/1874168361724395847,1834876592847544320,julyO__O
1874167670192705958,Tue Dec 31 18:58:51 +0000 2024,0,keluarga gue pada pergi semua dan gue cuma bisa buka ig buka tiktok buka wa dan gue malah merasa makin sedih,1874168357781725363,,untitledboys,in,,0,1,0,https://x.com/untitledboys/status/1874168357781725363,1243475252023193601,untitledboys
1874168336017408116,Tue Dec 31 18:58:46 +0000 2024,0,kek ny gw udh aga jauh ama allah sampe td sholat rajab tb' sedih bgt dr yg byk doain ortu keluarga sama diri sendiri sampe curhat ke allah sampe bingung mau minta apa lagi ke allah ternyata seenk itu yaaa masyaallah ... ️,1874168336017408116,,,in,,0,0,0,https://x.com/someuwv_/status/1874168336017408116,1274613154924736512,someuwv_
1874168314576195678,Tue Dec 31 18:58:41 +0000 2024,0,Aku senang aku sedih malam ini tp aku sungguh sakit mendengar bahwa aku adalah luka.,1874168314576195678,,,in,"Martapura, Indonesia",0,0,0,https://x.com/dailyy177/status/1874168314576195678,1221843340099932160,dailyy177
1874168278412910981,Tue Dec 31 18:58:32 +0000 2024,1,sedih bgt kayaknya IP ku jelek kalo dibandingin sm yg lain.... malu... masih semester 1 dah jelek aj..... https://t.co/nHUY19DIQX,1874168278412910981,https://pbs.twimg.com/media/GgJiHfQbYAE_KQ7.jpg,,in,dnf ,0,0,0,https://x.com/naevalis/status/1874168278412910981,1769751022237528064,naevalis
1874168272566051235,Tue Dec 31 18:58:31 +0000 2024,0,Cepet sembuh cantik sedih bgt liat dia sakit,1874168272566051235,,,in,,0,0,0,https://x.com/heewonseu/status/1874168272566051235,927616494,heewonseu
1873946848442147176,Tue Dec 31 18:58:29 +0000 2024,0,@kataavana Pasrah aja deh,1874168266547224582,,kataavana,in,nvp🥹,0,0,0,https://x.com/4urafl/status/1874168266547224582,1625375131110641669,4urafl
1873926438925279419,Tue Dec 31 18:58:26 +0000 2024,0,@gaenero ga ada bikin sedih,1874168254429880615,,gaenero,in,,0,0,0,https://x.com/myhppylittlepil/status/1874168254429880615,1009388234621632512,myhppylittlepil
1874168234439827657,Tue Dec 31 18:58:22 +0000 2024,0,life4cuts bonek ga dapet tubas ga dapet hadah sedih kali,1874168234439827657,,,in,eng/indo : student : she/her💫,0,1,0,https://x.com/ilyouphoriaa/status/1874168234439827657,1306521893931945984,ilyouphoriaa
1874134033430663291,Tue Dec 31 18:58:17 +0000 2024,0,@StefanAntonio__ @jokowi Wkkk gagal maning son,1874168216521760836,,StefanAntonio__,in,,0,0,0,https://x.com/wahyonoisnaeni1/status/1874168216521760836,1023955650307452928,wahyonoisnaeni1
1874168215456346151,Tue Dec 31 18:58:17 +0000 2024,0,ternyata dinas di malam tahun baruan tu sedih banget dtmbh doi milih buat tidur cepet pdhl tiap tahun selalu barengan:'),1874168215456346151,,,in,"South Sumatra, Indonesia",0,0,0,https://x.com/imsnrh_/status/1874168215456346151,1237184239054905345,imsnrh_
1874003480664563888,Tue Dec 31 18:53:49 +0000 2024,0,@Melly_Fahmaa Harus bangkit yaa pokoknya jangan sedih,1874167090686652888,,Melly_Fahmaa,in,"Bogor Barat, Indonesia",0,0,0,https://x.com/hallomay__/status/1874167090686652888,1055785871142608896,hallomay__
1870286696765632684,Tue Dec 31 18:53:42 +0000 2024,0,@shentrickyy EMANG UDAH GALAU,1874167062677119469,,shentrickyy,in,ZP9 | Arka's ᯓᡣ𐭩 ,0,1,0,https://x.com/zhxnghaow/status/1874167062677119469,763708586958675968,zhxnghaow
1874167013779923264,Tue Dec 31 18:53:31 +0000 2024,0,sedih bgt ih bacain ceritanya lusib,1874167013779923264,,,in,,0,0,0,https://x.com/jieeelin/status/1874167013779923264,1388063748837961732,jieeelin
1873735825566969961,Tue Dec 31 18:53:30 +0000 2024,0,@convomf Gue katain biar dia ngerasa bersalah gue nasehain tp kl masih lanjut terus udah gue bodo amatin aja. Mau dia hamil putus bunting trs di tinggal pacarnya ketahuan emak bapaknya gue ga perduli dan ga bakal gue bantu mau dia nangis nangis sekalipun ogah,1874167010667749528,,convomf,in,,0,1,0,https://x.com/roomambat/status/1874167010667749528,1566389396177268736,roomambat
1874167006771240997,Tue Dec 31 18:53:29 +0000 2024,0,sedih banget udah mau tamat hari selasa aku ngapain dong,1874167006771240997,,,in,she/her,0,0,0,https://x.com/felixefelicis/status/1874167006771240997,1511491869003644929,felixefelicis
1873892563142533437,Tue Dec 31 18:53:28 +0000 2024,0,@ino_wilmac Sedih banget sih,1874167004019802487,,ino_wilmac,in,,0,0,0,https://x.com/bntkh__/status/1874167004019802487,1002745014680576000,bntkh__
1874044826033025085,Tue Dec 31 18:53:26 +0000 2024,0,@coppamagz Ya ampun sedih bgt jg. Terakhir dpt hate karena terlalu gemuk. Terus kurus ternyata ada tersembunyi kahh.. Cepet sembuh cantikkk,1874166994628690213,,coppamagz,in,,0,0,0,https://x.com/cillysauce/status/1874166994628690213,98795208,cillysauce
1874166945702174947,Tue Dec 31 18:53:14 +0000 2024,1,hampa,1874166945702174947,,,in,Yogyakarta ,0,0,0,https://x.com/minorloverr/status/1874166945702174947,938153142,minorloverr
1873820159368192151,Tue Dec 31 18:53:12 +0000 2024,0,@kayyisa__ Pantangan menyerah yaa kawan,1874166934834720818,,kayyisa__,in,,0,0,0,https://x.com/ariefatmojo_/status/1874166934834720818,155862578,ariefatmojo_
1874166806421921994,Tue Dec 31 18:52:41 +0000 2024,0,Benci bgt nemu postingan tahun 2000 ternyata jaraknga udah 25 tahun ke 2025 dan jaraknya sama kayak ke 2050. Jadi ga tenang karena jd takut menua dan takut org tua menua :( jd cemas bgt sama tahun baru. Semoga ortu bahagia terus semoga aku ga nyusahin mereka :(,1874166806421921994,,,in,,0,0,0,https://x.com/dibidubidabidu/status/1874166806421921994,2362655545,dibidubidabidu
1874166805654335699,Tue Dec 31 18:52:41 +0000 2024,0,Gak jadi naik padahal udah pedes mata bacain memonya kemaren Negara aja galau apalagi rakyatnya https://t.co/i8HiyRy5B7,1874166805654335699,https://pbs.twimg.com/ext_tw_video_thumb/1874089453121384448/pu/img/qhYfJapoD5VL_OHr.jpg,,in,,0,0,0,https://x.com/lurker_army/status/1874166805654335699,940032320899186688,lurker_army
1874165017840611449,Tue Dec 31 18:52:40 +0000 2024,9,@koh_acuk syitmen (kecewa) sebagai gantiny mending main codm,1874166799971082673,,koh_acuk,in,,0,1,0,https://x.com/carlieilrac/status/1874166799971082673,1632029080072916993,carlieilrac
1873886739791806507,Tue Dec 31 18:52:39 +0000 2024,0,@dwumbass Masih sedih klo sadar kita udh seasing ini skrg,1874166796951183882,,dwumbass,in,handled by 2 admins,0,0,0,https://x.com/biscofq/status/1874166796951183882,2266726718,biscofq
1873796511316009449,Tue Dec 31 18:52:28 +0000 2024,0,@neesfd Ga enak banget soalnya kalau diabaikan ,1874166751728144771,,neesfd,in,,0,0,0,https://x.com/Silfinov/status/1874166751728144771,1784263084997316608,Silfinov
1874166749379387751,Tue Dec 31 18:52:28 +0000 2024,0,gapernah se mellow ini pas taun baru. gatau kenapa sedih aja ninggalin 2024 pdhl di 2024 juga banyakan sedihnya dripada senengnya,1874166749379387751,,,in,,0,0,0,https://x.com/buubuubaaba/status/1874166749379387751,935437158185295872,buubuubaaba
1874016530285154811,Tue Dec 31 18:52:22 +0000 2024,0,@HomiesXiaoting Apartemen sendirian juga enak tau Dd! Meskipun bisa kerasa sepi sih kadang...,1874166725568348210,,HomiesXiaoting,in,,0,1,0,https://x.com/StampKarina16/status/1874166725568348210,730005363920019458,StampKarina16
1874163523045253593,Tue Dec 31 18:50:19 +0000 2024,0,@adindansp Mbaknya udah terlalu lelah menunggu sambil berdiri sama ngasuh anaknya terus emang crowded banget minim ruang buat nafas eh tumbang deh,1874166212252602498,,adindansp,in,"Bogor, Jawa Barat",0,1,0,https://x.com/cokelatmannis/status/1874166212252602498,630077476,cokelatmannis
1874166211120160882,Tue Dec 31 18:50:19 +0000 2024,0,sedih kita senang senang disini taun baruan di palestina masih dijajah @Israel kontol,1874166211120160882,,,in,home... im home.,0,0,0,https://x.com/FrankOcehan/status/1874166211120160882,1560200992464859136,FrankOcehan
1874166210163875895,Tue Dec 31 18:50:19 +0000 2024,0,sedih bangeett :(( get well soon sweetie!,1874166210163875895,,,in,𐙚࣪ ׅ ˓ ⊹ ๑ _ ๑ ,0,0,0,https://x.com/iKidttens/status/1874166210163875895,1498321683752812550,iKidttens
1874106393411936357,Tue Dec 31 18:50:19 +0000 2024,0,@wiciskarena HAHAHHA IYA LAGI GW MASIH INGET BANGET KAYA PAS ABIS KETEMU IPEH KAN TERUS KOK INI SYP AKUN GEMBOKAN FOLLOW GW gw kira gak bakal diacc tauuu wkkwkw alay banget gw sempet sedih sampe mau dm hai ini siapa ya? boleh follback nya? ,1874166209262027229,,wiciskarena,in,"⠀    ⠀⠀❛⠀⠀𝟤𝟢𝟣𝟩,⠀ “𝖱𝖾𝗉𝗎𝗍𝖺𝗍𝗂𝗈𝗇 𝖢𝗁𝖺𝗆𝖻𝖾𝗋.”
⠀⠀˹⠀𝖼𝗁𝗈𝗋𝖺𝗅𝖾,  {𝖭-𝟣𝟢} ￤ 𝐅𝐢𝐫𝐞 𝐆𝐨𝐝𝐝𝐞𝐬𝐬⠀—
⠀⠀⏝⎯ ⠀⊹ 𓆗 ⊹⠀⎯⏝ ⠀   ⠀Legendary!",0,1,0,https://x.com/americansglory/status/1874166209262027229,2301183712,americansglory
1874049767829090342,Tue Dec 31 18:50:17 +0000 2024,0,@lullabiezx kecewa ga tgl 1 by,1874166199837483400,,lullabiezx,in,,0,0,0,https://x.com/berloeufallplay/status/1874166199837483400,1541213578287775746,berloeufallplay
1874027253157581077,Tue Dec 31 18:50:16 +0000 2024,0,@yqemiko LU JANGAN GT ANJIR GW SEDIH BENERAN ANJIRRR ,1874166198491111874,,yqemiko,in,"⠀⠀  '𝟐𝟖 ⏐ In this  ethereal  palace, time seems
⠀⠀⎯⎯   stilled her love for Aventurine knows
⠀⠀no bounds. She wanders, heart full o’ love.",0,0,0,https://x.com/avevnturine/status/1874166198491111874,1018194470645297152,avevnturine
1874143327681208342,Tue Dec 31 18:50:11 +0000 2024,0,@perthcanta Setujuuuu...cinta setara itu indah bangat...lu nngak rasa capek sendirian,1874166176890445937,,perthcanta,in,🇲🇾,0,1,0,https://x.com/fehadoyoungie/status/1874166176890445937,1675409427237867521,fehadoyoungie
1874166171529855017,Tue Dec 31 18:50:10 +0000 2024,16, tahun baru no galau galau klub ayo reply lagu indo kasmaran andalan kalian https://t.co/I8CGcmh0cJ,1874166171529855017,https://pbs.twimg.com/media/GgJgMzuXUAAo5qk.jpg,,in,,0,14,1,https://x.com/convomf/status/1874166171529855017,1314975287294083073,convomf
1874046439158145046,Tue Dec 31 18:50:08 +0000 2024,0,@circuw Tapi knpaa gagal yaa,1874166165976813655,,circuw,in,"Bali, Indonesia",0,0,0,https://x.com/elynedanica/status/1874166165976813655,454040802,elynedanica
1874028021650432293,Tue Dec 31 18:50:04 +0000 2024,0,@SUNGH00Nmain WKWKWK STRES,1874166148989935724,,ruiprawiraharja,in,𝒜diwardhana (4/7),0,0,0,https://x.com/zheannasya/status/1874166148989935724,1795650307067944960,zheannasya
1873920367427019112,Tue Dec 31 18:50:03 +0000 2024,0,@aviahtion sedih bgt anjir,1874166142522237122,,aviahtion,in,"Jawa Timur, Indonesia",0,0,0,https://x.com/ahcegil/status/1874166142522237122,1395612149263732737,ahcegil
1874133595092378060,Tue Dec 31 18:49:59 +0000 2024,2,@galat3aa Lapor blm tercapai sir. Banyak sedih banyak kecewa banyak mengecewakan banyak remuk banyak kehilangan aneh deh. Lain kali cuma mau nggak jatuh ke lubang yang sama aja sir kesian org2 sekitar.,1874166128286847249,,galat3aa,in,"Ciputat, Indonesia",0,0,0,https://x.com/po0kiemark/status/1874166128286847249,1802118112223145984,po0kiemark
1874166117465575511,Tue Dec 31 18:49:57 +0000 2024,0,satu resolusi sudah gagal pada 00.05 saksi : ajan saya akan denda 10rb,1874166117465575511,,,in,,0,1,0,https://x.com/penelopagee/status/1874166117465575511,1852044645150461952,penelopagee
1874140674318360879,Tue Dec 31 18:49:53 +0000 2024,1,@nachaeee happy ur day kak na! wish u all the best love ‍️ bahagia selalu yaa . . semoga tahun ini dikitt sedih sedihnya semoga kamu selalu dikelilingi orang² baik ya kak &lt;33 be happy cayangkuu u deserve to be happy! timaaci uda kuat sampai sekarang. https://t.co/sHyeNANEAv,1874166101309034978,https://pbs.twimg.com/tweet_video_thumb/GgJgIN0bYAEhFKD.jpg,nachaeee,in, ⋆.˚ heejakesunwon heart ,0,1,0,https://x.com/jjungwoniebuns/status/1874166101309034978,1809440734178865155,jjungwoniebuns
1874166098742174029,Tue Dec 31 18:49:52 +0000 2024,0,2025 ga boleh galau galau ya by https://t.co/fFDFJzxsJS,1874166098742174029,,,in,,0,0,0,https://x.com/kecilxz/status/1874166098742174029,1670282584251863040,kecilxz
1874166096082960795,Tue Dec 31 18:49:52 +0000 2024,0,knp sedih bgt y kek kosong,1874166096082960795,,,in,,0,0,0,https://x.com/welcomebackpt3/status/1874166096082960795,1260064489761693696,welcomebackpt3
1874166064206254566,Tue Dec 31 18:49:44 +0000 2024,0,Kosong Hampa 2025 hanya berharap kita bisa berdamai Dan biarlah waktu yg menjawab kelanjutannya,1874166064206254566,,,in,,0,0,0,https://x.com/slngkuhitunyata/status/1874166064206254566,1656938143302696961,slngkuhitunyata
1874166031201296890,Tue Dec 31 18:49:36 +0000 2024,0,gua pun bingung tapi sedih sih,1874166031201296890,,,in,guoz,0,0,0,https://x.com/tadeanz/status/1874166031201296890,1242019862978822145,tadeanz
1874151087219105913,Tue Dec 31 18:49:34 +0000 2024,0,@babyvanillaaa Sedih mulu km,1874166021638299886,,babyvanillaaa,in,,0,0,0,https://x.com/ispazon/status/1874166021638299886,1479864726611922944,ispazon
1874055743240130940,Tue Dec 31 18:49:31 +0000 2024,0,@Gerindra menuju Indonesia cemas,1874166010800226399,,Gerindra,in,,0,0,0,https://x.com/PuspitaSub59679/status/1874166010800226399,1809107945743134723,PuspitaSub59679
1873024423344984540,Tue Dec 31 18:49:27 +0000 2024,0,ga di komun denda juga ga ya? eh masih 31 des motifnya sama mulu w cape dan lelah bacanya,1874165990990520801,,sirupbuah,in,,0,1,0,https://x.com/sirupbuah/status/1874165990990520801,1578292285325729792,sirupbuah
1874165980311769350,Tue Dec 31 18:49:24 +0000 2024,0,@salontpas kakak gue! apapun yang terjadi di 2024 mari kita maafin diri sendiri dan jadi lebih baik kedepannya! jangan sedih lagi ayo kita nonton konser lagi aseeeekkkkkk https://t.co/S4SbMNFznE,1874165980311769350,https://pbs.twimg.com/media/GgJf9HBaQAAwBtc.jpg,,in,,0,0,0,https://x.com/smeungin/status/1874165980311769350,2653833840,smeungin
1874165978772488621,Tue Dec 31 18:49:24 +0000 2024,0,Tiba tiba nonton maliqqq trus di lale nengok sedetik dan senyum pas dipanggill sedikit mengobati rasa kecewa beberapa hari iniii piiinuyerrrr warga wargiiu https://t.co/7gtOouu3UC,1874165978772488621,https://pbs.twimg.com/ext_tw_video_thumb/1874165950981038084/pu/img/u2uotTYC_mEpwNyR.jpg,,in,,0,0,0,https://x.com/nanunarat/status/1874165978772488621,1111105100511010816,nanunarat
1874165948414140916,Tue Dec 31 18:49:17 +0000 2024,0,gw di satu sisi emang kesepian banget hampa karna gw gapunya siapa siapa tapi gw juga gamau kalo smp buang waktu gw sama cowo yg gajelas,1874165948414140916,,,in,,0,0,0,https://x.com/svanasar/status/1874165948414140916,1755965340662788096,svanasar
1874165944068854056,Tue Dec 31 18:49:16 +0000 2024,0,Antara sedih dan bahagia ,1874165944068854056,,,in,homophobic dni | GUNVIN MANIA‼,0,0,0,https://x.com/wookgihwan/status/1874165944068854056,1547594548653993984,wookgihwan
1874165934312874236,Tue Dec 31 18:49:13 +0000 2024,1,Udah gagal no more tears 2025 wkwkwkkwwkkwwkkwkwkwkw,1874165934312874236,,,in,,0,0,0,https://x.com/unsaidncel/status/1874165934312874236,1735263509724930048,unsaidncel
1874165909029589316,Tue Dec 31 18:49:07 +0000 2024,0,Setelah sekian tahun lamanya di malam tahun baru ga kemana mana paling di rumah doang mlm tahun baru 2025 ini karna pen ngrasain suasana tahun baru di tengah² keramaian dan ya seperti biasa pergi sendirian ga ada kenal siapapun tapi malah asikk jadi bebas ,1874165909029589316,,,in,,0,0,0,https://x.com/ad_lutvi/status/1874165909029589316,1220516314592108544,ad_lutvi
1874029011070062603,Tue Dec 31 18:49:04 +0000 2024,0,@deviilworkk SPEECHLESS SEDIH BNGT BINGUNG MAU NAHANNYA GMN ,1874165897293926543,,deviilworkk,in, 태국,0,0,0,https://x.com/taekooksarangae/status/1874165897293926543,1643926246706008070,taekooksarangae
1874165896631247240,Tue Dec 31 18:49:04 +0000 2024,0,gapapa alay gue beneran sedih banget kocak ,1874165896631247240,,,in,pengaduan 👉🏻,0,0,0,https://x.com/meliiodas/status/1874165896631247240,1336690284126584832,meliiodas
1873967842074517899,Tue Dec 31 18:49:04 +0000 2024,0,@hayiyaya32 wkwk udah pasrah yaa,1874165895108714510,,hayiyaya32,in,,0,0,0,https://x.com/alfamarl/status/1874165895108714510,878640317938978817,alfamarl
1874165885986103702,Tue Dec 31 18:49:02 +0000 2024,0,Lebih ke.. kecewa aja... kenapa nggak bilang aja ya? Selama dia nahan pengen udahan berarti ngejalanin hubungannya kayak terpaksa dong..,1874165885986103702,,,in,,0,0,0,https://x.com/CallerGyuvin/status/1874165885986103702,1734110707141230592,CallerGyuvin
1874165863202562428,Tue Dec 31 18:48:56 +0000 2024,0,tahun baru yg gagal karna bsd macet sekali,1874165863202562428,,,in,,0,0,0,https://x.com/4__faa/status/1874165863202562428,1773578930982993920,4__faa
1873980072115552526,Tue Dec 31 18:48:53 +0000 2024,0,@cxllquery cemas banget deh ya kadang,1874165850774831179,,cxllquery,in,,0,0,0,https://x.com/susahmiskin___/status/1874165850774831179,1709043483548471296,susahmiskin___
1874165847331397998,Tue Dec 31 18:48:52 +0000 2024,5,Selain masalah klasik BPJS yang 'gagal' membuat pengguna mandiri buat bayar rutin ke BPJS (terutama orkay). Ya masalah lainnya ya ini. Kualitas dan jumlah faskes tingkat satu yang gak merata. Masih banyak daerah yg satu kecamatan cuman punya satu puskesmas itu juga petugas dan,1874165847331397998,,,in,Jakarta,0,0,4,https://x.com/fmuchtaar/status/1874165847331397998,1716116207424966656,fmuchtaar
1874165845095833774,Tue Dec 31 18:48:52 +0000 2024,0,Gapapa sedih gapapa masih blm ikhlas tapi nanti jangan ada yg ngeraguin leader baru ga bisa apa² yaa smuanya hebat kok yakin smuanya bisa jangan sampe ngejatuhin yg lain cma krna blm ikhlas dan bener² ga terima ya ,1874165845095833774,,,in,,0,0,0,https://x.com/jencasie/status/1874165845095833774,1426110747105398790,jencasie
1874165655530062198,Tue Dec 31 18:48:07 +0000 2024,0,Gagal berpikir paling engga masuk akal. Jauh dari realita karena kenyataannya memang ani-ani engga ada gunanya. Apa yang kalian harapkan dari orang-orang yang menghacurkan keluarga dan masa depan istri sah serta anak-anaknya.,1874165655530062198,,,in,,0,1,0,https://x.com/krzmm_/status/1874165655530062198,1663846896899866627,krzmm_
1874165630792061267,Tue Dec 31 18:48:01 +0000 2024,0,Sedih pertama di 2025,1874165630792061267,,,in,Midgar,0,1,0,https://x.com/Coffeenletter/status/1874165630792061267,1132224630452703232,Coffeenletter
1874165601603842207,Tue Dec 31 18:47:54 +0000 2024,0,Sedih dah gue pengen jual keychain versi lain gt kan. Tp adik gue selalu matahin semangat gue wkwk,1874165601603842207,,,in,she/her,0,0,0,https://x.com/yozchlera/status/1874165601603842207,936512106148458496,yozchlera
1874008150799712560,Tue Dec 31 18:47:52 +0000 2024,0,@PikamonID km hidup ga sendirian,1874165594918183016,,PikamonID,in,"East Java, Indonesia",0,0,0,https://x.com/ahcegil/status/1874165594918183016,1395612149263732737,ahcegil
1874165593827692998,Tue Dec 31 18:47:52 +0000 2024,0,Aji.... Ikut sedih ️️️ https://t.co/yqVq0cD4vb,1874165593827692998,https://pbs.twimg.com/media/GgJfrOPbYAU_b0x.jpg,,in,,0,0,0,https://x.com/hostageclam/status/1874165593827692998,1834401235199557634,hostageclam
1874140993299284270,Tue Dec 31 18:47:52 +0000 2024,0,@imsvnoo wibu ya,1874165593550815441,,imsvnoo,in,july anderson. mdni,0,0,0,https://x.com/julyO__O/status/1874165593550815441,1834876592847544320,julyO__O
1874165577163616628,Tue Dec 31 18:47:48 +0000 2024,0,Menyerah duhh gakuat bayangin nya pasti ganteng bgt zayne rambutnya acak-acakan trus disisir ke blkng jd kliatan jidat nya https://t.co/Qbl1GDKnH2,1874165577163616628,https://pbs.twimg.com/media/GgJfqR5bYAM3VVG.jpg,,in,,0,0,0,https://x.com/fitriafriliyani/status/1874165577163616628,455307177,fitriafriliyani
1874157670489305317,Tue Dec 31 18:47:46 +0000 2024,0,@discountfess Ak sekarang ga pernah dapet: sedih banget,1874165569328689425,,discountfess,in,your heart♡,0,0,0,https://x.com/jjooyeonluv/status/1874165569328689425,1272392891755712514,jjooyeonluv
1874162351005659494,Tue Dec 31 18:47:46 +0000 2024,0,emg kunci dari kegilaan ini ikhlas dan pasrah sama yang di atas sih... also nerapin prinsip kalau ga sekarang kapan lagi? krn klo dipikirin terus dimakan hati terus gaakan gue dapet kesempatan2 itu semua anjir,1874165568720560557,,zhigaraki,in,21⭡| EN/ID | they/them | bi,0,1,0,https://x.com/zhigaraki/status/1874165568720560557,1402646642910584833,zhigaraki
1874010873247007165,Tue Dec 31 18:47:44 +0000 2024,0,@crawbling wkwk sedih banget sih yaa,1874165561435054282,,crawbling,in,,0,0,0,https://x.com/alfamarl/status/1874165561435054282,878640317938978817,alfamarl
1873951219322151172,Tue Dec 31 18:47:44 +0000 2024,0,@r_reyde lelahnya lelah apa dulu nih,1874165559165862222,,r_reyde,in,,0,0,0,https://x.com/atikamld/status/1874165559165862222,1830932620525608965,atikamld
1873956935101501753,Tue Dec 31 18:47:37 +0000 2024,0,@awail_r jangan mudah menyerah deh,1874165531563221153,,awail_r,in,,0,0,0,https://x.com/susahmiskin___/status/1874165531563221153,1709043483548471296,susahmiskin___
1874165525510840744,Tue Dec 31 18:47:36 +0000 2024,2,Cubaan buat sos karamel asin gagal dah jadi pekat macam nak jadi toffee. Takpe esok kita adjust kot² boleh diselamatkan ke.,1874165525510840744,,,in,"Kuala Lumpur, Wilayah Persekut",0,0,0,https://x.com/ImannurdinW/status/1874165525510840744,2307772124,ImannurdinW
1873971632404078718,Tue Dec 31 18:47:33 +0000 2024,0,@infopediia Sedih banget sih ini,1874165513510936707,,infopediia,in,"Loksado, Dayak Meratus",0,0,0,https://x.com/pranatadayken/status/1874165513510936707,1372624679626629120,pranatadayken
1874165504832840104,Tue Dec 31 18:47:31 +0000 2024,0,udahlah cik galau banget gue mana baru tanggal 1 di bukan 1 tahun 2025 ,1874165504832840104,,,in,DBM PANIC,0,0,0,https://x.com/jeaewon/status/1874165504832840104,758267465247830016,jeaewon
1874165500198211953,Tue Dec 31 18:47:30 +0000 2024,0,2025 semoga dicintai dengan brutal anti galau duit ngalir,1874165500198211953,,,in,,0,1,0,https://x.com/risolesmayoww/status/1874165500198211953,1265110462418436097,risolesmayoww
1874165491092062587,Tue Dec 31 18:47:28 +0000 2024,0, selamat malam. izin cari temen dong saya nyasar sendirian disini. friendless. (hiks nangis dikit) yang mau temenan saya kasih kembang api https://t.co/hWbEIVwoJO,1874165491092062587,https://pbs.twimg.com/media/GgJflJHXwAEe60x.jpg,,in,minbatx →,0,10,0,https://x.com/bxbmfss/status/1874165491092062587,3266887818,bxbmfss
1873927798299254984,Tue Dec 31 18:47:21 +0000 2024,0,@the97seconds Setelah kecewa pasti bahagia kok,1874165462348824764,,the97seconds,in,,0,0,0,https://x.com/bibbleayy/status/1874165462348824764,849134740129038336,bibbleayy
1874163897638543720,Tue Dec 31 18:45:28 +0000 2024,0,keadaannya waktu itu nggak dukung ;( aku masih ngerasa bersalah banget kalo inget pernah lakuin itu ke kamu. kita sekarang malah temenan. kamu udah lupa kah?,1874164989420069241,,iHugFlugel,in,,0,1,0,https://x.com/iHugFlugel/status/1874164989420069241,1288881655399104512,iHugFlugel
1874164977055261138,Tue Dec 31 18:45:25 +0000 2024,0,strugglenya dah gak ke masalah perempuan lagi lebih ke gimana nanti jdi anak yg baik buat ibu sama jdi kakak yg baik buat adik²... sosok bapak dah hilang dan aku anak pertama yg apa² harus ngewujudinnya sendirian...,1874164977055261138,,,in,"Surakarta, Jawa Tengah",0,0,0,https://x.com/_Lunatiix/status/1874164977055261138,1290630950640996354,_Lunatiix
1874164963729957325,Tue Dec 31 18:45:22 +0000 2024,0,ow syitmen sedih banget,1874164963729957325,,,in,,0,0,0,https://x.com/frustashitty/status/1874164963729957325,1828801173094301696,frustashitty
1874112637342277850,Tue Dec 31 18:45:20 +0000 2024,0,@manggarrr_ @givarrr yahh tinggal satu doang yg galau,1874164955790139810,,manggarrr_,in,Jakarta Capital Region,0,0,0,https://x.com/hdhjle/status/1874164955790139810,1005145396715270144,hdhjle
1874154864000872480,Tue Dec 31 18:45:19 +0000 2024,55,@kampungphilos zayne juga begitu nder . sedih aku bacanya huhuhu my poor zayne https://t.co/uF3xKYkpg6,1874164950777946334,https://pbs.twimg.com/media/GgJfFUqbYAA-moE.jpg,kampungphilos,in,Linkon City,2,0,1,https://x.com/shannleee/status/1874164950777946334,1841644142105133061,shannleee
1874164934759899571,Tue Dec 31 18:45:15 +0000 2024,0,obatnya asahi update tolongin aku sa sedih bgt aku hari ini ,1874164934759899571,,,in,🇮🇩,0,0,0,https://x.com/saalyssaa/status/1874164934759899571,1523951877691297793,saalyssaa
1874164929663762553,Tue Dec 31 18:45:14 +0000 2024,0,happy new year guys. thankyou uda mau jadi temen aku ya thnkyou uda mau moots x ini. aku harap tahun ni kalian lebih bahagia dan jauh dri kata sedih. so thankyou jg uda berthan ampe skrg. i love you guys smuch,1874164929663762553,,,in,ngiha,0,0,0,https://x.com/ayaakyyy/status/1874164929663762553,1667194860233961472,ayaakyyy
1874164926018994301,Tue Dec 31 18:45:13 +0000 2024,0,ko sedih ya pdhl 2025 baru mulai,1874164926018994301,,,in,her,0,0,0,https://x.com/holistifx/status/1874164926018994301,1522360857807663104,holistifx
1874164898621776095,Tue Dec 31 18:45:06 +0000 2024,0,((hindari kesehatan dan pendidikan)) bener sih tapi sedih aja gitu bacanya. gini amat hidup di negara tercinta :)),1874164898621776095,,,in,,0,0,0,https://x.com/kitapunyanama/status/1874164898621776095,1375458405947637765,kitapunyanama
1874074576428425294,Tue Dec 31 18:45:06 +0000 2024,1,@gusjamal17 apasih ga sedih itu,1874164896344277459,,gusjamal17,in,sby,0,1,0,https://x.com/szcetqil/status/1874164896344277459,1846151608352317440,szcetqil
1874164888454762614,Tue Dec 31 18:45:04 +0000 2024,0,sedih ️️,1874164888454762614,,,in,lee dokyeom,0,0,0,https://x.com/edinbargh/status/1874164888454762614,1617337840475729920,edinbargh
1874164875561463952,Tue Dec 31 18:45:01 +0000 2024,0,benci lagu kahitna -soulmate since 2016 aku suka katingku tadinya aku wisuda mau confess tapi aku ga berani endingnya sampe dia punya pacar sedih bgt anjir gini amat udah mau 10 tahun ampe aku relain sekolah lagi biar lupa sia sia lagu tu lewat arghh sakit bgttt,1874164875561463952,,,in,,0,0,0,https://x.com/nextlevelgrls/status/1874164875561463952,1519555116571164673,nextlevelgrls
1874164874336743629,Tue Dec 31 18:45:00 +0000 2024,0,kemarin merayakan berdua sekarang sendirian. .,1874164874336743629,,,in,JAPAN–KOREA.,0,2,0,https://x.com/chigomiu/status/1874164874336743629,1683015011751596035,chigomiu
1874164873221071314,Tue Dec 31 18:45:00 +0000 2024,0,Tbtb sedih jir. Aneh banget,1874164873221071314,,,in,,0,0,0,https://x.com/mengotot/status/1874164873221071314,1189394829236568064,mengotot
1874164840828412091,Tue Dec 31 18:44:53 +0000 2024,0,sedih... sumpah sedih eh bukan sedih terharu kayak.... gue beneran cinta banget sama seventeen tolong gue tuh udah berasa kayak adek nya mereka bgt NGGA. lebih kayak gue ama dino tuh seumuran gitu (anjay) jadi gue cinta banget sama 12 abang gue,1874164840828412091,,,in,lee dokyeom,0,0,0,https://x.com/edinbargh/status/1874164840828412091,1617337840475729920,edinbargh
1873778065735922058,Tue Dec 31 18:44:50 +0000 2024,0,@aenggakun Masa masih sedih sih :( Kan lagi celebrate new year :)) Harus cheer up dong,1874164830585913795,,capricboys,in,Jakarta,0,1,0,https://x.com/findmeinurstep/status/1874164830585913795,744551201576878080,findmeinurstep
1874164808456822980,Tue Dec 31 18:44:45 +0000 2024,0,kecewa beratt,1874164808456822980,,,in,,0,0,0,https://x.com/frisv_/status/1874164808456822980,1615315746816655362,frisv_
1874164774549995526,Tue Dec 31 18:44:37 +0000 2024,0,saran lagu yang paling galau ampe bikin nangis dong. gua cape bangetttt sm kisah hidup inii. PENGEN NANGISSSS TAPI GABISA GABISAA,1874164774549995526,,,in,,0,0,0,https://x.com/ddnzzr/status/1874164774549995526,1653311291107442689,ddnzzr
1873851009707237450,Tue Dec 31 18:44:36 +0000 2024,0,@bawelbangetah_ Kasihan banget Kak jangan sedih ya,1874164770032726274,,bawelbangetah_,in,,0,0,0,https://x.com/skillfuul/status/1874164770032726274,3253838942,skillfuul
1873925279791669500,Tue Dec 31 18:44:34 +0000 2024,0,@musfng Karena nanti pasti bakalan kecewa kamu,1874164761635766343,,musfng,in,,0,0,0,https://x.com/bibbleayy/status/1874164761635766343,849134740129038336,bibbleayy
1874164759341523293,Tue Dec 31 18:44:33 +0000 2024,0,sedih bangett,1874164759341523293,,,in,,0,0,0,https://x.com/frisv_/status/1874164759341523293,1615315746816655362,frisv_
1874164728156872799,Tue Dec 31 18:44:26 +0000 2024,0,ngga kok pasti sebenernya gue b aja cum kaget ajaa... tapi ya kek kaget aja gitu kok bisa anying asli babi cok lahh ha kok gue ga galau aman amannn tapi kek anjing lahh,1874164728156872799,,,in,,0,0,0,https://x.com/pstcutiee/status/1874164728156872799,1433022303059603457,pstcutiee
1874164723673178132,Tue Dec 31 18:44:25 +0000 2024,0,Biarpun 2024 penuh dengan liku-liku procrastination kecewa sedih dan amarah tetap juga banyak benda yang perlu disyukuri masih banyak juga benda yang baik gembira orang-orang yang baik. Alhamdulillah terima kasih Allah. Free Palestine 🇵🇸 Always!,1874164723673178132,,,in,Sabah Borneo,0,0,0,https://x.com/Ashzrans/status/1874164723673178132,3389667374,Ashzrans
1874164717176184874,Tue Dec 31 18:44:23 +0000 2024,0,gilak bgt aku dibilang ngedrama sedih hatiku,1874164717176184874,,,in,,0,0,0,https://x.com/ksarawr/status/1874164717176184874,1778420593605697536,ksarawr
1874164709643173888,Tue Dec 31 18:44:21 +0000 2024,0,sedih bgt wkwkwkwk,1874164709643173888,,,in,,0,0,0,https://x.com/kaamaniya/status/1874164709643173888,1793855069995372546,kaamaniya
1874164691221770515,Tue Dec 31 18:44:17 +0000 2024,0,Sender mana sender MAU GUE PELUK senderrrr ya Allah sedih banget gue sesedih ituuuuuu,1874164691221770515,,,in,she/her,0,0,0,https://x.com/matchaicaca/status/1874164691221770515,1166261303515570176,matchaicaca
1874150454969721061,Tue Dec 31 18:44:15 +0000 2024,0,@ToHANBIN01 Gak galau cuma kesel aja masih dendam sama orangnya soale. ,1874164685270048884,,CallerGyuvin,in,,0,1,0,https://x.com/DrollHeeseung/status/1874164685270048884,2351167172,DrollHeeseung
1874164683097465091,Tue Dec 31 18:44:15 +0000 2024,0,MAKASIH PPH (maaf telat) dua dua akunku masuk list ini loh (bangga) Semoga hal hal sedih yg pph alamin di 2024 digantikan dengan kebahagiaan di 2025 ya. Semoga 2025 juga jadi tahun yang bisa pph inget karna banyak hal hal baik di dalamnya. Makasih pph udah mau jadi temenku https://t.co/3pmx6VszRb,1874164683097465091,https://pbs.twimg.com/media/GgJe2MQbYAAviUT.jpg,,in,2/25,0,0,0,https://x.com/orpchic/status/1874164683097465091,1538146128059039746,orpchic
1874164682988368018,Tue Dec 31 18:44:15 +0000 2024,0,kadang terasa gt sedihnya kalo natal dan tahun baru. dimana gada keluarga terdekat jadi selalu rayain sama keluarga inti aja gada keluarga lain atau keluarga besar. suka sedih dan iri orang bisa hari besar kumpul bersama kompak dengan keluarganya. happy new year :) #2025,1874164682988368018,,,in,,0,0,0,https://x.com/sthf_tym/status/1874164682988368018,1468067705177575426,sthf_tym
1874164660766990711,Tue Dec 31 18:44:10 +0000 2024,1,gapernah gagal,1874164660766990711,,,in,,0,1,1,https://x.com/pistachiio00/status/1874164660766990711,1502242846652317697,pistachiio00
1874164657071808594,Tue Dec 31 18:44:09 +0000 2024,0,sedih banget liat lusi get well soon baobei,1874164657071808594,,,in,comfort zone,0,0,0,https://x.com/baechubish/status/1874164657071808594,1119187834504482816,baechubish
1874138492013539597,Tue Dec 31 18:44:06 +0000 2024,1,@cursedkidd Iya lgi baru mulai udah dibikin galau,1874164647559098861,,cursedkidd,in,,0,0,0,https://x.com/AnisTa26/status/1874164647559098861,1799683559332167680,AnisTa26
1874034033694564807,Tue Dec 31 18:44:05 +0000 2024,0,@edelwyd Harus tetap berani dan melangkah apalagi jangan gampang menyerah,1874164642257526843,,edelwyd,in,,0,0,0,https://x.com/strssovrld/status/1874164642257526843,1125648687491735554,strssovrld
1874164636028985384,Tue Dec 31 18:44:04 +0000 2024,0,tahun baru bukannya happy malah kek sedih aja ganti tahun ,1874164636028985384,,,in,,0,0,0,https://x.com/bucinyupii/status/1874164636028985384,2545576220,bucinyupii
1874164455938154970,Tue Dec 31 18:43:21 +0000 2024,0,sedih bgt aku lemes bgt beneran,1874164455938154970,,,in,,0,0,0,https://x.com/vervesious/status/1874164455938154970,3554672232,vervesious
1874164448807776638,Tue Dec 31 18:43:19 +0000 2024,0,SUMPAH GUE MERASA BERSALAH BGT,1874164448807776638,,,in,,0,0,0,https://x.com/piecucuuu/status/1874164448807776638,1497941741495742464,piecucuuu
1874047277788262559,Tue Dec 31 18:43:17 +0000 2024,0,@suvppreme Hmm knpa baca ini jadi sedih yak ,1874164442218586390,,APAAJAADASINI,in,,0,0,0,https://x.com/punditgagal/status/1874164442218586390,765555217089830913,punditgagal
1874164402309783726,Tue Dec 31 18:43:08 +0000 2024,1,Sedih bgt udh buat deco island dua kali. Tp dua duanya gagal ,1874164402309783726,,,in,,0,0,0,https://x.com/dkkwnfkk_/status/1874164402309783726,1827859305082789888,dkkwnfkk_
1874019397733695540,Tue Dec 31 18:43:06 +0000 2024,1,@O5Bravo @tempodotco Plisla buzzer jokowi kalo bodoh udh sendirian aja gausah diumbar umbar ga junjungan ga buzzernya sama semua bodohnya wkwk,1874164394210566381,,ItsMeHexa,in,"Karawang, Jawa Barat",0,1,0,https://x.com/ItsMeHexa/status/1874164394210566381,125221933,ItsMeHexa
1874129529754771933,Tue Dec 31 18:43:05 +0000 2024,1,@ningziu Halo Sayang happy new year untuk keberapa kali ini ya. Aku banyak berdoa supaya kita tetap menjadi kita. Berharap terus bertemu dengan tanggal 16 yang takkan pernah berujung. Bahagia dan ceria. Susah sedih pedih kita lalui bareng-bareng ya. I love you I really do Nini. https://t.co/OLXtkY1IRv,1874164391358447730,https://pbs.twimg.com/tweet_video_thumb/GgJek9ZawAAJfjX.jpg,ningziu,in,SELECTIVE. HARAPAN.,0,1,1,https://x.com/jugpkook/status/1874164391358447730,1816808836709425152,jugpkook
1874164387529003267,Tue Dec 31 18:43:04 +0000 2024,0,Beneran hampa langsung abis baca au nya,1874164387529003267,,,in,read gay fanfic (esp. mahae),0,0,0,https://x.com/notyorzi_/status/1874164387529003267,1618897546507874304,notyorzi_
1874146817405059573,Tue Dec 31 18:43:04 +0000 2024,0,@racheltjhia Lho.. sendirian?,1874164384089727344,,racheltjhia,in,Jakarta,0,0,0,https://x.com/ZulfikarAkbar__/status/1874164384089727344,1592791333,ZulfikarAkbar__
1874164381774471337,Tue Dec 31 18:43:03 +0000 2024,0,Jam 01.41 mbrebes mili krn sahabat kantor resign. tahun baru apa ini malah sedih bener ,1874164381774471337,,,in,,0,1,0,https://x.com/iarumk/status/1874164381774471337,35256119,iarumk
1874163199748227309,Tue Dec 31 18:43:02 +0000 2024,0,gue takut anjay di indo begini nyari kerja ada batasan umur skill-nya hrs bisa ini itu ajshkajsndjsjsnshj stres gue berkali-kali bilang ke ibu gue kl gue takut bgt kl hrs nyari kerja,1874164378985271311,,notajombi,in,she/her,0,0,0,https://x.com/notajombi/status/1874164378985271311,1102914281232711680,notajombi
1874164375050989981,Tue Dec 31 18:43:02 +0000 2024,3,-Harus menangis karena rasa sakit dan cemas dan bangun dengan harapan baru dan tolong Jangan pulang sebelum di jemput. ️,1874164377945071773,,km9697,in,Indonesia,0,1,0,https://x.com/km9697/status/1874164377945071773,1575895674901520391,km9697
1874162588038422748,Tue Dec 31 18:43:02 +0000 2024,1,@cwosmiclove CLIP MU BERBAHAYA BGT AKU GAGAL NGANTUKKKKKK IM GOING CRAZY RN,1874164377022234875,,cwosmiclove,in,solf4m,0,1,0,https://x.com/lilapplepies/status/1874164377022234875,1802637811230908416,lilapplepies
1874164376078606626,Tue Dec 31 18:43:02 +0000 2024,71,Sebenarnya mereka ini kecewa karena sistem vote atau karena Jokowi ga juara dan cuma jadi finalis?! Kok kayak ga terima gitu yak.. ,1874164376078606626,,,in,"Jakarta, Medan ",1,10,13,https://x.com/PaltiWest2024/status/1874164376078606626,1826886526657318912,PaltiWest2024
1874112637342277850,Tue Dec 31 18:42:59 +0000 2024,0,@hdhjle Nih orang masih galau @givarrr,1874164365777420439,,hdhjle,in,,0,1,0,https://x.com/manggarrr_/status/1874164365777420439,1645513933829308420,manggarrr_
1874059379965911252,Tue Dec 31 18:42:58 +0000 2024,0,@SirJeonjjk Sedih betullll,1874164358508667091,,SirJeonjjk,in,🏡 HouseOfPJMs 🍄 ˊˎ,0,1,0,https://x.com/jiyanmochi/status/1874164358508667091,1300390578396381186,jiyanmochi
1874164346282279124,Tue Dec 31 18:42:55 +0000 2024,0,Halahhh 2025 baru buka udah sedih aja,1874164346282279124,,,in,,0,0,0,https://x.com/pieceoflynn/status/1874164346282279124,1211272342300528640,pieceoflynn
1874164340355629387,Tue Dec 31 18:42:53 +0000 2024,0,Harapan saya #2025newyear 1. Rakyat Indonesia bisa Menyalakan Kembang Api 2026 dalam kondisi Bahagia bukan Sedih dan Anxiety. 2. Ekonomi benar2 bisa Lancar walau Growthnya so so. 3. Pemerintah benar2 fokus membasmi KKN dan mengatur Regulasi yg bermanfaat utk semua bkn hanya mrk.,1874164340355629387,,,in,Indonesia,0,0,0,https://x.com/EfendiYanto/status/1874164340355629387,433508462,EfendiYanto
1874163936158978130,Tue Dec 31 18:41:17 +0000 2024,0,ANJRIT SEDIH BGT JD KENA BIKIN RUGI YG GATAU APA APA,1874163936158978130,,,in,,0,0,0,https://x.com/domyeonny/status/1874163936158978130,4840455972,domyeonny
1874057987733557666,Tue Dec 31 18:41:16 +0000 2024,0,@tanyarlfes thanks udah bikin gue banyak belajar banyak capek banyak ngeluh banyak sedih banyak bahagia banyak sakit banyak senyum banyak nangis,1874163931562074387,,tanyarlfes,in,,0,0,0,https://x.com/zal0vely/status/1874163931562074387,1868362499013464064,zal0vely
1873958797385097529,Tue Dec 31 18:41:15 +0000 2024,0,@Mafia_Gurl00 hennna,1874163929708216758,,Mafia_Gurl00,eu,,0,0,0,https://x.com/Stres___/status/1874163929708216758,1119664449722421248,Stres___
1874163928647033025,Tue Dec 31 18:41:15 +0000 2024,0,sedih tau :(,1874163928647033025,,,in,"Evreux, France",0,1,0,https://x.com/sessamessyrup/status/1874163928647033025,1786024243962281984,sessamessyrup
1874163923404153120,Tue Dec 31 18:41:14 +0000 2024,0,Lihat Romsae nangis jadi sedih ,1874163923404153120,,,in,FIRST LOVE by fromis_9 ,0,0,0,https://x.com/VinceNT66577746/status/1874163923404153120,1408590358607392770,VinceNT66577746
1874162654694261140,Tue Dec 31 18:41:09 +0000 2024,0,@jwulid jan duluu yaa cayang :c hiks ak jg bapil masih belum sembuh2 ini sedih sekaliiiii,1874163901606367536,,jwulid,in,,0,1,0,https://x.com/isxia/status/1874163901606367536,1548271651170557952,isxia
1874163891502256144,Tue Dec 31 18:41:06 +0000 2024,0,Mind you gua yg bisa sebulan keluar kamar aja jarang dan hampir kaga keluar dari rumah ini sendirian nyeret diri buat gerak kalau mereka beneran kambek,1874163891502256144,,,in,,0,0,0,https://x.com/arastarion/status/1874163891502256144,1106010106200637440,arastarion
1874163891338727578,Tue Dec 31 18:41:06 +0000 2024,0,ADA YANG SAKIT TAPI GAK BERISIK ADA YANG LELAH TAPI GAK BERISIK SIAPA? MEREKA ADALAH BTS,1874163891338727578,,,in,,0,0,0,https://x.com/ofckthsgf/status/1874163891338727578,1514879157024751619,ofckthsgf
1874163890910879981,Tue Dec 31 18:41:06 +0000 2024,0,Di s2 suka game ini krn suka lagunya liat thanos sm soulmate nya gitu jdi kek mrasa bersalah gw ketawa pdhl ini pengorbanan nyawa,1874163890910879981,,,in,purple world,0,0,0,https://x.com/Fymzoo24/status/1874163890910879981,947424208664932352,Fymzoo24
1873988882750202224,Tue Dec 31 18:41:05 +0000 2024,0,@kenzezt yang tersisa cuma asal kesepian,1874163887677071789,,kenzezt,in,,0,0,0,https://x.com/atikamld/status/1874163887677071789,1830932620525608965,atikamld
1874163878642557139,Tue Dec 31 18:41:03 +0000 2024,0,Menyambut new year dgn kecomelan depresi spm dan harapan,1874163878642557139,,,in,,0,0,0,https://x.com/sardinswonu/status/1874163878642557139,1445969614224039938,sardinswonu
1874042114381869500,Tue Dec 31 18:41:01 +0000 2024,0,@dbuaya Amin ya allah tahun ini bisa yook,1874163867900928041,,dbuaya,in,,0,0,0,https://x.com/punditgagal/status/1874163867900928041,765555217089830913,punditgagal
1874163822841520212,Tue Dec 31 18:40:50 +0000 2024,0,Impian ak berambut spt haerin/sawako gagal (trgda short hair),1874163822841520212,,,in,lumi & kazuha loml,0,0,0,https://x.com/dreacaryss/status/1874163822841520212,1336235989014986752,dreacaryss
1874162141579927568,Tue Dec 31 18:40:49 +0000 2024,0,@Ijalkkk Lah jadi naik juga ternyata. Kirain gagal total,1874163817414090769,,Ijalkkk,in,J Town,0,1,0,https://x.com/Dhaemonix/status/1874163817414090769,1513137476168466436,Dhaemonix
1874027716351242364,Tue Dec 31 18:40:47 +0000 2024,0,@kayyisa__ jangan sedih meskipun ga sesuai sama harapan,1874163812653556004,,kayyisa__,in,him,0,0,0,https://x.com/drakkxen/status/1874163812653556004,1524352694160601092,drakkxen
1873889447655465006,Tue Dec 31 18:40:40 +0000 2024,0,@afrizalns_ Dg kesepian duh,1874163782957895701,,afrizalns_,in,"Karawang, Jawa Barat",0,0,0,https://x.com/aphrodinate/status/1874163782957895701,1001560603,aphrodinate
1873891301017698316,Tue Dec 31 18:40:40 +0000 2024,0,@magnoliaroses_ Bersyukur dan bngga udah smpai sini yak,1874163782186131700,,dessertskies,in,,0,0,0,https://x.com/punditgagal/status/1874163782186131700,765555217089830913,punditgagal
1874163774481203347,Tue Dec 31 18:40:38 +0000 2024,0,sedih banget deh kalo 2025 gini berarti gw harus ikhlas kepala dua ,1874163774481203347,,,in,vk/kv,0,3,0,https://x.com/blacursedd/status/1874163774481203347,1242464519378485248,blacursedd
1874030486642921514,Tue Dec 31 18:39:26 +0000 2024,0,@Shellaemeliana1 udah ga kuat sedih,1874163472776520062,,Shellaemeliana1,in,☔️,0,0,0,https://x.com/jenekemi/status/1874163472776520062,1479281481843240962,jenekemi
1874163468095586646,Tue Dec 31 18:39:25 +0000 2024,1,Alia Sahel harus tau enak aja dia cengangas cengenges sementara Alia kesakitan sedih begitu ,1874163468095586646,,,in,cat tree,0,1,1,https://x.com/eleanepark/status/1874163468095586646,964298222,eleanepark
1874163454749401540,Tue Dec 31 18:39:22 +0000 2024,0,Semakin aku lihat editan di tiktok semakin hati kecil mungilku ini sedihhhh betttt!!! plisss woyyylahhhh sedih mah sedih aja nggak usah bikin nyesekkkk ️️️,1874163454749401540,,,in,,0,0,0,https://x.com/oyaoyabokuto_/status/1874163454749401540,1536316164984385536,oyaoyabokuto_
1874143598931042540,Tue Dec 31 18:39:21 +0000 2024,0,@blaldie tandanya ini tahun galau,1874163448873144461,,blaldie,in,minor ,0,1,0,https://x.com/kaell_ael/status/1874163448873144461,1861547303800315905,kaell_ael
1874154864000872480,Tue Dec 31 18:39:20 +0000 2024,0,@kampungphilos bener lg anj. emosi gua dibikin naik turun kek sedih tegang sedih tegang sedih,1874163445693898776,,kampungphilos,in,Moon | MDNI,0,0,0,https://x.com/shannerii/status/1874163445693898776,1320291008236535810,shannerii
1874163413066408115,Tue Dec 31 18:39:12 +0000 2024,0,Hasil kemaren sm hari ini Yg ayel aku dpt kartunya pake cratenya wkwk Seneng banget tp sedih juga https://t.co/0mU9TRYtD2,1874163413066408115,https://pbs.twimg.com/media/GgJdsKEbQAAW0eY.jpg,,in,,0,1,0,https://x.com/Reile_yeah/status/1874163413066408115,1847813217592233988,Reile_yeah
1874159972051018102,Tue Dec 31 18:39:10 +0000 2024,0,Aku udah memaafkan kejadian yang lalu. Aku juga gak minta apa-apa selain bagianku sendiri. Janji ya kalian juga harus bahagia. Aku berdoa demi kebaikan kalian. Kadang sendirian tuh capek. Tapi emang kita sendirian. Hehe. Semangat ya. https://t.co/IjLCoFDkR1,1874163404249989149,,royyana1304971,in,,0,0,0,https://x.com/royyana1304971/status/1874163404249989149,1329190524897558530,royyana1304971
1873270978555605240,Tue Dec 31 18:39:10 +0000 2024,1,@omjhody_ @__yeeeet Huru hara pak. Entahla kami sendiri juga kecewa dgn federasi bola sepak kami yang sepertia tiada hala tuju. Kami doakan indonesia langkah jauh doakan saja bola sepak kami mampu setanding :),1874163403914416259,,omjhody_,in,Perak,0,1,0,https://x.com/Badrullaminn/status/1874163403914416259,621740297,Badrullaminn
1874035542507368828,Tue Dec 31 18:39:07 +0000 2024,0,@chikapika19 Iya sok sokan aja kan yak mreka pada,1874163392900210954,,chikapika19,in,,0,0,0,https://x.com/punditgagal/status/1874163392900210954,765555217089830913,punditgagal
1873982990839427413,Tue Dec 31 18:39:04 +0000 2024,0,@kejepitmolen galau banget ya kak,1874163380665336221,,kejepitmolen,in,,0,0,0,https://x.com/Jaeongseong/status/1874163380665336221,1185490185212923904,Jaeongseong
1874026230753968292,Tue Dec 31 18:38:48 +0000 2024,0,@notrestinpeace Yah sedih sih aslinya tapi ya mau gimana lagi,1874163313531343256,,notrestinpeace,in,,0,0,0,https://x.com/strssovrld/status/1874163313531343256,1125648687491735554,strssovrld
1873985526182941020,Tue Dec 31 18:38:47 +0000 2024,0,@moraelx sedih dong ya,1874163306526892302,,moraelx,in,"Jawa Timur, Indonesia",0,0,0,https://x.com/ahcegil/status/1874163306526892302,1395612149263732737,ahcegil
1873975767060931035,Tue Dec 31 18:38:43 +0000 2024,0,@laviestcookiess akulah suproter halu nomer satu kalian semua tiinn ayok temanan. masa halu sendirian kan ga enax,1874163292777914601,,laviestcookiess,in,,0,1,0,https://x.com/alupi__/status/1874163292777914601,1768529259906428929,alupi__
1874031394219057265,Tue Dec 31 18:38:42 +0000 2024,0,@paracetamoods Aduh sedih amat,1874163286922715304,,paracetamoods,in,"Villedieu-sur-Indre, France",0,0,0,https://x.com/piikaphile/status/1874163286922715304,3278597606,piikaphile
1874163259022139397,Tue Dec 31 18:38:35 +0000 2024,37,Tahun baru sendirian:) https://t.co/QRTzjCHSFc,1874163259022139397,https://pbs.twimg.com/ext_tw_video_thumb/1874163237488652288/pu/img/ZsQBXp1jePbj4eTL.jpg,,in,Dipelukanmu ʕ⁠っ⁠•⁠ᴥ⁠•⁠ʔ⁠っ,0,3,1,https://x.com/bukanorgindo/status/1874163259022139397,1418378980793585665,bukanorgindo
1874163254727192975,Tue Dec 31 18:38:34 +0000 2024,0,GAGAL NGEWEE DENGAN LAYAR LEBAR,1874163254727192975,,,in,IDN,0,2,0,https://x.com/bintang_uluru/status/1874163254727192975,1555398127141949440,bintang_uluru
1874159071177433614,Tue Dec 31 18:38:34 +0000 2024,0,@mintcholvrs_ tahun baru udh galau aja,1874163254546866387,,mintcholvrs_,in,cityzens,0,1,0,https://x.com/berotaksengku_/status/1874163254546866387,1230298112243224576,berotaksengku_
1873980671687069758,Tue Dec 31 18:37:02 +0000 2024,0,@puber Sering abis seneng sedih,1874162869023236490,,puber,in,Indonesia,0,0,0,https://x.com/Wandadu_/status/1874162869023236490,1728345180,Wandadu_
1874138713716121686,Tue Dec 31 18:37:02 +0000 2024,0,@st4rfot__ ANJINK SE CANTIK INI KERJAANNYA GALAU TERUS yayaaa lupain dia n jadian sama gemini ajalaaah (sehari) ,1874162866980528365,,st4rfot__,in,":¨ ·.· ¨: 
 `· . phuaa",0,1,0,https://x.com/phuaacoty/status/1874162866980528365,1848254793724358656,phuaacoty
1874162865613267190,Tue Dec 31 18:37:02 +0000 2024,0,Sumpah kecewa gaji tak masuk sampai sekarang nak buat keje laju gaji lembab,1874162865613267190,,,in,Kuala Lumpur City,0,0,0,https://x.com/anismuhammad_/status/1874162865613267190,781144984393162752,anismuhammad_
1873858285427978360,Tue Dec 31 18:37:00 +0000 2024,0,@Alauzr_ wkwk sedih dikit deh,1874162860211003578,,Alauzr_,in,,0,0,0,https://x.com/alfamarl/status/1874162860211003578,878640317938978817,alfamarl
1874095750562378119,Tue Dec 31 18:36:56 +0000 2024,0,@tanyarlfes PENGEN GW UNSEND TP TAKUT DAH DIBACA. Alhasil yaudah pasrah ,1874162841823174982,,skcowbabyy,in,Info loker,0,0,0,https://x.com/skcowbabyy/status/1874162841823174982,1373949814497419267,skcowbabyy
1874040479735832975,Tue Dec 31 18:36:53 +0000 2024,0,@idextratime Artinya pemain Menyu bawah Fergie semua gagal.,1874162829944905994,,idextratime,in,,0,0,0,https://x.com/ApipAiman/status/1874162829944905994,1135009218816122881,ApipAiman
1874162817210999141,Tue Dec 31 18:36:50 +0000 2024,0,Speedy recovery our precious pearl Sedih banget liatnya,1874162817210999141,,,in,"Jakarta Selatan, DKI Jakarta",0,1,0,https://x.com/purrfectionfan/status/1874162817210999141,561998355,purrfectionfan
1874159906129141844,Tue Dec 31 18:36:48 +0000 2024,0,Keinginan terbesar dlm hidup gw g mau sampee gagal sedikit pun.,1874162807492796753,,hanifa_arm73966,in,,0,0,0,https://x.com/hanifa_arm73966/status/1874162807492796753,1751523914315096064,hanifa_arm73966
1874162799485870480,Tue Dec 31 18:36:46 +0000 2024,0,Sedih liat kondisinya Lusi.. speed recovery Lusi gpp klo km harus break dulu dr dunia entertainment asalkan km bisa pulih lg kayak dulu. Semoga agensi dan org2 dakjal yg udh nyakitin km sampe kyk gini nerima ganjarannya. Fight for yourself jie!,1874162799485870480,,,in,,0,0,0,https://x.com/aurorayeohwa/status/1874162799485870480,924812548217610240,aurorayeohwa
1873944467646144627,Tue Dec 31 18:36:46 +0000 2024,0,@dindayohanes Sedih bgt ya,1874162798512783539,,dindayohanes,in,,0,0,0,https://x.com/bntkh__/status/1874162798512783539,1002745014680576000,bntkh__
1874162796776366373,Tue Dec 31 18:36:45 +0000 2024,0,persetan dengan cinta. manusia asalah sumber kecewa.,1874162796776366373,,,in,,0,0,0,https://x.com/ayesns24/status/1874162796776366373,1600051749699874816,ayesns24
1874161750653944098,Tue Dec 31 18:36:44 +0000 2024,0,@lawcark sendirian doang :(,1874162793404059875,,lawcark,in,"DKI Jakarta, Indonesia",0,0,0,https://x.com/chindonian/status/1874162793404059875,1465568308522930178,chindonian
1874162782800929028,Tue Dec 31 18:36:43 +0000 2024,0,Semoga 2025 digantikan sama orang yg bisa ngeliat bertapa try hard nya gw keluar dari mental unstable sendirian &amp; gk ngeberantakin kehidupan gw lagi,1874162788794589646,,urrhoneybby,in,Jkt tpi sunda,0,0,0,https://x.com/urrhoneybby/status/1874162788794589646,1596135702403506176,urrhoneybby
1874162785443271088,Tue Dec 31 18:36:42 +0000 2024,0,sedih banget pergantian tahun pertamaa tanpa ayah:(,1874162785443271088,,,in,Jakarta Capital Region,0,0,0,https://x.com/ccjmarkie/status/1874162785443271088,1592872254378942464,ccjmarkie
1874027997738787133,Tue Dec 31 18:36:40 +0000 2024,0,@Luppanama_ Emamg knpa sih go mai cuci tngan gtu,1874162776589123921,,Luppanama_,in,,0,0,0,https://x.com/punditgagal/status/1874162776589123921,765555217089830913,punditgagal
1874029624164048959,Tue Dec 31 18:36:37 +0000 2024,12,@gagal_hijrah yg dilarang muslim yg gerah umat lain...simpel sbnrnya kalo mau ngerayain selain 2 hari raya tinggal murtad aja...kok ngeyel sih...apa masih malu2?,1874162760457810279,,gagal_hijrah,in,Bekasi pinggiran Jakarta timur,0,21,0,https://x.com/TomaTo_Shop/status/1874162760457810279,621303419,TomaTo_Shop
1873971632404078718,Tue Dec 31 18:36:34 +0000 2024,0,@infopediia Wah galau banget ya,1874162749443629239,,infopediia,in,ca-pek cuy,0,0,0,https://x.com/_172jt/status/1874162749443629239,2758973146,_172jt
1874162739045912787,Tue Dec 31 18:36:31 +0000 2024,0,ada kalanya aku lelah bgt sm ini fandom tp banyak mutualku yg BAIK BANGET juga terima kasih krn tetap waras ,1874162739045912787,,,in,밀당즈,0,0,0,https://x.com/heevanlybliss/status/1874162739045912787,1085816108592943110,heevanlybliss
1874001157175296427,Tue Dec 31 18:35:33 +0000 2024,0,@penmaenbasket HAHAHHAHAHA mari wujudkan mas mas budak korporat lelah itu @ srzw tkm repped!!,1874162493352010119,,penmaenbasket,in,icon commissioned by kal,0,1,0,https://x.com/_livelaughlala/status/1874162493352010119,708849121,_livelaughlala
1874162490969587766,Tue Dec 31 18:35:32 +0000 2024,0,tadinya happy sekarang galau,1874162490969587766,,,in,rant ,0,0,0,https://x.com/kcngen/status/1874162490969587766,1693909708367859712,kcngen
1874162472426602859,Tue Dec 31 18:35:28 +0000 2024,0,Tahun 2025 ini kita tidak boleh menyerah dalam hal apapun Trobos ajah semua mau sebesar apapun hambatannya TROBOS termasuk mencintai seorang Kim namjoon https://t.co/hTOMkXkfdv,1874162472426602859,https://pbs.twimg.com/media/GgJcz2WbYAEjGU1.jpg,,in,,0,0,0,https://x.com/kimtaehyungRawr/status/1874162472426602859,1713466320988282880,kimtaehyungRawr
1871135982822810024,Tue Dec 31 18:35:28 +0000 2024,0,@ceoulgi Kenapaaa kamu sedih nuna?,1874162472204337460,,ceoulgi,in,ZP9 | Arka's ᯓᡣ𐭩 ,0,0,0,https://x.com/zhxnghaow/status/1874162472204337460,763708586958675968,zhxnghaow
1874162459499737206,Tue Dec 31 18:35:25 +0000 2024,1,Pulang ke bekasi kali ini ga main sm temen. Setelah ngechat-chatin temen dan pada susah main jadi makin sedih ya adult life susah bgt buat ketemu,1874162459499737206,,,in,,0,2,0,https://x.com/mechnclgrl/status/1874162459499737206,1095643012640563200,mechnclgrl
1874146722433425427,Tue Dec 31 18:35:25 +0000 2024,0,@aesjhim makasih sava &amp; lilis udah nerima gue di TSJ (CA temporary pertama gue) padahal isi formnya jelek banget ngomongin mantan jelek. yuk happy terus di 2025. kalau lagi sedih ajak aja gue sukebak!,1874162459310952655,,cuwarmen,in,,0,1,0,https://x.com/anomaliueo/status/1874162459310952655,1795527672740868096,anomaliueo
1874162453283824034,Tue Dec 31 18:35:24 +0000 2024,0,Teruskan sayang... Adek adekmu masih perlu banyak bimbingan... Sabar banget dia jadi masih perlu heboh sendirian di tunggu perkembangan kalian terus di tahun 2025 ini ,1874162456190480706,,nisa_1927,in,Indonesia,0,0,0,https://x.com/nisa_1927/status/1874162456190480706,931781767102476288,nisa_1927
1874162443737526287,Tue Dec 31 18:35:21 +0000 2024,1,maaf kalau gua tmi tapi gua cuma mau cerita perjalanan gua aja wkwk. tepat 2 tahun lalu pergantian tahun 2022 ke 2023 berat banget buat gua. tahun kemarin gua rayain pergantian tahun sendirian dengan ketakutan mendalam akan kepantasan gua tetap hidup di kemudian hari.,1874162443737526287,,,in,"Olympus, pansexual. Dnfwc.",0,1,0,https://x.com/kbacklight/status/1874162443737526287,1519374452819390465,kbacklight
1874160247146950926,Tue Dec 31 18:35:20 +0000 2024,0,@swanlakme kenapa miwa,1874162439052550168,,swanlakme,in,july anderson. mdni,0,1,0,https://x.com/julyO__O/status/1874162439052550168,1834876592847544320,julyO__O
1874162438230467034,Tue Dec 31 18:35:20 +0000 2024,0,dan entah apa maksud dari semua nya yg gw takutin malah terjadi. gw bener bener sendirian di akhir pengunjung taun,1874162438230467034,,,in,,0,0,0,https://x.com/svanasar/status/1874162438230467034,1755965340662788096,svanasar
1874022410640630023,Tue Dec 31 18:35:18 +0000 2024,0,@humor1s Iya pernah soh emamg kesel ama orang yak,1874162432224223700,,humor1s,in,,0,0,0,https://x.com/punditgagal/status/1874162432224223700,765555217089830913,punditgagal
1874162408874541560,Tue Dec 31 18:35:13 +0000 2024,0,eh sedih..,1874162408874541560,,,in,"ini ciya, rici, semi rl",0,0,0,https://x.com/stuored/status/1874162408874541560,891992308115165186,stuored
1874162403828764690,Tue Dec 31 18:35:11 +0000 2024,2,Gws indon. Ngerti kan knp milih presiden gabisa sesimpel krn alesan kasian dia nyapres berkali2 selalu gagal ?,1874162403828764690,,,in,fly high with you forever🦋,0,0,0,https://x.com/daonsemanggi/status/1874162403828764690,1107666149796249601,daonsemanggi
1874162356378624435,Tue Dec 31 18:35:11 +0000 2024,0,Adrian aku kangen banget sama kamu. Aku ngomong ke Maudy ke Ce Eca Ce Ica ke Ko Rendy ke Becca kalau aku akan berenti sedih. Tapi yan tiap gerakan aku kadang ngingetin sama eksistensi kamu.,1874162400846635371,,TouristCathy,in,2003,0,1,0,https://x.com/TouristCathy/status/1874162400846635371,758423399228174336,TouristCathy
1874162357062295850,Tue Dec 31 18:35:00 +0000 2024,0,kecewa.,1874162357062295850,,,in,,0,0,0,https://x.com/Daffamlnaa/status/1874162357062295850,1662519332784738304,Daffamlnaa
1874022452214587420,Tue Dec 31 18:34:53 +0000 2024,0,@sheandwhite Hwahahah kocak ya brung ini,1874162325911175447,,comfoodx,in,,0,0,0,https://x.com/punditgagal/status/1874162325911175447,765555217089830913,punditgagal
1874149382221906169,Tue Dec 31 18:34:52 +0000 2024,10,Tentu saja satu semester di NUS mana mungkin melewatkan fasilitas PitStop PitStop ini isinya penuh dengan refreshing activities mulai dari kursi pijat hingga bermain Play Station hehehe. Sangat-sangat membantu menghilangkan stres di tengah huru-hara akademik HAHAHA https://t.co/bRNMhXBNnj,1874162324170575900,https://pbs.twimg.com/media/GgJcrfObYAQIKcy.jpg,cursingname,in,"Pacitan, Indonesia",0,1,0,https://x.com/cursingname/status/1874162324170575900,1594326252810211328,cursingname
1874016186616472011,Tue Dec 31 18:32:37 +0000 2024,0,@tebarratjun Iya jadi inget ppn lagi nih,1874161757155168371,,tebarratjun,in,,0,0,0,https://x.com/punditgagal/status/1874161757155168371,765555217089830913,punditgagal
1874161750653944098,Tue Dec 31 18:32:36 +0000 2024,11,Boleh sedih nggak sih tahun lau aku ke sini bareng doi https://t.co/cKQFn8tZrY,1874161750653944098,https://pbs.twimg.com/ext_tw_video_thumb/1874161623835041793/pu/img/sQlTQgkVCqiHqBY1.jpg,,in,"DKI Jakarta, Indonesia",0,2,0,https://x.com/chindonian/status/1874161750653944098,1465568308522930178,chindonian
1874161732391944551,Tue Dec 31 18:32:31 +0000 2024,0,Melihat 2024 gw merasakan gak sanggup menjalani 2025 gue menyerah ,1874161732391944551,,,in,P maka q,0,0,0,https://x.com/noraxkk/status/1874161732391944551,1776023371148599297,noraxkk
1874161724817105279,Tue Dec 31 18:32:30 +0000 2024,2,Untungnya ku tak pilih menyerah ..,1874161724817105279,,,in,,0,0,1,https://x.com/br0wnf0und/status/1874161724817105279,941938087684222976,br0wnf0und
1873926299376378214,Tue Dec 31 18:32:29 +0000 2024,0,@sweectz Ah euy sedih,1874161722514346023,,sweectz,in,"Karawang, Jawa Barat",0,0,0,https://x.com/aphrodinate/status/1874161722514346023,1001560603,aphrodinate
1874161718601060526,Tue Dec 31 18:32:28 +0000 2024,0,Gak punya teman cerita adlah another level of kesepian : ),1874161718601060526,,,in,,0,0,0,https://x.com/gakpedesya/status/1874161718601060526,1530045888248152065,gakpedesya
1873750874348282316,Tue Dec 31 18:32:24 +0000 2024,0,@womanfeeds_id sedih bgt semoga tahun ini lebih teratur https://t.co/aXhXwTkVy0,1874161703312875613,https://pbs.twimg.com/media/GgJcIf3aQAAaNPG.jpg,womanfeeds_id,in,,0,0,0,https://x.com/yoursummer0/status/1874161703312875613,1627165894043635712,yoursummer0
1874161702205612534,Tue Dec 31 18:32:24 +0000 2024,0, sedih jujur,1874161702205612534,,,in,,0,1,0,https://x.com/haechanciwaruga/status/1874161702205612534,1003404000715132928,haechanciwaruga
1874161693930250574,Tue Dec 31 18:32:22 +0000 2024,0,tahun baru malah dengerin lagu noah fak sedih banget tai,1874161693930250574,,,in,sanity doesn't exist here,0,0,0,https://x.com/hiromiguruma/status/1874161693930250574,1358647328198991877,hiromiguruma
1874158605785526447,Tue Dec 31 18:32:14 +0000 2024,0,@sbyfess Heleh biasanya jg sendirian,1874161658815537622,,sbyfess,in,In your heart,0,0,0,https://x.com/chikijeki13/status/1874161658815537622,1076449406784663552,chikijeki13
1874161657389420695,Tue Dec 31 18:32:14 +0000 2024,2,Napi Samad jualan broker alusista gagal Connie Wine. Kacian de loe NAPI,1874161657389420695,,,in,"Jakarta Capital Region, Indone",0,0,0,https://x.com/cagubnyinyir2/status/1874161657389420695,1013331201396912128,cagubnyinyir2
1874133744178909576,Tue Dec 31 18:32:03 +0000 2024,0,@zulzalabim Kannnnn?!! Sedih gilaaaa astagaa. Semua video ba ,1874161613156286692,,zulzalabim,in,,0,0,0,https://x.com/ShortyyMoon/status/1874161613156286692,1734386962755473408,ShortyyMoon
1873935600304480416,Tue Dec 31 18:32:01 +0000 2024,0,@atikamld kalau lelah cukup istirahat aja ya,1874161605677830588,,atikamld,in,,0,0,0,https://x.com/zelenasyakila/status/1874161605677830588,2263352432,zelenasyakila
1874161584924483623,Tue Dec 31 18:31:56 +0000 2024,0,wkwkwk sanji terpesona ama violet trs frustasi si marimo ilang,1874161584924483623,,,in,homophobic dni. ,0,0,0,https://x.com/traflatte/status/1874161584924483623,1440722565517873152,traflatte
1874161553899217332,Tue Dec 31 18:31:49 +0000 2024,0,sedih bgt liatnya lusi my baobei hope you recover soon,1874161553899217332,,,in,세븐틴💎,0,0,0,https://x.com/svtsikdang/status/1874161553899217332,1278209162590121984,svtsikdang
1874159173870776631,Tue Dec 31 18:31:48 +0000 2024,0,Gak boleh terlihat sedih didepan orang yg lagi sakit karena orang yg lagi sakit lebih punya ke khawatiran dibandingkan kita yg hanya menunggu. Makanya selalu dibilang kasih pesan positif padanya karena itu untuk menenangkannya.,1874161552120782933,,a_a_am_27,in,Indonesia,0,0,0,https://x.com/a_a_am_27/status/1874161552120782933,331597025,a_a_am_27
1874161544671748535,Tue Dec 31 18:31:47 +0000 2024,0,plss ye sakit banget cok tiap narik nafas otak sebelah kanan gua sakit kemarim tensi jg tinggi kepala pusing otot tegang YA ALLAH DARI KECIL DAH SAKIT SAKITAN TAPI HIPERTENSI WAKTU MUDAB ITU YA ALLAH SEDIH BANGET GUA DENGER NYA ,1874161544671748535,,,in,Tmap📍Neocity,0,0,0,https://x.com/caalexlee/status/1874161544671748535,1282709266860609537,caalexlee
1873944142163988952,Tue Dec 31 18:31:44 +0000 2024,0,@underect iyaa ngapain sedih yaa,1874161531556139061,,underect,in,,0,0,0,https://x.com/yeerimc/status/1874161531556139061,964909715665780736,yeerimc
1874001818331865550,Tue Dec 31 18:28:05 +0000 2024,0,@monokromatikss ya gitulah kan emang penyesalan tuh datangnya di akhir cerita,1874160616971419824,,monokromatikss,in,,0,0,0,https://x.com/punditgagal/status/1874160616971419824,765555217089830913,punditgagal
1874156785436873013,Tue Dec 31 18:28:02 +0000 2024,1,@amateurgirle SEDIH BACANYAA THANKS FOR BEING MY MOOTS YAAAA ayok berteman lebih lama lagiii bahagia selalu yaaa. love youu ,1874160602513551555,,hueofshua,in,caratland,0,1,1,https://x.com/danxxboo/status/1874160602513551555,1271043508279767045,danxxboo
1874160585228902803,Tue Dec 31 18:27:58 +0000 2024,0,ah gilak baru kali ini aku sedih nonton drakor yg happy ending tp gaada scene kiss kiss nya: v,1874160585228902803,,,in,,0,0,0,https://x.com/doodlebyasa/status/1874160585228902803,1794994385341624320,doodlebyasa
1874151323081621635,Tue Dec 31 18:27:57 +0000 2024,0,@peachzen_girl Belum msih galau ,1874160582846537771,,peachzen_girl,in,🍀🌻🌅,0,0,0,https://x.com/okkachandesu/status/1874160582846537771,247166750,okkachandesu
1874160581026210042,Tue Dec 31 18:27:57 +0000 2024,0,kecewa gaada yg gong lg,1874160581026210042,,,in,,0,0,0,https://x.com/jichan/status/1874160581026210042,1330724054781763587,jichan
1873866664040689696,Tue Dec 31 18:27:54 +0000 2024,0,@jeannirsln ya bisa pasrah aja sih,1874160569353462119,,jeannirsln,in,Kedai Kopi,0,0,0,https://x.com/underect/status/1874160569353462119,1726591482604527616,underect
1874160564773294180,Tue Dec 31 18:27:53 +0000 2024,0,sedih bgt coyyy,1874160564773294180,,,in,,0,0,0,https://x.com/dienforu/status/1874160564773294180,1551416078102056960,dienforu
1874060437752602680,Tue Dec 31 18:27:47 +0000 2024,0,@_kithly ga serem kena api dikit aja by,1874160539334828278,,ciastlee,in,july anderson. mdni,0,0,0,https://x.com/julyO__O/status/1874160539334828278,1834876592847544320,julyO__O
1874160534444274081,Tue Dec 31 18:27:46 +0000 2024,0,Ini bakal jadi notifikasi yang bikin army nangis tapi bukan karena sedih tapi seneng karena tanies balik,1874160534444274081,,,in,she/he,0,0,0,https://x.com/secretofliveva/status/1874160534444274081,1434852433117679620,secretofliveva
1874160532691071302,Tue Dec 31 18:27:45 +0000 2024,0,melow bntar bleh gk kalo denger suara kembang api jdi agak sedih tpi seneng dikit deng how i miss that moment,1874160532691071302,,,in,magic shop.,0,0,0,https://x.com/cimmicoo/status/1874160532691071302,1455909232755163137,cimmicoo
1874159101426676009,Tue Dec 31 18:27:45 +0000 2024,0,@jakesyin sangat setuju day6 lagu galau kebanggaan ak ,1874160531189469328,,jakesyin,in,She Her 20  📚🍎🎨🎀🍰,0,0,0,https://x.com/jayheelves/status/1874160531189469328,1079794374303567872,jayheelves
1874160527611695553,Tue Dec 31 18:27:44 +0000 2024,1,SEGEMESSS INI SELUCU INI BAHKAN JAUH DARI KATA GENDUT/GEMUK IH YAAMPUN SEDIH BANGET GUE LIAT KELAKUAN ORANG YANG JAHAT SAMA DIA,1874160527611695553,,,in,,0,0,0,https://x.com/sssunflwrr/status/1874160527611695553,1774436523771146241,sssunflwrr
1874060437752602680,Tue Dec 31 18:27:36 +0000 2024,0,@winterujak gausah takut by,1874160492958409069,,winterujak,in,july anderson. mdni,0,0,0,https://x.com/julyO__O/status/1874160492958409069,1834876592847544320,julyO__O
1874160482921394287,Tue Dec 31 18:27:34 +0000 2024,0,Udhlah makan sendiri muter lagu galau https://t.co/FJKxuToHAQ,1874160482921394287,https://pbs.twimg.com/media/GgJbBuEbYAUyX40.jpg,,in,,0,0,0,https://x.com/chuuyangitis/status/1874160482921394287,1744624186050674688,chuuyangitis
1873893263167701385,Tue Dec 31 18:27:33 +0000 2024,0,@_iamrobot_ udah pasrah aja si skr,1874160482183192740,,_iamrobot_,in,"Gotham, England",0,0,0,https://x.com/ttbozu8/status/1874160482183192740,67288214,ttbozu8
1873632368147456440,Tue Dec 31 18:27:33 +0000 2024,0,@afffiee sedih smt 5 terspam B,1874160481486897504,,afffiee,in,,0,1,0,https://x.com/kyarsyana/status/1874160481486897504,1638522403335835648,kyarsyana
1874160465385054330,Tue Dec 31 18:27:29 +0000 2024,0,Jangan takut untuk lelah dan Jangan takut untuk sia sia di jalan perjuangan. Selesaikan dengan baik dan pulang dengan hasil yang baik #semangatbaruditahunbaru,1874160465385054330,,,in,Indonesia,0,0,0,https://x.com/AdeIrma78857854/status/1874160465385054330,1297882953536561152,AdeIrma78857854
1874159173870776631,Tue Dec 31 18:27:29 +0000 2024,0,Entahlah hanya mereka yg didekat dia mengetahui kebenarannya dan kembali aku ingatkan ini bukan ajang untuk saling bilang karma dan lain sebagainya.Tapi aku yakin ortunya pun sedih temannya pun begitu apalagi dirinya sendiri yg menyimpan dengan baik dan rapi semua kesedihannya.,1874160465250771289,,a_a_am_27,in,Indonesia,0,1,0,https://x.com/a_a_am_27/status/1874160465250771289,331597025,a_a_am_27
1874158622030327985,Tue Dec 31 18:27:22 +0000 2024,0,@gukiezs Tidak usah sedih tidak usah gundah mariee bernyanyi bersamakuu ,1874160436486267009,,gukiezs,in,paradise.,0,1,0,https://x.com/likeansnow_/status/1874160436486267009,1408783425134202883,likeansnow_
1874158455646515574,Tue Dec 31 18:26:37 +0000 2024,0,@minglossies ga lagi galau kan??,1874160244189958632,,minglossies,in,Magic shop🪄🔮 ㅤㅤㅤㅤs!herㅤㅤㅤㅤ  ,0,0,0,https://x.com/vilyhob/status/1874160244189958632,1539148517448421376,vilyhob
1874159101426676009,Tue Dec 31 18:26:35 +0000 2024,0,@jayheelves emang lagu deisikseu itu cocok bikin galau ,1874160237453992417,,jayheelves,in,19,0,1,0,https://x.com/jakesyin/status/1874160237453992417,1263453680788897793,jakesyin
1874160233519722881,Tue Dec 31 18:26:34 +0000 2024,0,tapi aku nggak bisa janji apa pun untuk tahun ini. jaminanku beneran sampai kemarin doang. aku bisa aja besok sudah nggak ada ... aku bisa aja lusa sudah menyerah. sedih. &lt;/3,1874160235415589148,,13taun,in,"binar, sera, aoi | 📖: (17/30)",1,0,0,https://x.com/13taun/status/1874160235415589148,1323477003480125440,13taun
1874160223541486026,Tue Dec 31 18:26:32 +0000 2024,0,Huhu ny cheoli gw sedih bgt tiap liat dia dikatain perkara sakit yg bahkan di luar kuasa dia..,1874160223541486026,,,in,any pronouns / rant acc,0,0,0,https://x.com/tartzaglia/status/1874160223541486026,1538820337030549505,tartzaglia
1873935600304480416,Tue Dec 31 18:26:31 +0000 2024,0,@atikamld Iya jangan menyerah ya,1874160219833721311,,atikamld,in,,0,0,0,https://x.com/galasans/status/1874160219833721311,182733677,galasans
1873991808273047743,Tue Dec 31 18:26:30 +0000 2024,0,@nothing47_ @Liltotochan it's okey palalu gua sampe depresi berminggu minggu iya gua tau gua yg salah tp gua percaya hbs ini pasti digantikan yg lebih sama Tuhan gua bayar utang 60 juta ini gatau gua lunasin smpe kapan tp doain aja dehh semoga banyak rezeki lebih jadinya ttp bisa bersedekah,1874160216176288144,,nothing47_,in,,0,0,0,https://x.com/kimnaey368192/status/1874160216176288144,1647442436942352384,kimnaey368192
1874160184534458413,Tue Dec 31 18:26:22 +0000 2024,0,throwback akhir 2023 tahun terpuruk dan terburuk untuk kesekian kali. rasanya kyk mimpi bisa bangkit lg. dimasa itu selalu dikasih afirmasi dan support sm sosok virtual yg klo mw ketemu harus nabung keras. makasih Na Jaemin️ Please bless him God https://t.co/SE91pf4LKu,1874160184534458413,https://pbs.twimg.com/ext_tw_video_thumb/1874082984250531850/pu/img/445cQ_iWErQji52I.jpg,,in,,0,0,0,https://x.com/bubblejae_/status/1874160184534458413,1080031551792902146,bubblejae_
1873975604913332656,Tue Dec 31 18:26:22 +0000 2024,0,@nanura__ udah kecewa banget si,1874160182995099925,,nanura__,in,,0,0,0,https://x.com/segmua/status/1874160182995099925,902933200107745280,segmua
1874160182366024115,Tue Dec 31 18:26:22 +0000 2024,0,Pulang ksini hampa pah Ga ada lagi CINTA,1874160182366024115,,,in,"Kota Tangerang, Banten",0,0,0,https://x.com/NdiIsnotOver/status/1874160182366024115,89750455,NdiIsnotOver
1874060193182736847,Tue Dec 31 18:26:15 +0000 2024,0,@NarasiNewsroom 2020 gw kehilangan pekerjaan karena covid dan skrg gw lagi berusaha bangkit lagi. Tolonglah gausah aneh-aneh lagi. Lu mau menghilangkan setengah populasi manusia apa gimana. Stres lama lama,1874160155132387778,,NarasiNewsroom,in,,0,0,0,https://x.com/Sunflower1051/status/1874160155132387778,1502650489271308289,Sunflower1051
1874160150615122426,Tue Dec 31 18:26:14 +0000 2024,0,ya sori deh kalo gw jadi manusia sok stres organisasi dan problem gw adalah deadline sama wifi yang suka eror ajg https://t.co/DadXRWPpla,1874160150615122426,https://pbs.twimg.com/media/GgJauRebMAArhcn.jpg,,in,,0,0,0,https://x.com/zradgtr_/status/1874160150615122426,1602168945347215360,zradgtr_
1874152673722900650,Tue Dec 31 18:26:06 +0000 2024,0,@xojaem KATA SIAPA,1874160115743678769,,xojaem,in,july anderson. mdni,0,1,0,https://x.com/julyO__O/status/1874160115743678769,1834876592847544320,julyO__O
1874157873430958172,Tue Dec 31 18:26:04 +0000 2024,36,@onthedrivwhome kayanya klo nomer 1 gua di 12 jam pertama udh gagal si,1874160109183787136,,onthedrivwhome,in,,0,0,0,https://x.com/kalaktu1/status/1874160109183787136,1661205785664434180,kalaktu1
1874160108617556203,Tue Dec 31 18:26:04 +0000 2024,0,eh sedih... aku ga buka twitter dari kemarin jadi ga masuk ke twitter moots 2024 nya siapapun T____T maaf ya semua aku bakal berusaha buat manage waktu ku biar bisa interact sama kalian lebih sering &lt;3,1874160108617556203,,,in,von dutch,0,0,0,https://x.com/dainsleve/status/1874160108617556203,1735558131370094592,dainsleve
1873979189285839214,Tue Dec 31 18:26:04 +0000 2024,0,@Myfavoritesvt eh dichat aja kayanya kak setelah co nya gitu,1874160108042936539,,ptr_selsel,in,,0,0,0,https://x.com/miawonwooo/status/1874160108042936539,1772150440735784960,miawonwooo
1874160107740946851,Tue Dec 31 18:26:04 +0000 2024,0,gagal makan anggur ,1874160107740946851,,,in,"Zurich, Switzerland",0,3,0,https://x.com/hurxcanee/status/1874160107740946851,1606667786247634945,hurxcanee
1873999430116139249,Tue Dec 31 18:25:59 +0000 2024,0,@anakrajadubai wkwk aku kadang juga heran knapa bisa kaya gitu ya,1874160084982653185,,anakrajadubai,in,,0,0,0,https://x.com/punditgagal/status/1874160084982653185,765555217089830913,punditgagal
1874029624164048959,Tue Dec 31 18:25:51 +0000 2024,1,@gagal_hijrah Manut guru masing2,1874160051889594822,,gagal_hijrah,in,,0,0,0,https://x.com/GunAmin_/status/1874160051889594822,1750332698047254528,GunAmin_
1874160044373336348,Tue Dec 31 18:25:49 +0000 2024,0,Lelah,1874160044373336348,,,in,Kalimantan Tengah,0,0,0,https://x.com/itsmerama__/status/1874160044373336348,1794203717442666496,itsmerama__
1874004656311177501,Tue Dec 31 18:25:49 +0000 2024,0,@qtikaasr_ jangan menyerah sis,1874160042615923078,,qtikaasr_,in,,0,0,0,https://x.com/myhppylittlepil/status/1874160042615923078,1009388234621632512,myhppylittlepil
1873923364789637428,Tue Dec 31 18:25:46 +0000 2024,0,@tanyarlfes aku ngapa ngapain sih walaupun di rumah sendirian,1874160031408808330,,tanyarlfes,in,Indonesia (haha),0,0,0,https://x.com/undlessly/status/1874160031408808330,1623846227967348737,undlessly
1874160025058632071,Tue Dec 31 18:25:44 +0000 2024,0,Halaman sebelumnya meskipun tidak banyak berhasil tapi itu semua tidak gagal tidak juga kalah. Hanya kehabisan waktu. Lanjut pada halaman baruu https://t.co/b4wa91aJPh,1874160025058632071,https://pbs.twimg.com/media/GgJamnaaMAAvZUC.jpg,,in,,0,0,0,https://x.com/yankmoelia/status/1874160025058632071,1667945333299740676,yankmoelia
1874159999704015157,Tue Dec 31 18:25:38 +0000 2024,2,ini sedih sih tapi yaudah mau dia kirim obat 1 ton jg blm tentu bapaknya ga meninggal gak sih,1874159999704015157,,,in,ʕ⁠´⁠•⁠ᴥ⁠•⁠`⁠ʔ,0,0,0,https://x.com/ravenmaubelajar/status/1874159999704015157,1350871489810100226,ravenmaubelajar
1874039201228046632,Tue Dec 31 18:25:37 +0000 2024,0,@hallomay__ Sedih dah kak,1874159995945988279,,hallomay__,in,"Bali, Indonesia",0,0,0,https://x.com/elynedanica/status/1874159995945988279,454040802,elynedanica
1874159979919532090,Tue Dec 31 18:25:34 +0000 2024,0,2024 gua nano nano parah sih banyak sedih tapi ada senengnya walaupun dikit hehehe,1874159979919532090,,,in,"Jakarta, Indonesia ",0,0,0,https://x.com/hapekentangg/status/1874159979919532090,1246670661252071426,hapekentangg
1874159817994232120,Tue Dec 31 18:25:33 +0000 2024,0,@menfess Awal tahunku sedih ngga dapet follback dari kamu,1874159975968510080,,menfess,in,nathadekoko! ❤︎,0,0,0,https://x.com/ryuwzjin/status/1874159975968510080,2337643302,ryuwzjin
1874159959300333739,Tue Dec 31 18:25:29 +0000 2024,0,bener bener gak pernah sekalipun gagal cover lagu apapun kebanggaan mami,1874159959300333739,,,in,,0,1,0,https://x.com/thebusanboyz/status/1874159959300333739,1112385208139997185,thebusanboyz
1874159958344061159,Tue Dec 31 18:25:28 +0000 2024,1,kecewa anjir,1874159958344061159,,,in,homophobic dni,0,0,0,https://x.com/xiaojawa/status/1874159958344061159,1181076831518130177,xiaojawa
1874159874306867402,Tue Dec 31 18:25:27 +0000 2024,0,meski gak bakal kaget kko dapet segini alias pasrah,1874159952845324545,,cyncostangen,in,cyn,0,0,0,https://x.com/cyncostangen/status/1874159952845324545,1674396361683529728,cyncostangen
1873995858116800656,Tue Dec 31 18:25:24 +0000 2024,0,@blueberyfaygo yaudah kak sana pergi bikin planet sendiri,1874159940585349234,,blueberyfaygo,in,,0,0,0,https://x.com/punditgagal/status/1874159940585349234,765555217089830913,punditgagal
1874159929306865863,Tue Dec 31 18:25:22 +0000 2024,4,2025 ternyata ga seseru itu kecewa,1874159929306865863,,,in,,0,2,0,https://x.com/MakancU/status/1874159929306865863,1139131075685302273,MakancU
1874158449673855100,Tue Dec 31 18:25:21 +0000 2024,0,Tapi malah disuruh posisi di tengah Spontan beliau2 nyeletuk Bismillah semoga tahun depan nular weya punya suami juga Antara kaget pengen ketawa sedih tpi ga sedih amat krna merasa dikasihanin senang karna ada yg care juga sma we campur aduk pokoknya,1874159927922745809,,whrswkutb,in,Indonesia,0,1,0,https://x.com/whrswkutb/status/1874159927922745809,234660699,whrswkutb
1874159899200135570,Tue Dec 31 18:25:14 +0000 2024,0,jadi gini rasanya tidur sendirian,1874159899200135570,,,in,ca+,0,1,0,https://x.com/mooimouss/status/1874159899200135570,1510138367920406531,mooimouss
1874159874818678992,Tue Dec 31 18:25:09 +0000 2024,0,SEDIH,1874159874818678992,,,in,"Zurich, Switzerland",0,0,0,https://x.com/hurxcanee/status/1874159874818678992,1606667786247634945,hurxcanee
1874159861598130556,Tue Dec 31 18:25:05 +0000 2024,0,bocah monyet taun baru isinya galau,1874159861598130556,,,in,,0,0,0,https://x.com/idllyss/status/1874159861598130556,1759259702658260992,idllyss
1874151993247490329,Tue Dec 31 18:24:59 +0000 2024,0,ih asli inimah sedih. sedih kl keinget apa aja yg dtg di 2024 apa aja yg udh dilalui sm ak sampe 2024 kmrn gmn prosesnya gmn jatuh bangunnya suka dukanya kek kebayang smuanya.. skrg ak dh msuk ke thn yg baru jelas bnyk pertanyaan2 dan ktakutan2 yg muncul..,1874159834544955459,,lovioww,in,,0,1,0,https://x.com/lovioww/status/1874159834544955459,1519205153106063361,lovioww
1874159824021446687,Tue Dec 31 18:24:56 +0000 2024,0,naudzubillah moga lu 2025 kena tipu rugi bandar stres stres dah lu bodoamat doa jelek,1874159824021446687,,,in,right side of history,0,0,0,https://x.com/lvlyfsh_/status/1874159824021446687,937964164412194816,lvlyfsh_
1873984697770156335,Tue Dec 31 18:24:56 +0000 2024,0,@PattayaLifeIDN Jadi sedih aku dengernya,1874159823014813765,,PattayaLifeIDN,in,,0,1,0,https://x.com/simelimeli/status/1874159823014813765,1636549497634557952,simelimeli
1874159822024958070,Tue Dec 31 18:24:56 +0000 2024,0,SEDIH https://t.co/wx2j11gANS,1874159822024958070,https://pbs.twimg.com/media/GgJabFRbYAIVK5i.jpg,,in,"London, England",0,0,0,https://x.com/vPabitel/status/1874159822024958070,1739638591985524736,vPabitel
1873964963968291195,Tue Dec 31 18:24:52 +0000 2024,0,@orilookstore jadi berasa lagi naik komedi putar kan kalo gini mah,1874159803616124967,,orilookstore,in,,0,0,0,https://x.com/punditgagal/status/1874159803616124967,765555217089830913,punditgagal
1874138907736154267,Tue Dec 31 18:24:49 +0000 2024,0,@PSSleman Bertahun menjalani ,1874159792882933948,,PSSleman,in,"Paliyan, Indonesia",0,0,0,https://x.com/yustio_adhi/status/1874159792882933948,880246597476470784,yustio_adhi
1874159680022602158,Tue Dec 31 18:24:47 +0000 2024,0,aduh kepotong gagal estetik,1874159786230677643,,wachwwt,in,heart pond,0,0,0,https://x.com/wachwwt/status/1874159786230677643,1368495975078096898,wachwwt
1874159770854449213,Tue Dec 31 18:24:44 +0000 2024,0,sedih banget liat kondisi lusiyang sekarang :( cepat sembuh yaa sayangkuu,1874159770854449213,,,in,unlabeled,0,0,0,https://x.com/neithzer/status/1874159770854449213,781146715780964352,neithzer
1874159757319340113,Tue Dec 31 18:24:41 +0000 2024,0,makasih ya aku sedih bgt,1874159757319340113,,,in,,0,0,0,https://x.com/quchengwo/status/1874159757319340113,1312588984401362945,quchengwo
1874159747878006803,Tue Dec 31 18:24:38 +0000 2024,0,Ekspektasi gw emang ketinggian kebanyakan angan2 gak belajar dari yang udah2 terlalu banyak berharap. Udah dibilang emang belum ketemu kebutuhan yang sama masih aja lupa. Sakit kesel kecewa telen sendiri ya. Mulai sekarang stop semuanya percuma.,1874159747878006803,,,in,"Kota Bandung, Jawa Barat",0,0,1,https://x.com/zytnation/status/1874159747878006803,779946374,zytnation
1874159744199619021,Tue Dec 31 18:24:37 +0000 2024,0,Sedih sih akhir tahun yg membagongkan. Ditolak bapak sendiri sbg anak. Diblok bjiirrrr,1874159744199619021,,,in,Indonesia,0,0,0,https://x.com/cutesydemury/status/1874159744199619021,93349827,cutesydemury
1873778065735922058,Tue Dec 31 18:24:27 +0000 2024,0,@aenggakun Ayo tahun baru gak boleh sedih ,1874159700830544050,,capricboys,in,Jakarta,0,1,0,https://x.com/findmeinurstep/status/1874159700830544050,744551201576878080,findmeinurstep
1873990517887033493,Tue Dec 31 18:24:24 +0000 2024,0,@Bersajak_id ayoo angkat kembali mahkota kalian yuk jadi yang lebih berharga dengan menghargai diri sendiri terlebih dulu,1874159687312302226,,Bersajak_id,in,,0,0,0,https://x.com/punditgagal/status/1874159687312302226,765555217089830913,punditgagal
1873899108924363251,Tue Dec 31 18:24:21 +0000 2024,0,@delfiayolanda Bener banget sudah terlalu kecewa ya,1874159676046320128,,delfiayolanda,in,,0,0,0,https://x.com/Silfinov/status/1874159676046320128,1784263084997316608,Silfinov
1874159653090976065,Tue Dec 31 18:24:16 +0000 2024,0,cape bgt kesepian,1874159653090976065,,,in,Ning's 17th,0,0,0,https://x.com/barisberdua/status/1874159653090976065,2624561542,barisberdua
1874159642508730683,Tue Dec 31 18:24:13 +0000 2024,0,Tahun baruan nangisin papah yg di rumah sendirian,1874159642508730683,,,in,,0,0,0,https://x.com/pengenjujurr/status/1874159642508730683,1767103662277771264,pengenjujurr
1874158707623551379,Tue Dec 31 18:24:13 +0000 2024,0,gua beneran ngabisin 9 bulan cuma nangis gagal di hidup. kek tiap bulan adaaa aja gagalnya-_- gede2 lagi... akhirnya gua nyadar kalo.. gua bahkan gapernah gagal bjir. antara Tuhan ngehindarin gua dari keburukan waktunya digeser doang atau diganti jadi yang lebih baik:),1874159640566808854,,karaktervillain,in,,0,1,0,https://x.com/karaktervillain/status/1874159640566808854,1850212818668457984,karaktervillain
1874008861050626450,Tue Dec 31 18:24:08 +0000 2024,0,@thisxwalter Sedih bgt sih,1874159621423980780,,thisxwalter,in,"Swissvale, PA",0,0,0,https://x.com/rajinmager_/status/1874159621423980780,1142332153880965126,rajinmager_
1874159599202558196,Tue Dec 31 18:24:03 +0000 2024,0,Dan akhirnya aku jajan sendirian aja . Kek nya emang ditakdirkan untuk alone . Udahlah males mau berteman 2025,1874159599202558196,,,in,,0,0,0,https://x.com/suwitsuwitasahi/status/1874159599202558196,1647156627949371392,suwitsuwitasahi
1874159587995378117,Tue Dec 31 18:24:00 +0000 2024,13,pokemon tcg ini anjing banget ya. giliran main first turn terus giliran flip coin gagal mulu. anjing mksdnya apa sih,1874159587995378117,,,in,"Bandung, Jawa Barat",0,3,0,https://x.com/boboboykeren/status/1874159587995378117,1315770546,boboboykeren
1874159496609894814,Tue Dec 31 18:23:39 +0000 2024,0,god it's really coming! tahun yg aku tunggu tunggu... i have come so far havent i... rasanya baru kemaren ya nangis nangis takut galau 2 tahun ditinggal wamil AND HERE I AM entering the big big year of us kembali ke kita yg seperti dulu itu :3 SUPER HOPEFUL,1874159498933510647,,yapsoIutely,in,,0,0,0,https://x.com/yapsoIutely/status/1874159498933510647,1498613501820309504,yapsoIutely
1874155088350241139,Tue Dec 31 18:23:36 +0000 2024,0,@anestesian sedih,1874159485859897566,,anestesian,in,menyesuaikan,0,0,0,https://x.com/matchaace/status/1874159485859897566,1147372828666109952,matchaace
1874114325524406647,Tue Dec 31 18:23:34 +0000 2024,0,@duarrkaboom WKWKWKWK ak mau pamer aku dah pulang 3 tp kantongku ikut innalillahi SEMOGA CPT PULANG CHANN!! Oshimu syapaaa? . Udah dilakuin dan gagal ,1874159480306622885,,duarrkaboom,in,"25+, enfj-t, badut jompo loyo",0,1,0,https://x.com/imbibitorrlunae/status/1874159480306622885,1636702348948148226,imbibitorrlunae
1874159477236392346,Tue Dec 31 18:23:34 +0000 2024,0,gue sedih banget ya tod https://t.co/o57ziszIKU,1874159477236392346,https://pbs.twimg.com/media/GgJaHH5bYAIqd_f.jpg,,in,enfp 🔞🔞 mong second ⋆,0,0,0,https://x.com/chmorns/status/1874159477236392346,1777318852315267072,chmorns
1874159446466978296,Tue Dec 31 18:23:26 +0000 2024,0,gabisa dah gini aku kaya sedih banget,1874159446466978296,,,in,,0,0,0,https://x.com/sadspink/status/1874159446466978296,1205841461901529088,sadspink
1873933074872099220,Tue Dec 31 18:23:26 +0000 2024,0,@sarcasmxy enteng banget yak mulutnya kalo ngomong,1874159443296076277,,sarcasmxy,in,,0,0,0,https://x.com/punditgagal/status/1874159443296076277,765555217089830913,punditgagal
1874159434987155713,Tue Dec 31 18:23:24 +0000 2024,1,serius udh 2025!?!? akankah aku menghadapi kerasnya hidup ini sendirian lagi?,1874159434987155713,,,in,sby,0,2,0,https://x.com/caaaceew/status/1874159434987155713,1321784794351480832,caaaceew
1874159411650060481,Tue Dec 31 18:23:18 +0000 2024,0,gw seneng banget liat idol idol collab gitu tapi satu yg bikin gw sedih adalah pasti treasure gaikut acara seru kaya gt padahal gw kan pengen bgt anjg nontonin treasure collab sama siapa kek anjg emang yge kontol ,1874159411650060481,,,in,정우's heart ♡,0,0,0,https://x.com/jeonguT__T/status/1874159411650060481,2789897356,jeonguT__T
1874156263338369313,Tue Dec 31 18:23:18 +0000 2024,0,@casoodk AHAHAHAHAH sedih aku ca duriannya udh habis️,1874159411033432463,,casoodk,in,NCT Nations • HOLO MOLO 2025,0,0,0,https://x.com/haechanleegacy/status/1874159411033432463,1845812231419944960,haechanleegacy
1874159408202342623,Tue Dec 31 18:23:17 +0000 2024,0,happy birthday my winter aku ga pernah sesayang ini sm idol makasih udah ada di dunia ini dan kalo aku merasa kesepian aku selalu larinya ke kamu aku suka sama tawamu senyummu. terus seperti itu ya jangan sampai hilang. love you https://t.co/q9yqxy2BFJ,1874159408202342623,https://pbs.twimg.com/media/GgJaDKFaoAAl_b2.jpg,,in,kediaman ibu,0,0,0,https://x.com/aisyahgadiss/status/1874159408202342623,1626867459268694017,aisyahgadiss
1874159396143718411,Tue Dec 31 18:23:14 +0000 2024,0,sedih sedikit..,1874159396143718411,,,in,⋆ 𓆟 𓆞𓆟 𓆞𓆟 𓆞 ⋆   ,0,0,0,https://x.com/flormystere/status/1874159396143718411,1649090927166885890,flormystere
1874159369740575077,Tue Dec 31 18:23:08 +0000 2024,0,Fakkk lupa beli ebook yg di wishlist harganya udah berubah tahun baru tapi udah sedih,1874159369740575077,,,in,🇲🇨,0,2,0,https://x.com/annhajie_/status/1874159369740575077,814781446489444352,annhajie_
1873989745350676572,Tue Dec 31 18:23:03 +0000 2024,0,@praditavanjava bocil bocil kematian semua ini mah wkwk,1874159346713821609,,praditavanjava,in,,0,0,0,https://x.com/punditgagal/status/1874159346713821609,765555217089830913,punditgagal
1874159344570556431,Tue Dec 31 18:23:02 +0000 2024,0,sedih ini tahun baru terakhir sm kalian.....,1874159344570556431,,,in,YIA,0,0,0,https://x.com/croconude/status/1874159344570556431,1277023790954721280,croconude
1874159321627689037,Tue Dec 31 18:22:57 +0000 2024,0,LU BEDUA TIDUR KAH GA ADA YANG BALES UCAPAN GW JIR GW SEDIH @heymauvella @lavenderhazt,1874159321627689037,,,in,BUB FREE. DNFWC.,0,2,0,https://x.com/eteancelle/status/1874159321627689037,1691763955247837184,eteancelle
1874159318318366866,Tue Dec 31 18:22:56 +0000 2024,0,antara sedih dan seneng krn banyak orang yg belum bisa taun baru sama keluarganya dengan lengkap dan mreka dateng kerumah spy bisa taun baru sm keluarga aku dan mreka bisa dengan nyaman sekaligus happy deket sm orang tua aku juga,1874159318318366866,,,in,,0,1,0,https://x.com/frncalexandra/status/1874159318318366866,1303309228023578624,frncalexandra
1874159299083325724,Tue Dec 31 18:22:51 +0000 2024,12,Happy New Year 2025 Selama 24 tahun di Jogja baru kali ini nonton kembang api langsung ke 0km bonus kembang api gagal https://t.co/P2fCQl5nFH,1874159299083325724,https://pbs.twimg.com/ext_tw_video_thumb/1874159051145347072/pu/img/mcHK6YUDT4ebVZHM.jpg,,in,,0,3,1,https://x.com/easterli1y_/status/1874159299083325724,1203222010475634689,easterli1y_
1874154929738440975,Tue Dec 31 18:22:50 +0000 2024,1,@tintinRXTL WKWKWKKW GOMEN :'v GAGAL FOKUS,1874159295367176452,,tintinRXTL,in,,0,0,0,https://x.com/NanamiChalichia/status/1874159295367176452,1655893445242916865,NanamiChalichia
1874159295170056288,Tue Dec 31 18:22:50 +0000 2024,0,happy new year lele km ganteng cekaliii,1874159295170056288,,,in,wangmorie enjoyer☝️🤓🍀💓💭,0,0,0,https://x.com/miongclover/status/1874159295170056288,1720347981713686528,miongclover
1874117092947210429,Tue Dec 31 18:22:47 +0000 2024,0,@jangoqechill Playlist UL gak ada yang gagal sih ,1874159281333027089,,jangoqechill,in,,0,0,0,https://x.com/parkhandebutt_/status/1874159281333027089,1687790764296904704,parkhandebutt_
1874159267915456999,Tue Dec 31 18:22:44 +0000 2024,0,day 1 dibuka dngan ksedihan xixixiixixixixixi gktw jg knp sedih,1874159267915456999,,,in,Indonesia,0,1,0,https://x.com/katarinadiann/status/1874159267915456999,855613026065563649,katarinadiann
1873645319357157832,Tue Dec 31 18:22:41 +0000 2024,0,@_giffarii sedih sekali yah,1874159255642923259,,_giffarii,in,unlabeled. ,0,0,0,https://x.com/posesifl/status/1874159255642923259,1368524362316275714,posesifl
1874141406098579662,Tue Dec 31 18:22:41 +0000 2024,2,@CtLirik @CityLita Mengalah tidak oh (mengalah tidak) Menyerah tidak ey (menyerah tidak ey) Meski sendiri bersinar bak matahari Mengalah tidak oh (mengalah tidak) Menyerah tidak ey (menyerah tidak ey) Lita mesti sejuk hati.,1874159254237749639,,CtLirik,in,"Perak, Malaysia",0,1,0,https://x.com/NurAinfleur/status/1874159254237749639,1293769136258998272,NurAinfleur
1873936516445331779,Tue Dec 31 18:22:39 +0000 2024,0,@atikamldd Jadi gpp ya kalau gagal tuh sebenernyab,1874159246541283660,,atikamldd,in,,0,0,0,https://x.com/anoonamu/status/1874159246541283660,1735965775960367104,anoonamu
1874159232725217632,Tue Dec 31 18:22:35 +0000 2024,0,sedih bgt soalnya twit ku bikinnya pas udh 2025 karna baru sempet bikin ,1874159232725217632,,,in,nomin,0,0,0,https://x.com/nnjaesa_/status/1874159232725217632,1653240177400385536,nnjaesa_
1874150801146519838,Tue Dec 31 18:22:26 +0000 2024,0,@merapi_uncover deloken sampahe kui lur.. sdm indonesia cemas,1874159191608483882,,merapi_uncover,in,Jawa,0,0,0,https://x.com/ditkoin/status/1874159191608483882,1595801041945100293,ditkoin
1874159152446267551,Tue Dec 31 18:22:16 +0000 2024,1,sedih banget gabisa tahun baruan di amplaz padahal dikit lagi sampe tempat tinggal parkir aja tapi karna ruame dan muacet banget ketambah hujan dan aku sama pacarku gabawa jas hujan jadi balik lagi deh,1874159152446267551,,,in,,0,0,0,https://x.com/owkeysipp/status/1874159152446267551,973512421242372096,owkeysipp
1874158376349032507,Tue Dec 31 18:22:07 +0000 2024,0,Ini jadi kaya kesalahan besar tp jadi pelajaran buat ga deket2 bngt sama lawan jenis. Kalo ga deket meskipun mau nikah ga se lekat itu nempelnya. Dan sejak gagal nikah juga gue bilang ke diri sendiri kalo ga boleh jatuh cinta sebelim akad nikah,1874159114672316642,,audee84,in,"Chemnitz, Germany",0,0,0,https://x.com/audee84/status/1874159114672316642,434722370,audee84
1874159106950652177,Tue Dec 31 18:22:05 +0000 2024,0,Setelah diinget-inget 2024 banyak hal di luar dugaan. Bisa tiba-tiba beli hp duitnya tiba-tiba aja ada. Tiba-tiba sampai KL padahal awal tahun gagal konseran ke SG. Mana ngorbanin OOR taunya tiket TS nya scam wkwk. Trus tau-tau sertifikat ada 2! Alhamdulillah,1874159106950652177,,,in,,0,0,0,https://x.com/ditadtsfr/status/1874159106950652177,129733454,ditadtsfr
1874159101426676009,Tue Dec 31 18:22:04 +0000 2024,0,orgil baru awal taun ak udah dengerin lagu galau aja (day6) ,1874159101426676009,,,in,She Her 20  📚🍎🎨🎀🍰,0,1,0,https://x.com/jayheelves/status/1874159101426676009,1079794374303567872,jayheelves
1873982953627541768,Tue Dec 31 18:22:04 +0000 2024,0,@txthoam gatau dah gabisa berkata kata lagi mah,1874159100780831005,,txthoam,in,,0,0,0,https://x.com/punditgagal/status/1874159100780831005,765555217089830913,punditgagal
1873889186086044001,Tue Dec 31 18:22:00 +0000 2024,0,@atikamld jangan menyerah yaa sebelum kamu melihat mimpi km,1874159085962354722,,atikamld,in,"⠻⠿⣷⣤⣾⣿⠦⠀⠀ Memoir;   𓂃 ࣪˖ ✿ֵࠡ.ુ  Belletic 
⠀⠀⣼⡟⠀⠻⣷⡄⠀ kindergatten  ballet  shoes 
⠀⠜⠛⠁⠀⠀⠹⡇⠀ The Dancing Princess. ୭₊ 𐚈",0,0,0,https://x.com/swanlakqes/status/1874159085962354722,1541555222891204608,swanlakqes
1874159085370933727,Tue Dec 31 18:22:00 +0000 2024,0,congrats dmd(lagi sok sedih) jadi first song yang ak dengerin di 2025 trus disusul dua lagu kesukaan aku https://t.co/raq7XTOe7G,1874159085370933727,https://pbs.twimg.com/media/GgJZvfKbYAgRLHU.jpg,,in,pulupulu,0,0,0,https://x.com/giantyupi/status/1874159085370933727,1502299312327655424,giantyupi
1873977367024308573,Tue Dec 31 18:21:22 +0000 2024,0,@rafaelpratams salah sendiri lah sapa suruh ga bilang dulu ,1874158926692045242,,rafaelpratams,in,,0,0,0,https://x.com/punditgagal/status/1874158926692045242,765555217089830913,punditgagal
1873982951492596117,Tue Dec 31 18:21:22 +0000 2024,0,@kejepitmolen Tonjok aja yang bikin kecewa,1874158925773496498,,kejepitmolen,in,,0,0,0,https://x.com/skillfuul/status/1874158925773496498,3253838942,skillfuul
1873913008394821979,Tue Dec 31 18:21:19 +0000 2024,0,@eeich_bi Harus bisa bangkit klo gagal,1874158912758497372,,eeich_bi,in,,0,0,0,https://x.com/delfiayolanda/status/1874158912758497372,1298209864720637952,delfiayolanda
1873659205682352590,Tue Dec 31 18:21:19 +0000 2024,1,@kumparan INDONESIA CEMAS INDONESIA CEMAS CEMAS KAU DEK DEK,1874158912267813197,,kumparan,in,"Bogor, tapi bukan sunda asli",0,0,0,https://x.com/niyaseaya/status/1874158912267813197,940215030775128066,niyaseaya
1874158907649909188,Tue Dec 31 18:21:18 +0000 2024,0,Jahat banget gue sedih,1874158907649909188,,,in,,0,0,0,https://x.com/raidenmor/status/1874158907649909188,1828135668595466242,raidenmor
1874158902562218401,Tue Dec 31 18:21:17 +0000 2024,2,2025 dimulai dengan haru. lagi mandok hata si mameh ada2 aja. tbtb abis doa bareng langsung meluk gue sambil nangis. sedih mami. papi gaada di saat kalian udah pada keliatan mau naik karirnya. dia cuman bisa nemenin sampe titik penerbangan. jleb anyink... ,1874158902562218401,,,in,,0,0,0,https://x.com/sshhibuea/status/1874158902562218401,364274230,sshhibuea
1874158899055779949,Tue Dec 31 18:21:16 +0000 2024,0,ah udah lah taun baru masa galau ‍‍,1874158899055779949,,,in,,0,1,0,https://x.com/snowbcall/status/1874158899055779949,1244524181078732801,snowbcall
1874158897650622736,Tue Dec 31 18:21:16 +0000 2024,1,Pengalaman pertama tidak selalu gagal dan ya naik kereta cepat seru banget buatku (nagih juga). Dipikir-pikir punya transportasi umum yang layak dan mudah kaya gini ternyata is a true privilege. https://t.co/oaC9kJpEji,1874158897650622736,https://pbs.twimg.com/ext_tw_video_thumb/1874158861474816002/pu/img/9tYi8TXA0YZsyOrZ.jpg,,in,,0,2,0,https://x.com/beaucielbluee/status/1874158897650622736,1181514592012210176,beaucielbluee
1873897551742865709,Tue Dec 31 18:21:15 +0000 2024,0,@bacotanmika g bsa sendirian,1874158894785978382,,bacotanmika,in,"East Java, Indonesia",0,0,0,https://x.com/ahcegil/status/1874158894785978382,1395612149263732737,ahcegil
1874158891313082567,Tue Dec 31 18:21:14 +0000 2024,0,sedih tiap pergi kemanapun apalagi disini yang gua cari masih lo kak hahaha,1874158891313082567,,,in,,0,0,0,https://x.com/taradiaryy/status/1874158891313082567,1520259299700015105,taradiaryy
1874158845955891605,Tue Dec 31 18:21:03 +0000 2024,0,sumpa dah kok gue ngerasa kek ada yg berubah gitu si sedih bgt tai,1874158845955891605,,,in,,0,0,0,https://x.com/id6lize__/status/1874158845955891605,1873383780033110016,id6lize__
1874155292256325675,Tue Dec 31 18:21:02 +0000 2024,0,@bearwiftears Salam nak tanya kenapa sedih ek?! Also pleeaassee debut ,1874158840981446889,,bearwiftears,in,,0,1,0,https://x.com/bumitiniee/status/1874158840981446889,1605590557610610688,bumitiniee
1874158836678090838,Tue Dec 31 18:21:01 +0000 2024,0,SUMMMPAAAAH sedih arek e,1874158836678090838,,,in,,0,0,0,https://x.com/shiniight/status/1874158836678090838,1519641025815642112,shiniight
1874154744744468768,Tue Dec 31 18:20:59 +0000 2024,0,ga se serem itu tpi se sedih itu,1874158829778460902,,Zarraa16,in,Indonesia,0,0,0,https://x.com/Zarraa16/status/1874158829778460902,1252940906493165575,Zarraa16
1873936516445331779,Tue Dec 31 18:20:59 +0000 2024,0,@atikamldd Kalo gagal harus bangkit lagi ya,1874158829421912182,,atikamldd,in,,0,0,0,https://x.com/Oupeett/status/1874158829421912182,518136938,Oupeett
1874158805036249466,Tue Dec 31 18:20:53 +0000 2024,0,ak kyknya bisa deh bkin essay ngmngin sesayang bgt bgt bgt sm wonpil aduh sedih bgt huhu opillll sehat2 ya kamuu 2025 day6 unstoppable amin yeaaahh!! ,1874158805036249466,,,in,영현원필의 마음 ♡,0,0,0,https://x.com/miamography/status/1874158805036249466,737964745412612096,miamography
1874030486642921514,Tue Dec 31 18:20:51 +0000 2024,0,@Shellaemeliana1 iyaa sedih bgt woiii,1874158796156919906,,Shellaemeliana1,in,Indonesia,0,0,0,https://x.com/virnaan/status/1874158796156919906,500593556,virnaan
1874156283320033453,Tue Dec 31 18:20:12 +0000 2024,0,@merapi_uncover sdm indonesia cemas,1874158629848572402,,merapi_uncover,in,Jawa,0,1,0,https://x.com/ditkoin/status/1874158629848572402,1595801041945100293,ditkoin
1873969353915589046,Tue Dec 31 18:20:11 +0000 2024,0,@pioyip gokil banget,1874158628661584217,,pioyip,in,,0,0,0,https://x.com/punditgagal/status/1874158628661584217,765555217089830913,punditgagal
1874158600165482758,Tue Dec 31 18:20:05 +0000 2024,0,KAK: ((((( sedih bgt jujur,1874158600165482758,,,in,anikpopmanhwa twt 🔞,0,0,0,https://x.com/satongru/status/1874158600165482758,1606727550088392704,satongru
1874158598609395926,Tue Dec 31 18:20:04 +0000 2024,0,Ini knp dah mo ngisi token listrik gagal mulu. BARU JUGA TAHUN BARU ANJENGG‍,1874158598609395926,,,in,"akaken, allreo, rinbachi",0,0,0,https://x.com/gelapx/status/1874158598609395926,1240645216350027777,gelapx
1873921283077066770,Tue Dec 31 18:20:02 +0000 2024,0,@Oupeett lah nyetopnya gitu doang bjir ,1874158588647866602,,Oupeett,in,,0,0,0,https://x.com/punditgagal/status/1874158588647866602,765555217089830913,punditgagal
1874158567529603120,Tue Dec 31 18:19:57 +0000 2024,0,galau blm diucapin happy nuyear sm jeje krn belio psti lg cape,1874158567529603120,,,in,btsbnd | 99,0,0,0,https://x.com/moonmong1e/status/1874158567529603120,1506156004668755968,moonmong1e
1874150162853232788,Tue Dec 31 18:19:55 +0000 2024,2,@S_GraciaJKT48 Happy new year syg! Terimakasih buat kerjakerasnya di 2024 aku seneng banget bisa kenal kamu di tahun 2024 ga kerasa udah 1 tahun kamu menemani ku di saat aku kesepian semoga 2025 semakin banyak hal baik yg datang buat kamu! ,1874158559933718963,,S_GraciaJKT48,in,"Wonogiri, Indonesia",0,0,0,https://x.com/Bagusokta_/status/1874158559933718963,1745249464829571072,Bagusokta_
1874158555210858519,Tue Dec 31 18:19:54 +0000 2024,0,sedih wkwkwk,1874158555210858519,,,in,,0,1,0,https://x.com/shiniight/status/1874158555210858519,1519641025815642112,shiniight
1874158541134848390,Tue Dec 31 18:19:51 +0000 2024,0,Banyak orang kehilangan orang terkasihnya di 2024 :(( sedih bangettt semoga mereka semua diberi kebahagiaan yang melimpah,1874158541134848390,,,in,,0,0,0,https://x.com/armmadilllo/status/1874158541134848390,1106005995895939072,armmadilllo
1874158537162842304,Tue Dec 31 18:19:50 +0000 2024,0,tahun baru buat wish tahun baru war labubu tp gagal ,1874158537162842304,,,in,"slw resp, mention aftr dm🫰🏻",0,0,0,https://x.com/xokarino__o/status/1874158537162842304,1839674730049363968,xokarino__o
1874157702643146789,Tue Dec 31 18:19:47 +0000 2024,0,@blockbushoon Ga sesuai expect 1/10 buat 2025,1874158526047887491,,blockbushoon,in,hati Sunoo ,0,0,0,https://x.com/j_luvNa/status/1874158526047887491,1228076159373496321,j_luvNa
1874158482934648948,Tue Dec 31 18:19:37 +0000 2024,0,Happy new year guys 2024 nano-nano. ada sedih happy pelajaran dan plot twistnya. semoga 2025 banyak hal-hal baik yg berdatangan banyak bahagia nya. terimakasih juga buat orang2 yg datang dan pergi di 2024 kemarin. ada yg bisa dijadiin pelajaran hidup kenangan dll.,1874158482934648948,,,in,,0,1,0,https://x.com/nomnomwin/status/1874158482934648948,1431080360641634304,nomnomwin
1873896707295240450,Tue Dec 31 18:19:34 +0000 2024,0,@sigaabut wkwk anjirlah sedih amat,1874158470234304709,,sigaabut,in,handle full by admin,0,0,0,https://x.com/feelingsdannee/status/1874158470234304709,1761072429999501313,feelingsdannee
1874144253015974293,Tue Dec 31 18:19:32 +0000 2024,1,@zetauri sedih... tp gpp klo awet setahun,1874158463041102078,,zetauri,in,,0,1,0,https://x.com/zosiologi/status/1874158463041102078,1148958145940578305,zosiologi
1873953645227893231,Tue Dec 31 18:12:53 +0000 2024,0,@dirrextur ini emang beneran gatau apa emang gapeka kok pakek nanya segala,1874156789727715690,,dirrextur,in,,0,0,0,https://x.com/punditgagal/status/1874156789727715690,765555217089830913,punditgagal
1874156772568818093,Tue Dec 31 18:12:49 +0000 2024,0,keaaa yg senenggg bgt bisa becanda am tmn sd dn smp guaa lgi walopun g lama. keaaa akhir2 ini tu lg ngrasa sedih bgt krna bisa sejauh itu am tmn sd dn smp. dn lg mikir pdhl dlu tuh dkt bgt bgt bgt lhoo keaa pengen balik lagiii ke masa deket ituuu. I MISSS THEMM SO MUCHHH,1874156772568818093,,,in,,0,0,0,https://x.com/laajdeh/status/1874156772568818093,1311585013310267392,laajdeh
1874156751886696460,Tue Dec 31 18:12:45 +0000 2024,0,merasa sangat dicintai tapi di sisi lain tidak diinginkan senang dan sedih gagal dan berhasil ditinggalkan dan belajar mengikhlaskan awal tahun kayak selow pas pertengahan gonjang ganjing,1874156754625572960,,firdoen,in,,0,1,0,https://x.com/firdoen/status/1874156754625572960,907519062,firdoen
1874143644527321373,Tue Dec 31 18:12:41 +0000 2024,1,@kridotido apakah drone show di bundaran hi gagal terbang pas tahun baru karena kemungkinan kena signal jamming karena ada orang nomor 1 indonesia datang di tengah kerumunan?,1874156738154541165,,ryan__ian,in,,0,0,0,https://x.com/ryan__ian/status/1874156738154541165,578984786,ryan__ian
1874156734098583734,Tue Dec 31 18:12:40 +0000 2024,0,sedih..,1874156734098583734,,,in,,0,0,0,https://x.com/moviour/status/1874156734098583734,2758952140,moviour
1874040300286742687,Tue Dec 31 18:12:33 +0000 2024,0,@alpokatmentega galau mulu,1874156704604316042,,alpokatmentega,in,regent's park,0,0,0,https://x.com/notpollux_/status/1874156704604316042,1521433568978739202,notpollux_
1874156690951766509,Tue Dec 31 18:12:29 +0000 2024,1,Peluk jauhhh ʕっ ᴥ ʔっ Emang sulit memaafkan kalau lagi lagi marah/kecewa berat. Kita berhak kok. Cuma jangan nyakitin orang lain ya aku sih kasian ke anak kecilnya. Btw semoga bisa cepat move on dan dapat cwo yang 1000x lebih baik,1874156690951766509,,,in,,0,0,0,https://x.com/semogaawett/status/1874156690951766509,1855351732039196672,semogaawett
1874156688955363470,Tue Dec 31 18:12:29 +0000 2024,0,31 Desember tidak akan sama lagi karena Ratu Tahun Baru tidak menjadi MC lagi huaaaaa sedih ,1874156688955363470,,,in,,0,0,0,https://x.com/pixie_du5ty/status/1874156688955363470,1442105847581065222,pixie_du5ty
1874156680570953874,Tue Dec 31 18:12:27 +0000 2024,0,Tetap jalani hidup walaupun sebenarnya udah pasrah banget,1874156680570953874,,,in,,0,0,0,https://x.com/cxndyzz/status/1874156680570953874,1411527743515160579,cxndyzz
1874154866404188386,Tue Dec 31 18:12:24 +0000 2024,0,@tanyakanrl Kmu tidak sendirian ,1874156666511646848,,tanyakanrl,in,,0,0,0,https://x.com/Dalkhomanana/status/1874156666511646848,1207644494289457152,Dalkhomanana
1874127164162842788,Tue Dec 31 18:12:21 +0000 2024,0,@tanyarlfes aku jg sendirian aja kok mder dikamar ,1874156657552589267,,tanyarlfes,in,anikpopmanhwa twt 🔞,0,0,0,https://x.com/satongru/status/1874156657552589267,1606727550088392704,satongru
1874156651554693539,Tue Dec 31 18:12:20 +0000 2024,0,Sebenernya gapapa cuma tetep aja sedih nggak bohong agak nyess gitu. Cuma gapapa emang gak ada yang salah. Yang salah gue ekspektasinya ketinggian.,1874156651554693539,,,in,cyber account,0,0,0,https://x.com/maxxdern/status/1874156651554693539,1625176076371775491,maxxdern
1874143508430544942,Tue Dec 31 18:12:19 +0000 2024,0,@sayHIVI Huhu sedih,1874156647591072019,,sayHIVI,in,knowhere,0,0,0,https://x.com/kidranggi/status/1874156647591072019,1495499586,kidranggi
1874155073171054805,Tue Dec 31 18:12:19 +0000 2024,0,Iya sebagiannya akan berhasil ke luar negri dan bersembunyi. Yg gagal akan jatuh atau tetap berkuasa sampai semua rakyat yg bisa diperas sudah mati. Tapi jangan lupa. Ada negara2 yg terpaksa lewat wilayah perairan dan wilayah udara kita. Mereka siap menyerang.,1874156646131437737,,trickymindful,in,Palestine will be free,0,1,0,https://x.com/trickymindful/status/1874156646131437737,62229279,trickymindful
1874155835498389552,Tue Dec 31 18:12:18 +0000 2024,0,Man idk seneng my parents ga baca the surat tpi sedih jg mereka ttp stay ga tau. that i. struggle too. idk. maybe sepele. tpi its ok,1874156642792857918,,Lix_Yy,in,She/they,0,0,0,https://x.com/Lix_Yy/status/1874156642792857918,1416602110834077696,Lix_Yy
1874146290331984168,Tue Dec 31 18:12:14 +0000 2024,0,@onduuty iya kakk mna lagu nya tb dj tb galau ,1874156627361980427,,onaoii,in,sbt + fa 🥢,0,0,0,https://x.com/hattpages/status/1874156627361980427,1645759067833638913,hattpages
1874013528568500686,Tue Dec 31 18:12:13 +0000 2024,0,@faysiren Jak set12 naik motor sendirian jirrrrr,1874156621175418954,,faysiren,in,"Karawang, Jawa Barat",0,0,0,https://x.com/aphrodinate/status/1874156621175418954,1001560603,aphrodinate
1873954041971270098,Tue Dec 31 18:12:13 +0000 2024,0,@sobatsambvt terimakasih banyak sudah mau menjadi teman terbaikku,1874156620630175754,,sobatsambvt,in,,0,0,0,https://x.com/punditgagal/status/1874156620630175754,765555217089830913,punditgagal
1476950564625731587,Tue Dec 31 18:11:00 +0000 2024,0,Di dokter obgyn kena mental karna di judge perkara LDM. Sedih... Suami udh pasrah dan berekspektasi aku haid padahal sebelum2nya selalu suruh tespek :( aku juga udh pasrah.. Mau diajak ke lampung juga akhir tahun..,1874156315263852855,,Cuungjee,in,,0,1,0,https://x.com/Cuungjee/status/1874156315263852855,1414556708,Cuungjee
1873930181402124626,Tue Dec 31 18:10:58 +0000 2024,1,@rem_elsceah3to3 terharuuu kamu seniat ini kaak terima kasih banyaak aamiin semoga berbalik ke kamu yap do'a baiknyaa lup u kak el,1874156309177917698,,rem_elsceah3to3,in,hati Jaehyun,0,1,0,https://x.com/_JeongJaehyun21/status/1874156309177917698,1655804139379757057,_JeongJaehyun21
1874156290878181514,Tue Dec 31 18:10:54 +0000 2024,0,Kecewa bgt bgt bgt sampe ga nyangka,1874156290878181514,,,in,,0,1,0,https://x.com/ketendunk/status/1874156290878181514,1816793188595826693,ketendunk
1873910954469228867,Tue Dec 31 18:10:53 +0000 2024,0,@memeunivrse bisa bisanya segercep itu pakek kaos nya wkwk,1874156287765971310,,memeunivrse,in,,0,0,0,https://x.com/punditgagal/status/1874156287765971310,765555217089830913,punditgagal
1874156276521066723,Tue Dec 31 18:10:51 +0000 2024,0,kok w sedih ya tahun baru gini ,1874156276521066723,,,in,,0,0,0,https://x.com/cimzol/status/1874156276521066723,532871694,cimzol
1874150666928853399,Tue Dec 31 18:10:48 +0000 2024,0,@liniena HUHU TAIK JGN BUAT GW SEDIH TERHARU JUGA,1874156264521162770,,liniena,in,Kingdom of Saudi Arabia,0,0,0,https://x.com/cupangstroberi/status/1874156264521162770,1654463918381895680,cupangstroberi
1874156252588368020,Tue Dec 31 18:10:45 +0000 2024,0,Sedih banget sihhhh,1874156252588368020,,,in,Indonesia,0,0,0,https://x.com/dy_echaa/status/1874156252588368020,769447769769521153,dy_echaa
1874156245613240422,Tue Dec 31 18:10:43 +0000 2024,0,sumpah diriku langsung hampa bgt,1874156245613240422,,,in,solf4m,0,0,0,https://x.com/lilapplepies/status/1874156245613240422,1802637811230908416,lilapplepies
1874156239904723004,Tue Dec 31 18:10:42 +0000 2024,0,Tahun 2024 ditutup dengan kecewa sama temen dan pergelangan kaki terkilir. Semoga sial nya abis di 2024 ,1874156239904723004,,,in,,0,0,0,https://x.com/thinker_hell/status/1874156239904723004,1589629438588690432,thinker_hell
1874156238956826659,Tue Dec 31 18:10:42 +0000 2024,2,have successfully passed 2024 with him agak sedih karena hidup gw di 2024 ini beneran muter di kerjaan dan kpop tapi i love that juga karena gw punya banyak temen baru https://t.co/MiuVrCLnym,1874156238956826659,https://pbs.twimg.com/media/GgJXKtXbYAEOvWR.jpg,,in,127,0,1,1,https://x.com/_maudinara/status/1874156238956826659,1478686862571040772,_maudinara
1874064282998235260,Tue Dec 31 18:10:39 +0000 2024,5,@tubirfess gue sedih bgt baca ini jujur gue tau bgt posisi nya jadi sender yg sebel karena mendadak jadi tulang punggung keluarga karena keluarga yg pasrahan langsung lempar tanggung jawab ke kita. semangat sender jgn lama lama nyalahin diri sendirinya tetap kirimin doa ke ayahnya ya,1874156227451904234,,tubirfess,in,,0,0,0,https://x.com/sukangeggas/status/1874156227451904234,1166666153759891456,sukangeggas
1874145014286344368,Tue Dec 31 18:10:38 +0000 2024,0,@SihungMaung_ Keluh kesah yg Mr.T galau,1874156223085633876,,SihungMaung_,in,,1,0,0,https://x.com/laboon11_/status/1874156223085633876,1667206127799660549,laboon11_
1874156200646107254,Tue Dec 31 18:10:33 +0000 2024,0,Ulang tahunku 9 tahun lalu waktu 2016 aku ngemper di RS karena bapak jatoh waktu siangnya. Masih sedih kalo diinget-inget. Kangen bapak. Al-fatihah ,1874156200646107254,,,in,,0,0,0,https://x.com/easyisnotez/status/1874156200646107254,1809702177793011712,easyisnotez
1874156198834110897,Tue Dec 31 18:10:32 +0000 2024,0,Udah pasrah,1874156198834110897,,,in,Indonesia,0,0,0,https://x.com/addiwick/status/1874156198834110897,568083715,addiwick
1874156195378061491,Tue Dec 31 18:10:31 +0000 2024,0,very grateful in 2024 mengingat tahun baru 2024 ku sambut sendirian &amp; di hari itu aku masuk kerja alhamdulillah tahun ini bisa bareng keluarga &amp; dapet libur. Hamdalah jg di tahun ini dpt banyak pengalaman &amp; kerjaan yg enak walau melenceng sm skill yg ku punya,1874156195378061491,,,in,,0,0,0,https://x.com/Najiminieara/status/1874156195378061491,1130482489934241792,Najiminieara
1874154623906570404,Tue Dec 31 18:10:31 +0000 2024,0,@ymaptr aku sudah dewasa aku sudah kecewa,1874156192513372332,,ymaptr,in,Indonesia,0,0,0,https://x.com/senakjidatt/status/1874156192513372332,1570072403241467904,senakjidatt
1874142897597276391,Tue Dec 31 18:10:27 +0000 2024,3,@indokpopreject Mungkin salah satu sebabnya karena dia punya riwayat depresi jadi makin parah setelah tau kalo (+). Rip.,1874156178806366613,,indokpopreject,in,salah satu sudut bumi ,0,0,0,https://x.com/pendudukboemi/status/1874156178806366613,1076514171087335424,pendudukboemi
1874156172640653783,Tue Dec 31 18:10:26 +0000 2024,0,tapi orang yg bikin aku kek gini ga bakal ngerasa bersalah selama seumur hidupnya gatau deh kok bisa kek gitu,1874156172640653783,,,in,,0,0,0,https://x.com/yupiyay/status/1874156172640653783,1193023526644539392,yupiyay
1873984798311747757,Tue Dec 31 18:10:26 +0000 2024,0,@drakkxen Iyaa karna udah stres ajaa,1874156172179292247,,drakkxen,in,new world,0,0,0,https://x.com/abcdefakeheru/status/1874156172179292247,1266694678826512384,abcdefakeheru
1873993049170469382,Tue Dec 31 18:10:21 +0000 2024,0,@Arti_SebuahRasa jan seneng mendem masalah sendirian,1874156154068386019,,Arti_SebuahRasa,in,,0,0,0,https://x.com/DakwaTime/status/1874156154068386019,2758514019,DakwaTime
1874156125568065815,Tue Dec 31 18:10:15 +0000 2024,0,Tengkyu bgt ini video bikin gue bisa nangis. Dari td sedih bgt tp gak bisa nangis,1874156125568065815,,,in,26,0,0,0,https://x.com/werewaolf/status/1874156125568065815,1230542281259634688,werewaolf
1873925134832328871,Tue Dec 31 18:10:14 +0000 2024,0,@leciifloat_ wkwk ngakak banget . ada bae kelakuannya,1874156123336696028,,leciifloat_,in,,0,0,0,https://x.com/punditgagal/status/1874156123336696028,765555217089830913,punditgagal
1874156121772167219,Tue Dec 31 18:10:14 +0000 2024,0,cocok nih buat dikamar biar ga kesepian https://t.co/nnxEBnSjuj,1874156121772167219,,,in,,0,0,0,https://x.com/Oziiierr/status/1874156121772167219,1789948389112877056,Oziiierr
1874150354025406737,Tue Dec 31 18:10:11 +0000 2024,0,@lunga_mbedil lelah,1874156108497166753,,lunga_mbedil,in,,0,0,0,https://x.com/Andr_Photostory/status/1874156108497166753,1069640002403876864,Andr_Photostory
1874156087559037432,Tue Dec 31 18:10:06 +0000 2024,43, bengong dikit nangis ke tempat ibadah pasti ada nangisnya.. hehe... kenapa ya aku ngerasa cobaanku ga seberat yg lain tp knp aku cengeng banget baru lulus dan abu bgt apa karna terlalu cemas ya sama apa yg ada di depan,1874156087559037432,,,in,,1,6,5,https://x.com/convomf/status/1874156087559037432,1314975287294083073,convomf
1874156073365750074,Tue Dec 31 18:10:02 +0000 2024,0,Sedih bgt jir baru akrabnya pas udah mau pulang tai KENAPA SELALU BEGITU????,1874156073365750074,,,in,,0,0,0,https://x.com/mengotot/status/1874156073365750074,1189394829236568064,mengotot
1873907650796433595,Tue Dec 31 18:10:01 +0000 2024,0,@ahcegil hufttt sedih sekali ya emang,1874156069922161148,,ahcegil,in,,0,0,0,https://x.com/ariefatmojo_/status/1874156069922161148,155862578,ariefatmojo_
1874156058849198147,Tue Dec 31 18:09:59 +0000 2024,0,Syedih bgt liat ini..mentalnya udh kena bgt ortunya pst lebih sedih ,1874156058849198147,,,in,"depok, indonesia",0,0,0,https://x.com/konkonYora/status/1874156058849198147,52995575,konkonYora
1874156058513727916,Tue Dec 31 18:09:59 +0000 2024,0,Banyak hal yang membuat aku berpikir untuk menyerah. tapi lihat! sekali lagi aku berhasil. Mari kita bertahan sebentar lagi. Kita sudah hampir di garis finish. Bangtan mari kita penuhi janji ituhttps://t.co/yDmyxbXX8Z,1874156058513727916,https://pbs.twimg.com/amplify_video_thumb/1873754210992259072/img/063D9yu-PBY-D9dV.jpg,,in,,0,0,0,https://x.com/AmoyaTwins/status/1874156058513727916,1776732001510567936,AmoyaTwins
1874156013412376859,Tue Dec 31 18:09:48 +0000 2024,0,Malam tahun baru diawali dengan nangis dan kecewa berat dengan diri sendiri. Kenapa aku ga cepet nemu kos biar pulang kerja bisa cepet tidur. Kenapa malah gabisa tidur sih sekarang cokk apa perlu besok beli obat tidur.,1874156013412376859,,,in,,0,0,0,https://x.com/Baekhyunn1485/status/1874156013412376859,1308646023674306560,Baekhyunn1485
1874155922572141028,Tue Dec 31 18:09:46 +0000 2024,0,Kado terindah di awal tahun baru ini,1874156007305470300,,fleurianaam,in,,0,0,0,https://x.com/fleurianaam/status/1874156007305470300,1662032042094387202,fleurianaam
1874156000565223759,Tue Dec 31 18:09:45 +0000 2024,1,Ouhhhhhh sorosss tohhh ... pantesan aja indonesia masuk cover the economist ... wkwkwkwk ternyata jahat bgt yaa soros ... masih sakit hati dia 1998 gagal bikin indo pecah,1874156000565223759,,,in,Jakarta Capital Region,0,0,0,https://x.com/JulianArchieZ/status/1874156000565223759,1056224880100659200,JulianArchieZ
1874155845967372741,Tue Dec 31 18:09:43 +0000 2024,0,karena 2024 beneran diserang masalah dari segala sisi mulai dari percintaan gagal pertemanan toxic sampe keluarga sendiri berantakan. kayak gak dikasih waktu buat nafas tenang dikit aja.,1874155993829171512,,ponyoiesm,in,rl thingly ,0,0,0,https://x.com/ponyoiesm/status/1874155993829171512,1812816593073963009,ponyoiesm
1873960554987216955,Tue Dec 31 18:09:43 +0000 2024,0,@JatIkhwan @ienhisham belum diputuskan bersalah tapi dah menghukum macam kamu Ketua Hakim Negara. Macam dia curi duit kamu. Hormat proses undang undang,1874155991429939251,,JatIkhwan,in,,0,0,0,https://x.com/anuckibu/status/1874155991429939251,942527790,anuckibu
1874155867639341121,Tue Dec 31 18:09:13 +0000 2024,13,Hari ini @notpixelx mengumumkan skema convert banyak yang kecewa sampai diwarnai dengan aksi donate convert 1 : 1000 misal 1000 px -&gt; 1 px sayang nya minimal elig 100 px artinya kamu harus punya balance minimal 100k sebelum di cv note : fitur donate itu artinya di burn https://t.co/m7Mc0Clsor,1874155867639341121,https://pbs.twimg.com/media/GgJVpzHakAARAnu.jpg,,in,Indonesia,0,7,0,https://x.com/Autosultan_team/status/1874155867639341121,1220032234238828544,Autosultan_team
1874155859640803557,Tue Dec 31 18:09:11 +0000 2024,0,Ini bayi siapa knp dibiarin sendirian https://t.co/W1wCDKuWCz,1874155859640803557,https://pbs.twimg.com/ext_tw_video_thumb/1874133991336325120/pu/img/tpolQRKDnRH3vQnM.jpg,,in,"jaywonist, engene only.",0,0,0,https://x.com/meowzcoty/status/1874155859640803557,1571092401833541632,meowzcoty
1874145422450803190,Tue Dec 31 18:09:11 +0000 2024,0,@urlovelessboy Sapa donk sendirian kek anak ilang wkww,1874155859133292825,,urlovelessboy,in,Stamford Bridge,0,1,0,https://x.com/kukurheya/status/1874155859133292825,825441728295424002,kukurheya
1874155848530092272,Tue Dec 31 18:09:09 +0000 2024,0,tp kek sedih gasi udh 2025 aja...,1874155848530092272,,,in,Switzerland,0,1,0,https://x.com/rinahaah/status/1874155848530092272,1818270578278817793,rinahaah
1874155847015862516,Tue Dec 31 18:09:08 +0000 2024,0,2024 resmi di tutup dengan kegagalan gagal mup on gagal hemat gagal bertemu dia gagal ke bandung,1874155847015862516,,,in,,0,0,0,https://x.com/teberaakk/status/1874155847015862516,1297103484244746240,teberaakk
1874155838669226430,Tue Dec 31 18:09:06 +0000 2024,0,IH SEDIH KASIAN SI DEDE BARU NGERASAIN TAUN BARU,1874155838669226430,,,in,,0,0,0,https://x.com/ziixchan/status/1874155838669226430,1540198798223323136,ziixchan
1874155824438009858,Tue Dec 31 18:09:03 +0000 2024,0,01.09 WIB Bila Anda Lelah dan Mengantuk Gunakan Tempat Istirahat #JM_Tertib_Berlalulintas_2025,1874155826165973355,,PTJASAMARGA,in,DKI Jakarta,0,0,0,https://x.com/PTJASAMARGA/status/1874155826165973355,540625251,PTJASAMARGA
1874142089967260151,Tue Dec 31 18:09:03 +0000 2024,0,@ToLEEHAN04 @ToMYUNGJAE03 SEDIH BANGET padahal bisa dobel det ya,1874155823976616368,,corydorasd,in,,0,1,0,https://x.com/StampKarina11/status/1874155823976616368,832007201673842688,StampKarina11
1874155821984329792,Tue Dec 31 18:09:02 +0000 2024,0,sedih dah,1874155821984329792,,,in,,0,0,0,https://x.com/nayiejpg/status/1874155821984329792,1848667848362889218,nayiejpg
1874155790128603547,Tue Dec 31 18:08:55 +0000 2024,0,⠀ Udah ganti tahun masih aje galau. Siapa? ya gua lah. https://t.co/IlL52mnuQm,1874155790128603547,,,in,ditulis oleh 𝗝𝗜𝗚𝗦.,0,0,0,https://x.com/pancagtra/status/1874155790128603547,1628757414,pancagtra
1874155783358996662,Tue Dec 31 18:08:53 +0000 2024,0,ya Allah sedih banget..... :(,1874155783358996662,,,in,,0,0,0,https://x.com/hirimokuro/status/1874155783358996662,1328968840156352512,hirimokuro
1874155782230729069,Tue Dec 31 18:08:53 +0000 2024,0,lebih semangat donghwa jangan menyerah ya semangat!,1874155782230729069,,,in,,0,0,0,https://x.com/jellyeou/status/1874155782230729069,1870745550313922560,jellyeou
1873981193626021985,Tue Dec 31 18:08:51 +0000 2024,1,@tanyakanrl sabar ya nder dulu aku sempet di fase ngerasa capek kayak gitu pas nganterin ibu kemo tapi sekarang setelah ibu ngga ada aku sedih banget.. aku ga bisa peluk ibu lagi.. lebih enak bolak-balik anterin ibu ke rs daripada ke makamnya *ugh aku nangis,1874155775373041778,,tanyakanrl,in,,0,0,0,https://x.com/ch4sa_/status/1874155775373041778,1703591077557764096,ch4sa_
1874155761934492051,Tue Dec 31 18:08:48 +0000 2024,0,Tweet pertama diawal tahun yallah beri ketenangan ya hati yg ikhlas no stres sma korea yallah,1874155761934492051,,,in,"Kota Bandung, Jawa Barat",0,0,0,https://x.com/itsmelalapoh/status/1874155761934492051,1142429751862108160,itsmelalapoh
1874155749410251126,Tue Dec 31 18:08:46 +0000 2024,0,sedih rasanya menyia-nyiakan satu tahun terakhir untuk hal-hal yang tidak terlalu penting seperti biasa dari tahun ke tahun akan selalu ada resolusi yang menemaniku untuk menjalani hari-hari namun ternyata resolusi ku banyak yang belum tercapai di tahun ini.,1874155755806552148,,wonpilwon,in,,0,1,0,https://x.com/wonpilwon/status/1874155755806552148,1756017680845508608,wonpilwon
1874019375948456480,Tue Dec 31 18:08:45 +0000 2024,0,@evellyntifany_ janganlah anggap gagal teruslah bangkit,1874155750777643418,,evellyntifany_,in,Jakarta Capital Region,0,0,0,https://x.com/threags/status/1874155750777643418,1295778017281679360,threags
1874155430907437557,Tue Dec 31 18:07:29 +0000 2024,0,plisss sedih bgt tiap keinget hoonsuk jdi campur aduk perasaannya,1874155430907437557,,,in,,0,0,0,https://x.com/woopywolfiewoo/status/1874155430907437557,1622076267121221632,woopywolfiewoo
1874155405653532943,Tue Dec 31 18:07:23 +0000 2024,2,happy new year trio wek wek. kurangi sedih perbanyak bahagia. kurangi kegiatan negatif mari kita banyak lakukan kegiatan positif di tahun ini. semangat all lof yu!️ @ssagiskyy @centrooid @najuaem,1874155405653532943,,,in,harsword.,0,4,3,https://x.com/txtbosang/status/1874155405653532943,1347801654670675968,txtbosang
1874155402184843581,Tue Dec 31 18:07:22 +0000 2024,0,SEDIH BANGET EEK https://t.co/OH1pFijGU6,1874155402184843581,https://pbs.twimg.com/media/GgJWZxGbYAYQHLL.jpg,,in,,0,0,0,https://x.com/hharuluv/status/1874155402184843581,1478027625234776066,hharuluv
1874153775008801047,Tue Dec 31 18:07:21 +0000 2024,0,Dulu aku juga takut sama Dajjal. Tapi sekarang aku gak takut apapun aku percaya sama Tuhan. Dan gak ada rasa sedih atau takut. Sesuai kemauanku tenang. Kalau rileks melakukan apapun juga gampang. Mau dunia hancur pun bisa dibangun kembali. https://t.co/rKDS8SdtiS,1874155398921625856,,royyana1304971,in,,0,0,0,https://x.com/royyana1304971/status/1874155398921625856,1329190524897558530,royyana1304971
1873810977529225598,Tue Dec 31 18:07:21 +0000 2024,0,@jenaisoshum KEMBALIKAN 19 DETIK KU YG BERHARGA INI,1874155395570376915,,jenaisoshum,in,"Kota Surabaya, Jawa Timur",0,0,0,https://x.com/Andrwwzy/status/1874155395570376915,1531189913974034432,Andrwwzy
1874155394840592739,Tue Dec 31 18:07:20 +0000 2024,0, Banyak Yang Salah Jalan Tapi Merasa Tenang Karena Banyak Teman Yang Sama-Sama Salah. Beranilah Menjadi Benar Meski Sendirian. Baharuddin Lopa,1874155394840592739,,,in,Jakarta Capital Region,0,0,0,https://x.com/Utallica/status/1874155394840592739,108557334,Utallica
1874153286410080303,Tue Dec 31 18:07:20 +0000 2024,0,@tututpaok Happy new year juga tut makasih udah mau jadi mutualan dan temen gua yang selalu bisa bikin gua ketawa dikala gua sedih,1874155392533750084,,tututpaok,in,Notfound 404 Error,0,1,0,https://x.com/LikeCoffeLattee/status/1874155392533750084,1695469220371611648,LikeCoffeLattee
1874155379573350837,Tue Dec 31 18:07:17 +0000 2024,0,Sedih liatnya ,1874155379573350837,,,in,,0,0,0,https://x.com/jklm_mf/status/1874155379573350837,1497043269699903496,jklm_mf
1873658708624023748,Tue Dec 31 18:07:17 +0000 2024,0,@vwxyulii_ @skinseoofficial ini bener bener ampuh ga ya kalo iya pengen coba nih,1874155379451691086,,vwxyulii_,in,,0,0,0,https://x.com/punditgagal/status/1874155379451691086,765555217089830913,punditgagal
1874152747311992991,Tue Dec 31 18:07:16 +0000 2024,1,@liefhenodzle makaci kak april. semoga org yg bikin aku sedih cepet sadar ya hiks,1874155375970443770,,liefhenodzle,in,,0,0,0,https://x.com/pukis_penyet/status/1874155375970443770,1665389008317448192,pukis_penyet
1874149020878372949,Tue Dec 31 18:07:15 +0000 2024,0,@zkdlincsyoon Ga usah diperjelas zaaa gw kangen jeonghan sama jun TP GW GALAU 96z BAKAL WAMIL BAKAL DITINGGAL 2 TAHUN,1874155371226595390,,zkdlincsyoon,in,EXO • SVT • TWS,0,0,0,https://x.com/loeymingyu_/status/1874155371226595390,1131841219732967424,loeymingyu_
1874054655522857164,Tue Dec 31 18:07:12 +0000 2024,5,@bacottetangga__ Emang tamak dan rakus aja ini bapaknya...kalau mau dibawa pulang kenapa harus dokumentasi dipanti....saya sebagai ojol merasa sedih melihat ada driper kek gini,1874155359671378271,,bacottetangga__,in,,0,0,2,https://x.com/HasanUdin483970/status/1874155359671378271,1816994489095028737,HasanUdin483970
1874155359235170774,Tue Dec 31 18:07:12 +0000 2024,7,MOOTS HAPPY NEW YEAR YAAA! maaf banget taun ini aku gasempat buat sertif but just so you know i love u so so muchhhh gapernah merasa kesepian kalo aku udah ada disini bener ngerasa safe space bgtt. i really hope 2025 treats u well with a bunch of happiness,1874155359235170774,,,in,21,0,7,0,https://x.com/zarxcc/status/1874155359235170774,1484198155306807296,zarxcc
1874138459729981768,Tue Dec 31 18:07:09 +0000 2024,1,@mwiothic happy new year kak sunii makasi juga yahh udh jadi salah satu sumber bahagia ku dengan tulisan tulisan indahmu itu&lt;3,1874155347163963552,,mwiothic,in,,0,0,0,https://x.com/miawonwooo/status/1874155347163963552,1772150440735784960,miawonwooo
1874154545053651303,Tue Dec 31 18:07:08 +0000 2024,0,Enjoooyyyyy bangettt aku nontonnya waktu itu untuk pertama kalinya aku gak takut buat bangun malem sendirian. Pertama kalinya aku sadar kalo tengah malem itu ternyata damai banget. Gak ada pemikiran manusia yang harus aku baca gak harus was-was sama penilaian orang ttg aku...,1874155340897685650,,C_Julyyy,in,,0,1,0,https://x.com/C_Julyyy/status/1874155340897685650,811136428730003457,C_Julyyy
1874079394865832022,Tue Dec 31 18:07:07 +0000 2024,0,@flawoerrr KITA SEMUA KEREN DAN PEMBERANI KARNA MENONTON PLUTO!! bakal lebih sedih pluto tamat entar ayo heal trauma kamu dengan nonton series lain WKWWKWK,1874155337881969115,,flawoerrr,in,,0,0,0,https://x.com/kuekornnaphat/status/1874155337881969115,1870244342373466112,kuekornnaphat
1874155337152147632,Tue Dec 31 18:07:07 +0000 2024,0,Nyu year disini gaada kembang api bagus gw kecewa berat.,1874155337152147632,,,in,16,0,0,0,https://x.com/mudrykjago/status/1874155337152147632,1811157606427500544,mudrykjago
1874154917977596292,Tue Dec 31 18:07:06 +0000 2024,1,gagal sudah upaya cora mnjadi anak soleh di tahun ini,1874155335910646109,,corakills,in,hogwarts // metropolis,0,0,0,https://x.com/corakills/status/1874155335910646109,1777256296456294400,corakills
1874154733860249737,Tue Dec 31 18:04:43 +0000 2024,0,ga ada waktu buat galau dulu anying gue udah mgantuk bgt,1874154733860249737,,,in,,0,0,0,https://x.com/hikumicome/status/1874154733860249737,1623645439458443264,hikumicome
1873762310025802164,Tue Dec 31 18:04:40 +0000 2024,0,@jakestatundip @suvrprise LAH KENAPA PADA BARU TAU SAYANG.. AKU INI CUMA NUMPANG LAHIR DAN BESAR DI BALI..,1874154722023874914,,jakestatundip,in,stat undip '24,0,1,0,https://x.com/bilangandesimal/status/1874154722023874914,1614978662784466945,bilangandesimal
1874019375948456480,Tue Dec 31 18:04:36 +0000 2024,0,@evellyntifany_ Nggak papa kak gagal itu suatu yang wajar tapi jangan menyerah,1874154703917113611,,evellyntifany_,in,,0,0,0,https://x.com/yhaterus/status/1874154703917113611,1076164912945065984,yhaterus
1874143814908325917,Tue Dec 31 18:04:35 +0000 2024,0,@thejurgenholic Kangen banget sama Gen (╥﹏╥) Maaf aku gagal sebagai fanbase gak bisa nganggur kayak junjunganku (╥﹏╥),1874154702176477248,,thejurgenholic,in,Manchester City,0,0,0,https://x.com/jurgenholicfc/status/1874154702176477248,1723320113108258816,jurgenholicfc
1874154690600198259,Tue Dec 31 18:04:33 +0000 2024,2,busett udh 2025 dan aku masih jomblo,1874154690600198259,,,in,"Kota Surabaya, Jawa Timur",0,2,0,https://x.com/Andrwwzy/status/1874154690600198259,1531189913974034432,Andrwwzy
1874154689006383424,Tue Dec 31 18:04:32 +0000 2024,0,ih sedih banget unak udah officially legal hari ini unak uda bisa minum soju bareng yg lain huhuhu sedii,1874154689006383424,,,in,,0,1,0,https://x.com/diknonoeko/status/1874154689006383424,1817978424465784834,diknonoeko
1874154682278699389,Tue Dec 31 18:04:31 +0000 2024,2,Btw tadi ngejar fireworks nya gagal Jadi ini dari gif aja ya https://t.co/7TqTIA24A8,1874154682278699389,https://pbs.twimg.com/tweet_video_thumb/GgJVvtZbYAUCZ1Z.jpg,,in,,0,1,0,https://x.com/RubyCaelina/status/1874154682278699389,1866478812932050944,RubyCaelina
1873800198084063677,Tue Dec 31 18:04:29 +0000 2024,0,@byflaventia Lho ada apa ini? Dia berniat marah apa memujiku sih? Aku terlanjur membuka mulut untuk melontarkan argumen lain tapi beberapa kali gagal karena bingung. Ternyata aku salah gadis ini bukan aneh sedikit tapi aneh 𝘣𝘢𝘯𝘨𝘦𝘵!,1874154675836248287,,byflaventia,in,Tynemouth,0,1,0,https://x.com/berkejaran/status/1874154675836248287,3414234134,berkejaran
1874154674477293792,Tue Dec 31 18:04:29 +0000 2024,0,Ternyata film Suzanna yg jumat kliwon ini sedih ya dulu waktu kecil cuma tau serem aja... Pencapaian 2025 berani nonton film horror pure ngeliat dari ceritanya,1874154674477293792,,,in,"DKI Jakarta, Indonesia",0,0,0,https://x.com/ayunideyu/status/1874154674477293792,50974842,ayunideyu
1873715277697011826,Tue Dec 31 18:04:28 +0000 2024,0,@nievelore Kalau aku sedih galau nanti vibesnya langsung berubah loh‍️ Aku galau aja deh,1874154672245944595,,nievelore,in,skibi .☘︎ ݁˖ snd,0,0,0,https://x.com/ofhjoong/status/1874154672245944595,753990964511928320,ofhjoong
1873910292209688917,Tue Dec 31 18:04:26 +0000 2024,0,@haizoo01 Aku hanya berjuang sendirian,1874154663890870297,,haizoo01,in,,0,0,0,https://x.com/bibbleayy/status/1874154663890870297,849134740129038336,bibbleayy
1874152505283928373,Tue Dec 31 18:04:26 +0000 2024,0,@artemaisu kecewa aku sm januari by,1874154661999239676,,artemaisu,in,,0,0,0,https://x.com/robberstars/status/1874154661999239676,1724082850289651712,robberstars
1874154661739192809,Tue Dec 31 18:04:26 +0000 2024,0,moal gagal ,1874154661739192809,,,in,she/her,0,0,0,https://x.com/amboyai/status/1874154661739192809,1521042675801100288,amboyai
1874154660753539218,Tue Dec 31 18:04:25 +0000 2024,0,tbh tahun baru ini gada yg special.. karna gue stres,1874154660753539218,,,in,medstud 🩺,0,0,0,https://x.com/aqsashii/status/1874154660753539218,1124846617192878080,aqsashii
1873967202711593310,Tue Dec 31 18:04:25 +0000 2024,0,@sazdivy Mindset sukses pantang menyerah,1874154657037299782,,sazdivy,in,Lokasi yang beroksigen,0,0,0,https://x.com/rejekianakbaik/status/1874154657037299782,1315198460946120704,rejekianakbaik
1874154634237145592,Tue Dec 31 18:04:19 +0000 2024,0,MAU PULANG MAU SENDIRIAN DAN BUAT VISION BOARD 2025 ITU,1874154634237145592,,,in,bkk ui ‘22 | 서하늘,1,0,0,https://x.com/haneulsuh/status/1874154634237145592,1808273542863282177,haneulsuh
1874142642969387276,Tue Dec 31 18:04:15 +0000 2024,0,@sahabathisenk Pi nyu yer ikan nyasar ,1874154618474946693,,jowithrice,in,stat undip '24,0,1,0,https://x.com/bilangandesimal/status/1874154618474946693,1614978662784466945,bilangandesimal
1873967809723806053,Tue Dec 31 18:04:11 +0000 2024,0,@saklarsky ya rasa kecewa itu tak bisa dihindari,1874154601789927460,,saklarsky,in,"Paris, IL",0,0,0,https://x.com/arojgan/status/1874154601789927460,1621356270275141632,arojgan
1874153775008801047,Tue Dec 31 18:04:11 +0000 2024,0,Tahun ini aku bakal mengoptimalkan kemampuanku. Aku sudah memberi tips dan trik melawan Iblis kan ya? Karena aku pernah di posisi itu. Dulu aku mikir semua caranya sendiri. Kadang pas gagal tuh aku merenung sampai berbulan-bulan. disiksa sampai tau. https://t.co/cVSOEEQhtT,1874154599197925615,,royyana1304971,in,,0,1,0,https://x.com/royyana1304971/status/1874154599197925615,1329190524897558530,royyana1304971
1874154310243934336,Tue Dec 31 18:03:02 +0000 2024,0,wajar kalo org lagi ada pikiran cemas yg berlebihan cuma pengen ditenangin tanpa dihakimi bahwa sbnrnya itu salah dan ga membenarkan jg tapi pengen ditenanginnn,1874154310243934336,,,in,south borneo,0,0,0,https://x.com/cindereliaaaa/status/1874154310243934336,1339865215924543489,cindereliaaaa
1874154304615178342,Tue Dec 31 18:03:00 +0000 2024,0,Naik ke balkon sendirian sembari ngomong makasih dalem hati buat tetangga yg udah main kembang api makasih jadi dapet tontonan gratis https://t.co/we1iqL9rCb,1874154304615178342,https://pbs.twimg.com/ext_tw_video_thumb/1874154268317650944/pu/img/Q4hCEiJfMjm5m96d.jpg,,in,Sunoo's heart,0,0,0,https://x.com/hoonyboony26/status/1874154304615178342,1532872407371104256,hoonyboony26
1873917789033160972,Tue Dec 31 18:02:58 +0000 2024,0,@catcutebanget wow sedih banget ya sampe ilang gitu,1874154295047971324,,catcutebanget,in,handle full by admin,0,0,0,https://x.com/feelingsdannee/status/1874154295047971324,1761072429999501313,feelingsdannee
1874154291218571293,Tue Dec 31 18:02:57 +0000 2024,0,Apa ini krna aku sdh di puncak emosi yg akhirnya hanya bisa pasrah dan masa bodoh dgn semuanya?,1874154291218571293,,,in,,0,0,0,https://x.com/imemystory/status/1874154291218571293,1843646654978895875,imemystory
1874154290895610314,Tue Dec 31 18:02:57 +0000 2024,1,Aku akan berhenti berlari Sangat melelahkan berlari sendirian,1874154290895610314,,,in,,0,0,0,https://x.com/SyifaL7319/status/1874154290895610314,1668075177534697472,SyifaL7319
1874028377247809589,Tue Dec 31 18:02:57 +0000 2024,0,@eksttra Kamu jahat dan buat opini jelek hingga teman yang lain unfoll aku UNTUNGNYA NGAK SEMUA TEMANKU MAKAN UCAPAN JELEK KAMU KE AKU tapi aku kecewa bgt sumpahh Kamu jahat R ;(,1874154289670885654,,Teisya04,in,,0,1,0,https://x.com/Teisya04/status/1874154289670885654,1609237159713861636,Teisya04
1873971905105183063,Tue Dec 31 18:02:57 +0000 2024,0,@infopediia hahahah sedih bgy anjay,1874154288446124227,,infopediia,in,"Paris, IL",0,0,0,https://x.com/arojgan/status/1874154288446124227,1621356270275141632,arojgan
1874154245110587881,Tue Dec 31 18:02:55 +0000 2024,0,sedih amay hari pertama di 2025,1874154279948476508,,juyoyun,in,01z,0,0,0,https://x.com/juyoyun/status/1874154279948476508,1772285882588106752,juyoyun
1874066781465436286,Tue Dec 31 18:02:54 +0000 2024,0,@gilangazp Sedih si lang emang guru pns ae perlu 30 tahun ngabdi baru gapoknya setara umr jakarta.,1874154278455304510,,gilangazp,in,,0,1,0,https://x.com/_____rifqy/status/1874154278455304510,1714954440795701248,_____rifqy
1874153657991913538,Tue Dec 31 18:02:53 +0000 2024,0,dan terima kasih 2024! terima kasih atas kebersamaannya dari awal hingga akhir senang atas pengalaman yang dilewati dan sedih atas segala sesuatu yang telah tiada dan berhenti semoga kedepannya makin banyak hal-hal baru yang bakalan dilakukan atau diwujudkan! aamiin,1874154275082997857,,acfzgf,in,,0,0,0,https://x.com/acfzgf/status/1874154275082997857,1672237945296941056,acfzgf
1874154270251245932,Tue Dec 31 18:02:52 +0000 2024,0,Tiba tiba sedih anying aneh banget,1874154270251245932,,,in,,0,0,0,https://x.com/paskara16/status/1874154270251245932,1633359956916457472,paskara16
1874099619334152413,Tue Dec 31 18:02:51 +0000 2024,0,@minjukyim @kyimfiles sendirian aj,1874154265507488192,,minjukyim,in,She ATE that Original Allure.,0,1,0,https://x.com/Yenaa/status/1874154265507488192,1157511247710961665,Yenaa
1874075392665149476,Tue Dec 31 18:02:50 +0000 2024,31,@nishinsune @MikazukiArion Anyon nya diabaikan oleh papi,1874154259593519362,,nishinsune,in,Malaysia,0,0,0,https://x.com/Wendy_Gehenn4/status/1874154259593519362,1855207831273865216,Wendy_Gehenn4
1873918417172156838,Tue Dec 31 18:02:50 +0000 2024,0,@xDirdaily Alhamdulillah masih dikasih kesempatan buat memperbaiki diri,1874154258695876847,,xDirdaily,in,,0,0,0,https://x.com/punditgagal/status/1874154258695876847,765555217089830913,punditgagal
1874154252643557404,Tue Dec 31 18:02:48 +0000 2024,0,di 2025 ini no more galau sedih ga jelas pengen punya pacar!,1874154252643557404,,,in,,0,0,0,https://x.com/ndailyup/status/1874154252643557404,1525137682803765248,ndailyup
1874154245110587881,Tue Dec 31 18:02:46 +0000 2024,1,WALLAHI UDAH NUNGGU SEJAM MALAH DICANCEL MAKANANNYA DAN TUTUPPPPPPPPPPP!?!? dgn sedih aku mengambil kunci mobil dan mencari makan di tempat terpencil ini,1874154245110587881,,,in,01z,1,1,0,https://x.com/juyoyun/status/1874154245110587881,1772285882588106752,juyoyun
1874154238240244131,Tue Dec 31 18:02:45 +0000 2024,0,apasih kok tbtb gue sedih tiap ngeliat preview felix lewat tl soalnya kayak ngerasa sayang bgt sama tuh orang tp kenapa ya jd sedih?? bingung,1874154238240244131,,,in,𝘴𝘵𝘢𝘺𝘷𝘪𝘭𝘭𝘦ᰔᩚ,0,1,0,https://x.com/unhappypotatoes/status/1874154238240244131,1131447968077189120,unhappypotatoes
1874154232384999682,Tue Dec 31 18:02:43 +0000 2024,1,Tutuplah sedih dengan senyuman agar semua orang melihatmu baik baik saja.,1874154232384999682,,,in,"Jalancagak, Indonesia",0,0,0,https://x.com/azzisazza/status/1874154232384999682,1289590801261924353,azzisazza
1874154227179937862,Tue Dec 31 18:02:42 +0000 2024,1,Happy New Year 2025. Thank you 2024 atas pelajaran nya sekarang semakin kuat semakin percaya bahwa aku bisa thank you berdarah darah nya thank you atas tangis nya sedih luka nya Tutup buku 2024 buka buku di 2025 ,1874154227179937862,,,in,AB,0,0,0,https://x.com/Coco_Ofc_/status/1874154227179937862,1509887607844786177,Coco_Ofc_
1874123409409343949,Tue Dec 31 18:02:41 +0000 2024,0,@convomf Sebagai manusia yg butuh sendirian lebih lama dr manusia lain. Aku cukup relate. Soalnya kalo maksa tu sampe sakit,1874154222725587224,,convomf,in,"Chemnitz, Germany",0,0,0,https://x.com/audee84/status/1874154222725587224,434722370,audee84
1874126834318901279,Tue Dec 31 18:01:08 +0000 2024,0,@nishiicon maap gagal fokus maksudnya happy new year,1874153831409582306,,jaydaycca,in,Lost in the jay’s universe🪐,0,0,0,https://x.com/jaydaycca/status/1874153831409582306,217045972,jaydaycca
1874153824195424530,Tue Dec 31 18:01:06 +0000 2024,0,ada hal-hal yg sering kita harapkan dari seseorang tp malah diberikan sama orang lain. semoga perasaan perasaan sedih karna hal-hal sepele ini ga bikin lost interest dikemudian hari :),1874153824195424530,,,in,,0,0,0,https://x.com/melluuun/status/1874153824195424530,1146293914330157056,melluuun
1874153814917603618,Tue Dec 31 18:01:04 +0000 2024,0,2024 plan ku gagal agak lumayan banyak makasih banyak yg udah hadir makasih banyak udah kasih aku pelajaran banyak yang mungkin ngerasa sakit hati maaf ya love u all Met un baru,1874153814917603618,,,in,Asgard,0,0,0,https://x.com/islahmhd01/status/1874153814917603618,987318387649818625,islahmhd01
1874151477247434868,Tue Dec 31 18:01:01 +0000 2024,1,@Ceceechann Niatnya mau ngeluarin sihir fireball cuma karena lingkaran sihirnya gagal jadi meledak di tangan,1874153804561879263,,Ceceechann,in,Kepo,0,2,0,https://x.com/aributongg/status/1874153804561879263,1039897084877402112,aributongg
1874153801768460538,Tue Dec 31 18:01:01 +0000 2024,0,Ahhh kecewa https://t.co/LYmuZO0mhs,1874153801768460538,https://pbs.twimg.com/media/GgJU8labsAA1FIx.jpg,,in,,0,0,0,https://x.com/skenafunkot/status/1874153801768460538,1271153080612970498,skenafunkot
1874153794248024309,Tue Dec 31 18:00:59 +0000 2024,235,Sedih sih mmg tp itu bukan salah km nder,1874153794248024309,,,in,,0,0,2,https://x.com/nominvora/status/1874153794248024309,1462054434704277506,nominvora
1874033135643714022,Tue Dec 31 18:00:58 +0000 2024,0,@MU2UB1 GAGAL KAK WKWKKW (efek keasikan main roblox),1874153789089079483,,sekaisorai,in,she/her,0,1,0,https://x.com/oenanthenora/status/1874153789089079483,1830831088245317632,oenanthenora
1873914445447258192,Tue Dec 31 18:00:56 +0000 2024,0,@ilusi_xyz aduuh mana bener lagi . langsung dikasih kenyataan,1874153781254123608,,ilusi_xyz,in,,0,0,0,https://x.com/punditgagal/status/1874153781254123608,765555217089830913,punditgagal
1874153770659307736,Tue Dec 31 18:00:53 +0000 2024,0,makasi 2024 yg penuh drama rasa sakit sedih stress. di thn 2025 harapannya bisa bahagia sehat kaya rayaaaaaaa hehehe,1874153770659307736,,,in,open jasa cek turnitin,0,0,0,https://x.com/sukastrudelll/status/1874153770659307736,1777366161963028480,sukastrudelll
1874153766775382431,Tue Dec 31 18:00:52 +0000 2024,0,Padahal udah ngincer banget celana gagal lagi ini beli celana? ,1874153766775382431,,,in,"ÜT:-6.596829,106.806617",0,1,0,https://x.com/tabul_ian/status/1874153766775382431,424125482,tabul_ian
1874153766305640739,Tue Dec 31 18:00:52 +0000 2024,0,sedih bgt aku liatnya.. cepet sembuh ya neng lusi ,1874153766305640739,,,in,mulfan acc,0,0,0,https://x.com/lavieunblue/status/1874153766305640739,1399973667228950530,lavieunblue
1874149375754268923,Tue Dec 31 18:00:51 +0000 2024,0,Belum sembuh luka kkn ini langsung dihadapkan dengan praktik mengajar yang membuatku semakin takut mengenal orang baru lagi. Ku berusaha bertahan tetapi semuanya tetap berakhir sama. Setiap malamku hanya bisa ku habiskan dengan tatapan kosong penuh kesedihan dan rasa bersalah.,1874153759561179232,,itshurtbutoke,in,,0,1,0,https://x.com/itshurtbutoke/status/1874153759561179232,1373260414587301892,itshurtbutoke
1874141027680067713,Tue Dec 31 18:00:42 +0000 2024,0,@jstwillians ternyata ini alasannya hawa tahun baru sedih https://t.co/zD6t2cRGBZ,1874153725457314147,,jstwillians,in,nocturnal,0,0,0,https://x.com/sunjingr/status/1874153725457314147,1450368734871228419,sunjingr
1874010965844619665,Tue Dec 31 18:00:41 +0000 2024,0,@intanorii Cuman ditemani spotify dan lagu galau,1874153721095217263,,intanorii,in,"Princé, France",0,0,0,https://x.com/cxllquery/status/1874153721095217263,1521154676799905793,cxllquery
1874153714539520444,Tue Dec 31 18:00:40 +0000 2024,0,ini sedih sih....,1874153714539520444,,,in,bandung,0,0,0,https://x.com/bollupisang/status/1874153714539520444,937947958930051072,bollupisang
1874153707501478299,Tue Dec 31 18:00:38 +0000 2024,1,2025 masih sendirian,1874153707501478299,,,in,"Tegal, Jawa Tengah",0,1,0,https://x.com/rockleemetal/status/1874153707501478299,1302687498766671873,rockleemetal
1874153707186905105,Tue Dec 31 18:00:38 +0000 2024,0,udah difase pasrah.,1874153707186905105,,,in,BURP — Intern,0,0,0,https://x.com/BU03KAZUHA/status/1874153707186905105,1346523236163440641,BU03KAZUHA
1874153698085200288,Tue Dec 31 18:00:36 +0000 2024,0,Semoga 2025 gak ada sedih-sedihan lagi lah. ,1874153698085200288,,,in,"DKI Jakarta, Indonesia",0,0,0,https://x.com/Choky11thecat/status/1874153698085200288,1491968719220019201,Choky11thecat
1874150449768813036,Tue Dec 31 18:00:35 +0000 2024,0,@Cinnamon_Boy02 ihhh kamu siapaaa penyusup yang maw masup ngalahin keponakan akuuuuu aneh banget GAKKK XIAO XUN JAYAA JAYAA JAYAA dah kamu menyerah ajaaaa backingan ponakanku kuat,1874153695925142006,,Cinnamon_Boy02,in,libei,0,0,0,https://x.com/cezhouhsn/status/1874153695925142006,1621440469862612992,cezhouhsn
1874028377247809589,Tue Dec 31 18:00:33 +0000 2024,0,@eksttra Dan aku ngak nyinggung kamu aku hanya kecewa tapi kenapa sikapmu seolah olah aku yg jauhin seolah olah aku yang jahat Kamu NGOMONGIN AKU DI BELAKANG AKU NGOMONG SAMA KAMU DI DEPAN KAMU BAIK BAIK BAHKAN BELAIN KAMU PAS JATUH,1874153686622150795,,Teisya04,in,,0,1,0,https://x.com/Teisya04/status/1874153686622150795,1609237159713861636,Teisya04
1874137852512264289,Tue Dec 31 18:00:30 +0000 2024,0,@darumdarimgyuu kalo berhasil kabarin ya ntar mau nyoba juga mumpung depan rumah ada kang baso w juga dah pasrah,1874153675020759309,,darumdarimgyuu,in,,0,1,0,https://x.com/0izaaa/status/1874153675020759309,1613865594499235840,0izaaa
1874153674630685121,Tue Dec 31 18:00:30 +0000 2024,0,15. kata hubung subordinatif yang berfungsi untuk menandai sebab atau alasan 16. perasaan sedih atau duka yang timbul atas penderitaan orang lain. Huruf awalan K 17. They dalam bahasa indonesia 18. Kura-kura tapi k nya diganti P,1874153674630685121,,,in,,0,0,0,https://x.com/DrollHeeseung/status/1874153674630685121,2351167172,DrollHeeseung
1873912128031318501,Tue Dec 31 18:00:24 +0000 2024,0,@CutiLagi lah gimana malah bertolak belakang gini ,1874153650177900617,,CutiLagi,in,,0,0,0,https://x.com/punditgagal/status/1874153650177900617,765555217089830913,punditgagal
1874153644515524794,Tue Dec 31 18:00:23 +0000 2024,0,pernah kepikiran yuta pairing sama teteh... eh beneran kejadian (sedih dikit),1874153644515524794,,,in,🐻🍀 ,0,1,0,https://x.com/naraodai/status/1874153644515524794,1420578709975670784,naraodai
1873940931940147480,Tue Dec 31 18:00:23 +0000 2024,0,@radenrauf Jangan terlalu berharap dgn manusia entah hubungan teman saudara keluarga sekalipun yg ujung²nya kecewa...,1874153643588604326,,radenrauf,in,"Getasan , Kab. Semarang",0,0,0,https://x.com/widyatmoko694/status/1874153643588604326,1365713822862901248,widyatmoko694
1874153639901806621,Tue Dec 31 18:00:22 +0000 2024,1,Kalo mau ceritain cewek lu pas kita ketemu aja soalnya gue pelupa kalau di chat gue suka scroll chat sama siapapun jadi gue bakalan sedih sorry ya teman yg tipe ideal gue banget jadi sulit gini tapi gpp you're still my good friend~ https://t.co/6fJFT34Im5,1874153639901806621,https://pbs.twimg.com/media/GgJUzbgbYAMrwAj.jpg,,in,anywhere,0,0,0,https://x.com/serifruitiy/status/1874153639901806621,844301765826691072,serifruitiy
1873985526182941020,Tue Dec 31 18:00:21 +0000 2024,0,@moraelx sedih bgt tuh,1874153637045584047,,moraelx,in,GMT +7,0,0,0,https://x.com/Azijik/status/1874153637045584047,875792932963364864,Azijik
1871389569545060476,Tue Dec 31 18:00:20 +0000 2024,0,@bladesecondwife MALAM NATAL ENAKNYA BACA DAN NULIS YANG SEDIH SEDIHHH,1874153629520891970,,bladesecondwife,in,,0,1,0,https://x.com/sundaysayang/status/1874153629520891970,1752268456005918720,sundaysayang
1874153620880712145,Tue Dec 31 18:00:19 +0000 2024,0,poinnya enhypen selalu ada di hari-hariku. aku seneng aku sedih aku rebahan aku nugas musik enhypen selalu aku mainin. scroll timeline? jangan ditanya isinya enhypen. scroll tiktok? jangan ditanya lagi. hahaha bener bener 24/7 enhypen.,1874153627700666634,,_myyangz,in,,0,1,0,https://x.com/_myyangz/status/1874153627700666634,905304920756064256,_myyangz
1874153627058921949,Tue Dec 31 18:00:19 +0000 2024,3,2024 gak menyangka jadi tahun yg menyenangkan meskipun ada sedih sedih sedikit Terima kasih buat semua teman-teman yg jadi alasan terbesar buat 2024 ini menjadi tahun yg baik Semoga 2025 bisa jadi tahun yg lebih membahagiakan️,1874153627058921949,,,in,,0,0,0,https://x.com/gyucheoli/status/1874153627058921949,1069022039334313984,gyucheoli
1874153613146415613,Tue Dec 31 18:00:16 +0000 2024,1, Kak maaf banget....ini aku cuma mau curhat aja. Soalnya kalau mau buat tweet gak enak ke mutual-ku. Aaaaaaaaaa......sedih banget..... Aku barusan baca Wat... aaa lucuuu gapapa kalo mau curhat ditello akuu. aku seneng bacanyaa terus ... #tellonym https://t.co/CVes7KhuMx,1874153613146415613,,,in,bxb,0,0,0,https://x.com/noriigami/status/1874153613146415613,1366581995912921088,noriigami
1874153609719677183,Tue Dec 31 18:00:15 +0000 2024,0,sedih,1874153609719677183,,,in,gamaliel h evanzhe,0,0,0,https://x.com/gamaloml/status/1874153609719677183,1444500994914545665,gamaloml
1874149909483708807,Tue Dec 31 18:00:13 +0000 2024,0,@Tikaaatikuuu bagus plissss bener bener definisi percintaan orang dewasa yg ga nyampe di akal ku,1874153603726008743,,Tikaaatikuuu,in,"Kota Surabaya, Jawa Timur",0,1,0,https://x.com/Andrwwzy/status/1874153603726008743,1531189913974034432,Andrwwzy
1873939206432841980,Tue Dec 31 18:00:09 +0000 2024,0,@theotristaan Hehe sedih bgt,1874153586307051967,,theotristaan,in,Indonesia,0,0,0,https://x.com/txtdarigajelas/status/1874153586307051967,1488127966672744448,txtdarigajelas
1874096429414965284,Tue Dec 31 18:00:09 +0000 2024,0,@bengkeldodo @dwioktariyadi @DedynurPalakka @DenJkw @Dahnilanzar @gtobing2903 @MondrianOm6762 @xquitavee @CakKhum @McPepes_AI @MakeItAQuote Udah bang! Meskipun Jokowi gak menang jadi juara tapi paling tidak dia masuk sbg finalis. Jadi jangan marah dan kecewa. Siapa tahu tahun depan bisa menang.,1874153584906166610,,bengkeldodo,in,,0,1,0,https://x.com/MukeloR77689/status/1874153584906166610,1715719403374014464,MukeloR77689
1874153578274972139,Tue Dec 31 18:00:07 +0000 2024,0,gue pgn sujud bgt sama new creative director-nya ilichil outfit-nya gaada yg gagal anjir dr kemarennn aaaa,1874153578274972139,,,in,Neo city,0,0,0,https://x.com/lettarayya/status/1874153578274972139,1476077259878322178,lettarayya
1873911868798230971,Tue Dec 31 18:00:00 +0000 2024,0,@zeyzaaah wah aku mah juga butuh tutornya kalo ini sih,1874153548537368660,,zeyzaaah,in,,0,0,0,https://x.com/punditgagal/status/1874153548537368660,765555217089830913,punditgagal
1872845434353533166,Tue Dec 31 17:59:59 +0000 2024,0,episode 8 sama 9 agak sedih nangis mulu hikdsss,1874153544418546159,,okabentooo,in,sby,0,1,0,https://x.com/okabentooo/status/1874153544418546159,1120691408451489793,okabentooo
1874153521886748739,Tue Dec 31 17:59:54 +0000 2024,1,umur nambah malah sedih,1874153521886748739,,,in,,0,1,0,https://x.com/kitalebah/status/1874153521886748739,1106608705758355456,kitalebah
1874153511937860043,Tue Dec 31 17:59:51 +0000 2024,0,Terima Kasih 2024 untuk segala sedih senang suka dan duka.. terima kasih diri sudah bertahan sejauh ini ngehadapi segala hal yang kamu ternyata mampu menghadapinya... selamat datang 2025.. terus menjadi manusia kuat ya yuni !,1874153511937860043,,,in,JKT ,0,0,0,https://x.com/yunizaaharah/status/1874153511937860043,792815394641674240,yunizaaharah
1874027716351242364,Tue Dec 31 17:59:51 +0000 2024,0,@kayyisa__ Iyaa suka gitu dah makin sedih ajaa,1874153508909482295,,kayyisa__,in,new world,0,0,0,https://x.com/abcdefakeheru/status/1874153508909482295,1266694678826512384,abcdefakeheru
1857410236035809493,Tue Dec 31 17:59:48 +0000 2024,0,@wulanasihh Pasti kesepian,1874153496544764011,,wulanasihh,in,,0,0,0,https://x.com/Rockers49025332/status/1874153496544764011,1017389080714215424,Rockers49025332
1873908266591543431,Tue Dec 31 17:59:45 +0000 2024,0,@oneofrep sama aku jugaa kalo pun dia nyapa sambil ngomong pas gue juga ngliat paling cuma ngangguk doang,1874153483303289151,,oneofrep,in,,0,0,0,https://x.com/punditgagal/status/1874153483303289151,765555217089830913,punditgagal
1874153475313197502,Tue Dec 31 17:59:43 +0000 2024,0,makasih skz code 2024 kalian yg menemaniku kadang sambil makan kadang ya emg pengin nontonin skz aja kelakuan2 kalian bikin ketawa banyak menghibur jg pas aku sedih (alay tp beneran). the point is im grateful that they're here with me and making me smile and laugh️,1874153475313197502,,,in,exists to express,0,0,0,https://x.com/iminobbit/status/1874153475313197502,1285797081215430656,iminobbit
1752830439256121466,Tue Dec 31 17:59:42 +0000 2024,0,desember sampah 6/10 jeleknya hampir mendekati mei cm desember ini lebih ke frustrated dan nangisin everything aja rather than pgn bundir tp im all ok now karna udah lumayan banyak yang bikin seneng di akhir bulan! sedih sih karna inget seseru apa dec 2023 :(((((,1874153472930832578,,tejanoblew,in,she/her,0,1,0,https://x.com/tejanoblew/status/1874153472930832578,1539611469251514368,tejanoblew
1874009542817964532,Tue Dec 31 17:59:41 +0000 2024,0,@tebarratjun G usah d tnya sedih ingetnyaa,1874153468962935284,,tebarratjun,in,,0,0,0,https://x.com/ceedlics/status/1874153468962935284,1811097883808256003,ceedlics
1874153447479738630,Tue Dec 31 17:59:36 +0000 2024,1,awal ketemu younjung adalah rp king nassar selalu join ca dengan chara anehnya itu. desc: younjungiew dewasa secara mental baik (kalau ada maunya) terkesan to the point duta hts punya moto galau walau tidak ada yang digalauin lucu sih kalau sudah ngambek.,1874153447479738630,,,in,SND,0,1,1,https://x.com/jongwonlee_/status/1874153447479738630,2499669061,jongwonlee_
1874153437887349081,Tue Dec 31 17:59:34 +0000 2024,0,Sumpah sedih bgt gua liat lusi begini,1874153437887349081,,,in,🌹,0,0,0,https://x.com/imyourvirgo_/status/1874153437887349081,425773348,imyourvirgo_
1874143963357335990,Tue Dec 31 17:59:33 +0000 2024,0,@beistboy @rrjaemin Yah sedih,1874153435257594233,,beistboy,in,1999 🔞,0,0,0,https://x.com/rremmark/status/1874153435257594233,3003525510,rremmark
1874153398985167348,Tue Dec 31 17:59:32 +0000 2024,0,kayaknya kalau aku nginget tentang tahun 2024 sih overall isinya sedih semua tapi isokeyy zass inget allah has a good plan for you allah tahu apa yang terbaik buat kamu jadii kamu lebih sabar lagim,1874153431449112766,,jjasjusmangga,in,,0,1,0,https://x.com/jjasjusmangga/status/1874153431449112766,1784550183092813824,jjasjusmangga
1874153426222989791,Tue Dec 31 17:59:31 +0000 2024,0,besok aku mau bikin brownies semoga ga gagal heheheh wish me luck,1874153426222989791,,,in,°exo planet°,0,0,0,https://x.com/_eunwooyajasu_/status/1874153426222989791,1133216977520979968,_eunwooyajasu_
1874153405717110926,Tue Dec 31 17:59:26 +0000 2024,0,Maafin papi ya selama kalian ada papi gak bisa perlakuin kalian dgn baik papi nyesel tapi gak pernah mau cerita apa2 kalo papi sedih. Kalo wkt bisa di putar papi akan perlakuin kalian dgn sangat baik sygg,1874153405717110926,,,in,,0,0,0,https://x.com/official_febe/status/1874153405717110926,1648722816349642759,official_febe
1873996222631231998,Tue Dec 31 17:57:15 +0000 2024,0,@uqiyu Suaranya bisa cocok gtu ya sama lagunya. Dan Yg bikin sedih..tuh napa frieren baru nyadar pas dah lamaaaaaa.,1874152854686228833,,uqiyu,in,"Mo art studio,",0,1,0,https://x.com/fullofbouquet/status/1874152854686228833,1750557240392896512,fullofbouquet
1874152828627038363,Tue Dec 31 17:57:09 +0000 2024,0,Jujur gw bingung disini yang salah emang bapaknya tapi tetep aja sedih....,1874152828627038363,,,in,02L. She/Her,0,0,0,https://x.com/Azkaralksm/status/1874152828627038363,1325099826690711552,Azkaralksm
1874141596062756929,Tue Dec 31 17:57:08 +0000 2024,0,@minhonionn lelah,1874152827972698220,,minhonionn,in,eight is fate,0,2,0,https://x.com/liinoiscute/status/1874152827972698220,1258694817808187393,liinoiscute
1874152822683689459,Tue Dec 31 17:57:07 +0000 2024,0,Dia senyum tapi aku sedih bgt huhu gws my baobei,1874152822683689459,,,in,Cdrama,0,1,0,https://x.com/soibeanns/status/1874152822683689459,1718994860592824320,soibeanns
1874152808288801009,Tue Dec 31 17:57:04 +0000 2024,0,ternyata dengerin suara petasan sendirian itu nyeremin‍‍ gakebayang setakut apa saudara2 di palestina,1874152808288801009,,,in,Jakarta Capital Region,0,0,0,https://x.com/ucxspace/status/1874152808288801009,1331767307937353729,ucxspace
1873936502717374728,Tue Dec 31 17:57:02 +0000 2024,0,@susahmiskin___ Yah jadi sedih deh,1874152800638427299,,susahmiskin___,in,"Washington, DC",0,0,0,https://x.com/howluckyfifii/status/1874152800638427299,1500362332513337346,howluckyfifii
1874144280102789283,Tue Dec 31 17:56:59 +0000 2024,0,@summerdaze1111 Yuk ah jangan sedih terus,1874152787891937436,,summerdaze1111,in,Malang,0,1,0,https://x.com/ry4nn_/status/1874152787891937436,33165188,ry4nn_
1874152783164956779,Tue Dec 31 17:56:58 +0000 2024,0,Boleh merasakan sedih supaya menghargai rasa bahagia. Bersyukur satu tahun dilewati dengan baik. Semoga 2025 dijalani dengan baik lagi ,1874152783164956779,,,in,"Purbalingga, Indonesia",0,0,0,https://x.com/adeomaraa/status/1874152783164956779,1927229618,adeomaraa
1874152774776348951,Tue Dec 31 17:56:56 +0000 2024,0,Sedih bgt email yg buat cadangin foto waktu pionir ke log out dan ngga ada email pemulihan+lupa......,1874152774776348951,,,in,bawah tanah,0,0,0,https://x.com/cursedmate/status/1874152774776348951,1435607351508160518,cursedmate
1873935600304480416,Tue Dec 31 17:56:53 +0000 2024,0,@atikamld Semangattt berjuang jangan menyerah,1874152762558341241,,atikamld,in,"Bogor Barat, Indonesia",0,0,0,https://x.com/hallomay__/status/1874152762558341241,1055785871142608896,hallomay__
1874138862446141734,Tue Dec 31 17:56:49 +0000 2024,0,@Starconchh BARU HEPI LGSG DEPRESI LAGI ,1874152747295285429,,Starconchh,in,,0,0,0,https://x.com/mewnangis/status/1874152747295285429,1510425072,mewnangis
1874152746968113307,Tue Dec 31 17:56:49 +0000 2024,0,deymn scroll galeri kok malah jd sedih ya gw,1874152746968113307,,,in,she/her,0,1,0,https://x.com/atuygalon/status/1874152746968113307,811485520719024129,atuygalon
1874152734339064010,Tue Dec 31 17:56:46 +0000 2024,0,Sebenernya ini nggak nyambung tapi spotify nggak mau w ceria keknya makanya dikasih ini. Padahal w mo galau ditemenin Wish,1874152734339064010,,,in,rumah jakeshim,0,0,0,https://x.com/shxadowmoon/status/1874152734339064010,1182027113144016897,shxadowmoon
1873897420842820043,Tue Dec 31 17:56:45 +0000 2024,0,@bacotanmika Jadi plis jaga aku biar aku ga kecewa,1874152727732994179,,bacotanmika,in,,0,0,0,https://x.com/bibbleayy/status/1874152727732994179,849134740129038336,bibbleayy
1873961776167223428,Tue Dec 31 17:56:44 +0000 2024,0,@sexsye hmm sedih banget ya cak,1874152727267467559,,sexsye,in,🪐,0,0,0,https://x.com/alvianyps/status/1874152727267467559,1351544052441780224,alvianyps
1874152723131838575,Tue Dec 31 17:56:43 +0000 2024,0,Menutup 2024 dgn sedikit marah. Anak gelisah tidurnya tiap ada suara kembang api tapi aku teh kebelet . Aku teh udah memperhitungkan lah ya durasi ritual di kamar mandi pokoknya selesai sblm darderdor. Bisa-bisanya lagi khusyuk masih 23:41 udah ada yang nyalain DORRR. ‍,1874152723131838575,,,in,,0,1,0,https://x.com/mrnadn/status/1874152723131838575,56894102,mrnadn
1874152617175376278,Tue Dec 31 17:56:39 +0000 2024,0,hrusny td.. sekalian ditinggal... no.. rencana ak gagal besok.. no...,1874152705293439452,,ch1zucake,in,smk fighter¡,0,1,0,https://x.com/ch1zucake/status/1874152705293439452,1803309384199708672,ch1zucake
1874152704572088432,Tue Dec 31 17:56:39 +0000 2024,0,Yah katanya mantan disuruh nikah tahun ini gak jd hepi deh hmp ah gk mw lagi ah yg umur jauh bgt nnti kaya gini lg,1874152704572088432,,,in,far away,0,0,0,https://x.com/gorgoeuss/status/1874152704572088432,1813263485079592962,gorgoeuss
1874006674153099292,Tue Dec 31 17:56:34 +0000 2024,0,@txtdrbebanortu Jalanin aja dan pasrah sama yg di atas,1874152684712083508,,txtdrbebanortu,in,,0,0,0,https://x.com/ceedlics/status/1874152684712083508,1811097883808256003,ceedlics
1874152673722900650,Tue Dec 31 17:56:32 +0000 2024,0,july pasrah ppn 12% https://t.co/dV0BMXA95o,1874152673722900650,https://pbs.twimg.com/media/GgJT6yWaEAAY6iy.jpg,,in,july anderson. mdni,0,7,0,https://x.com/julyO__O/status/1874152673722900650,1834876592847544320,julyO__O
1874151173412049382,Tue Dec 31 17:56:31 +0000 2024,0,@hwisevng SEDIH,1874152672141730153,,hwisevng,in,,0,0,0,https://x.com/ryansulipan/status/1874152672141730153,1832070032878419968,ryansulipan
1874152661903433811,Tue Dec 31 17:56:29 +0000 2024,0,gausah sedih harusnya bahagia ga si? ,1874152661903433811,,,in,,0,1,0,https://x.com/stftmh_39/status/1874152661903433811,1268549733032828929,stftmh_39
1874152631737999714,Tue Dec 31 17:56:22 +0000 2024,0,Kenal dia 2 tahun kenapa yg sering di dapet kecewa nya doang. Di antara orng yg dia kenal gue yg sering di bikin kecewa tanpa dia sadari. Dan yg paling gga pernah di anggap..,1874152631737999714,,,in,Bogor,0,0,0,https://x.com/SugaRani0701/status/1874152631737999714,3019581273,SugaRani0701
1874152627426238532,Tue Dec 31 17:56:21 +0000 2024,0,SEDIH,1874152630139969757,,cadiezsszs,in,eren gf,0,0,0,https://x.com/cadiezsszs/status/1874152630139969757,1667376765755621379,cadiezsszs
1874152629192011867,Tue Dec 31 17:56:21 +0000 2024,0,Kalo buzzer gagal tuh tetep dapet duit gaa atau dapet duit tapi potong pajak? Ahay papale pale palepal #PPNBikinSengsara‼️ #TolakPPN12Persen #PajakMencekik,1874152629192011867,,,in,,0,0,0,https://x.com/itszielti/status/1874152629192011867,1381966192890421248,itszielti
1874152613467557957,Tue Dec 31 17:56:17 +0000 2024,0,banyak hal yg blm selesai di tahun 2024 tp selesai ga selesai harus bisa dan harus terbiasa dalam kondisi apapun. semangat untuk semua hal yg kemungkinan besar bakal happy/ sedih,1874152613467557957,,,in,jauh,0,1,0,https://x.com/yourmagloomy/status/1874152613467557957,1031002195464876032,yourmagloomy
1874095748616225189,Tue Dec 31 17:56:17 +0000 2024,0,@Khiselles @selfolssi yah gagal menjadi dd yang kalem nan lucu,1874152613316616442,,Khiselles,in,twin 🚫 ND,0,1,0,https://x.com/ningienin/status/1874152613316616442,1642738823959560192,ningienin
1873934130385477772,Tue Dec 31 17:56:09 +0000 2024,0,@sapikbase AKU MAU BERTEMAAAAAAANN,1874152578239586441,,sapikbase,in,,0,0,0,https://x.com/perkedeldul/status/1874152578239586441,1329873474853105669,perkedeldul
1874152571738472621,Tue Dec 31 17:56:07 +0000 2024,0,PACARKU LUCU BGT STRES,1874152571738472621,,,in,INFJ,0,1,0,https://x.com/xelliyaera/status/1874152571738472621,1389524952080994307,xelliyaera
1873898860441166067,Tue Dec 31 17:56:07 +0000 2024,25,@BudiBukanIntel @wiradesuyo @dnlwkrt Lapor Komandan. Upaya memecah-belah telah gagal. Mohon arahannya. ,1874152570568192182,,BudiBukanIntel,in,,0,0,2,https://x.com/humoureater/status/1874152570568192182,353659633,humoureater
1874152567552565516,Tue Dec 31 17:56:06 +0000 2024,0,Baru tanggal 1 di tahun 2025 udah ngrasa sedih aja hmm ,1874152567552565516,,,in,,0,0,0,https://x.com/_bknorngbaik/status/1874152567552565516,1210375110223286272,_bknorngbaik
1873940931940147480,Tue Dec 31 17:56:04 +0000 2024,0,@radenrauf Belajar menjalani sesuatu dengan tenang dan berfikir panjang serta belajar ikhlas menerima apa yang ada tanpa menyerah,1874152556529897688,,radenrauf,in,,0,0,0,https://x.com/nadialazii/status/1874152556529897688,1474778234923347972,nadialazii
1874152545641521396,Tue Dec 31 17:56:01 +0000 2024,0,sedih seneng gmn y,1874152545641521396,,,in,,0,0,0,https://x.com/ptelvtel/status/1874152545641521396,2821780470,ptelvtel
1873981479946170840,Tue Dec 31 17:56:00 +0000 2024,0,@trulysesa hmm sedih banget ya cak,1874152539962433904,,trulysesa,in,🪐,0,0,0,https://x.com/alvianyps/status/1874152539962433904,1351544052441780224,alvianyps
1874151944325116052,Tue Dec 31 17:53:38 +0000 2024,0,komuk youngji gak pernah gagal sih,1874151944325116052,,,in,,0,0,0,https://x.com/melrocean/status/1874151944325116052,1685832246417317888,melrocean
1874139032537752033,Tue Dec 31 17:53:36 +0000 2024,0,@scienade Sedih amat yauda deh besok,1874151937865838965,,scienade,in,,0,1,0,https://x.com/yeppifays/status/1874151937865838965,1825193961826455552,yeppifays
1874136159296856556,Tue Dec 31 17:53:34 +0000 2024,0,@madebyshunda SEDIH ANJRR,1874151929074639043,,madebyshunda,in,,0,0,0,https://x.com/disiniiloveee/status/1874151929074639043,1694698812697403393,disiniiloveee
1874151906739916995,Tue Dec 31 17:53:29 +0000 2024,0,resolusi 2025 bisa beli semua noctyx pape biar sani pape ak ga kesepian SAMA FUWA NISHINOYA HHHHHHH cpek bgt collect cwk mhal mana ppn naik ,1874151906739916995,,,in,,0,0,0,https://x.com/apayaaqbingung/status/1874151906739916995,1186416224671952896,apayaaqbingung
1873724567145128127,Tue Dec 31 17:53:28 +0000 2024,0,@AlonStill Sedih amat sih Kak,1874151901903937857,,AlonStill,in,,0,0,0,https://x.com/cisaalishba/status/1874151901903937857,3285388207,cisaalishba
1874151889719480377,Tue Dec 31 17:53:25 +0000 2024,0,sedih bgt beneran sediiiiiiihhhh bgttttttttt dan iri melihat story orang-orang pada ngumpul main dan liat kembang api banyak aku mau jugaaaaaa:(,1874151889719480377,,,in,,0,0,0,https://x.com/coretaniniitu/status/1874151889719480377,1258352282434822144,coretaniniitu
1874064282998235260,Tue Dec 31 17:53:24 +0000 2024,2,@tubirfess Maksud w kea bapak hidup otakmu stres ggr jd ortu lepas tanggung jawab dimintain duit mulu dan jadi tulang punggung keluarga. Bapak mati otakmu stres ggr merasa bersalah karena mikir kamu punya kuasa untuk menyelamatkan bapakmu,1874151887093850500,,angel1825_,in,antis & fan police DNI,0,1,0,https://x.com/angel1825_/status/1874151887093850500,1104600092596551680,angel1825_
1874151061478420671,Tue Dec 31 17:53:24 +0000 2024,0,@tanyarlfes fokus dirimu sendiri aja nder. makan gacoan sendirian ga seburuk itu seengganya kamu aman di rumahmu. semangat ya!,1874151887035118039,,tanyarlfes,in,"Depok, Indonesia",0,0,0,https://x.com/irjavkun/status/1874151887035118039,1119790783819685888,irjavkun
1874151879359554005,Tue Dec 31 17:53:22 +0000 2024,0,Gapapa gagal kabeh ayo coba pisan ngkas https://t.co/9cpHtmDdao,1874151879359554005,https://pbs.twimg.com/media/GgJTM5paYAAPBMJ.jpg,,tl,"East Java, Indonesia",0,0,0,https://x.com/bolasusumu/status/1874151879359554005,1755766582574505984,bolasusumu
1874149464040235395,Tue Dec 31 17:53:22 +0000 2024,0,@MikazukiArion @gingehenna Aduuh jadi sedih nich.. bertemu SOL4CE TNF AKA Virtual juga adalah takdir yang cantik yang sudah terangkai dalam jalan ceritaku ,1874151876851331354,,MikazukiArion,in,"Orange, CA",0,0,0,https://x.com/LemoneBleu/status/1874151876851331354,1573111812031057922,LemoneBleu
1874149895042658593,Tue Dec 31 17:53:21 +0000 2024,1,terimakasiii juga untuk keluarga TNF yang sudah selalu menemani keseharianku apalagi pas lagi libur sangat sangat menemani kesepian ku thank you so much guysss May goodness always be with you semangat selalu TNF dan semoga semakin sukses untuk kedepannyaa aamiin,1874151874666127546,,majolineyss,in,,0,0,0,https://x.com/majolineyss/status/1874151874666127546,1617351515081150468,majolineyss
1874151857188450475,Tue Dec 31 17:53:17 +0000 2024,0,Anj gak tau mau ngerespon kaya gimana : ) Ini sedih bgt tapi sakit juga,1874151857188450475,,,in,Republic of Korea,0,0,0,https://x.com/cbdwaekki25/status/1874151857188450475,1459533354349465603,cbdwaekki25
1874151847252156669,Tue Dec 31 17:53:15 +0000 2024,0,semoga 2025 gak lagi excited sendirian ,1874151847252156669,,,in,,0,0,0,https://x.com/arsisi/status/1874151847252156669,87651757,arsisi
1874151836246303005,Tue Dec 31 17:53:12 +0000 2024,0,no komen (gue ws lelah),1874151836246303005,,,in,,0,0,0,https://x.com/cegilkcing/status/1874151836246303005,1668263817933910020,cegilkcing
1874151825903149206,Tue Dec 31 17:53:10 +0000 2024,0,2024 - tinggalkan yg sedih 2025 - jalan terus!,1874151825903149206,,,in,,0,0,0,https://x.com/yharyani/status/1874151825903149206,121000882,yharyani
1874151824540000291,Tue Dec 31 17:53:09 +0000 2024,0,Lusiku cepet sembuh sayang sumpah sedih banget liat ini kalo masih ada yg berpikiran buruk setelah liat ini fix mereka bukan manusia,1874151824540000291,,,in,,0,0,0,https://x.com/kinzadya/status/1874151824540000291,1084758319804235777,kinzadya
1873942260632740104,Tue Dec 31 17:53:08 +0000 2024,0,@ARSIPAJA anak kehutanan kecewa ringan baca statment ini,1874151819838161313,,ARSIPAJA,in,"Bogor, Jawa Barat",0,0,0,https://x.com/zeldatehsaha/status/1874151819838161313,1398954095747026950,zeldatehsaha
1874151812808466436,Tue Dec 31 17:53:06 +0000 2024,0,sedih bgt tahun barunya ,1874151812808466436,,,in,sub - dpk,0,2,0,https://x.com/kraetingdaenkk/status/1874151812808466436,1079370989669048320,kraetingdaenkk
1874142365402972472,Tue Dec 31 17:51:39 +0000 2024,0,@woonhakimut I LOVE VE JANGAN SEDIH SEDIH YH TWINS️️️,1874151445144260660,,woonhakimut,in,07 | ⁰⁷ᵇᵒ⁰ʸᵃʰ,0,0,0,https://x.com/mulnyanggz/status/1874151445144260660,1787054104424181760,mulnyanggz
1874151420154568975,Tue Dec 31 17:51:33 +0000 2024,31,ada satu hal yang paling gua syukuri dari dua tahun ke belakang ini i make a lot of friends in here! me in 2018 will thank me so much karna sekarang udah ga ngerasa sendirian lagi :) love u oomfs &lt;3,1874151420154568975,,,in,,0,5,0,https://x.com/_PR0T0N/status/1874151420154568975,1237386838177755136,_PR0T0N
1874151411786862921,Tue Dec 31 17:51:31 +0000 2024,0,KOK ANGST dimana horrornya sedih banget anjay apa-apaan ini ,1874151411786862921,,,in,she/her • 20+ ,0,0,0,https://x.com/killiangf/status/1874151411786862921,1778376926165614592,killiangf
1874138897871233272,Tue Dec 31 17:51:27 +0000 2024,0,@Ioveegrows senang banget tahun 2024 aku ketemu sama tulisan kamu makasih yah minpril udah menulis dan bisa bikin pembaca yang mungkin aja sebelumnya lagi sedih jadi happy. semoga kebaikan dan kebahagiaan yang kamu berikan lewat tulisan bisa kembali ke kamu dalam bentuk yang lebih baik,1874151396486053898,,Ioveegrows,in,she/her | 23,0,1,0,https://x.com/marvelouice/status/1874151396486053898,1553437651822206976,marvelouice
1874151388923736235,Tue Dec 31 17:51:25 +0000 2024,0,Ya Allah br baca sedih bgt my baby lusi ,1874151388923736235,,,in,,0,0,0,https://x.com/agadeobi/status/1874151388923736235,1839530689563357185,agadeobi
1874148400616345615,Tue Dec 31 17:51:23 +0000 2024,0,@kuujiwow aku juga sedih malem ini,1874151378425426087,,kuujiwow,in,zerose ꒰ᐢ. .ᐢ꒱ ,0,1,0,https://x.com/shbloverpage/status/1874151378425426087,1387762349881319425,shbloverpage
1874021116324569550,Tue Dec 31 17:51:18 +0000 2024,0,@siatins iya jadi jangan gampang menyerah ya,1874151359303606561,,siatins,in,,0,0,0,https://x.com/sipalinglengah/status/1874151359303606561,1833258362097831938,sipalinglengah
1874151348989813054,Tue Dec 31 17:51:16 +0000 2024,1,Suka Sedih Perih Letih Tenang dan segala macam perasaan ini Terima kasih 2024,1874151348989813054,,,in,,0,0,0,https://x.com/iyliaLAPAR/status/1874151348989813054,254940259,iyliaLAPAR
1874151327644934388,Tue Dec 31 17:51:11 +0000 2024,0,Akhir tahun penutup tahun dibuat bdmd krn udh ngerusakin 2 pumping padahal tu benda penting setelah hp untuk mom eping gw stres mana store pd tutup dan online gabiss instant krn tanggal merah.,1874151327644934388,,,in,,0,0,0,https://x.com/dillalerin__/status/1874151327644934388,1161821614553481218,dillalerin__
1874120017165640062,Tue Dec 31 17:51:09 +0000 2024,0,@badtzmaroon @woonkith SEDIH AH,1874151318828572715,,badtzmaroon,in,,0,1,0,https://x.com/sangtheocean/status/1874151318828572715,1623146779981254656,sangtheocean
1874151316941136032,Tue Dec 31 17:51:08 +0000 2024,0,dkprnh liat bba nngs smpe mato sembeb liat anak renyeng seharian nngs dk berenti trnyto bener batin ank dan bpk itu kuat jg bba ny la dk lemak ati sedih sehrian ini trnyt anakny jg melok nngs ,1874151316941136032,,,in,,0,0,0,https://x.com/nakrumahannn/status/1874151316941136032,1137246584763179008,nakrumahannn
1874151313992540219,Tue Dec 31 17:51:07 +0000 2024,5,Tbh 2024 was a sad year. Meskipun menjadi wisudawan terbaik aku banyak mengalami lika-liku hidup. Dikhianati teman dipermainkan pacar sendirian di sepanjang hari. Pada akhirnya aku menemukan cerita indah bersama Final Fantasy X/X-2 &amp; WOTV kembali. 2025 aku pasti bahagia.,1874151313992540219,,,in,Indonesia,0,3,0,https://x.com/nindya_annisaa/status/1874151313992540219,1149834320548253696,nindya_annisaa
1874151311681479168,Tue Dec 31 17:51:07 +0000 2024,0,-kalo menurut gue mulai menerima kalo hidup ini udh diatur. walau sulit tapi gapapa karena hidup itu proses. perasaan bersalah itu wajar lebih baik lagi kalo ada psikolog untuk bantu. its okay belajar buat menerima semuanya itu adalah takdir nder. semangat!,1874151313526972448,,mangkoxx,in,england,0,0,0,https://x.com/mangkoxx/status/1874151313526972448,1292143032788111361,mangkoxx
1874070535518183795,Tue Dec 31 17:51:06 +0000 2024,0,@convomf ternyata ga sendirian ya pas baca replay,1874151307944353926,,convomf,in,she/her,0,0,0,https://x.com/vendelarosess/status/1874151307944353926,853240709498810370,vendelarosess
1874151276352885067,Tue Dec 31 17:50:58 +0000 2024,1,sedih bgt ya Tuhan sesi mandok hata kali ini ak ikut mandok hata scr online di vidcall. rindu salam'an pas tahun baru. byk nangisnya sesi mandok hata kali ini. salam hangat &amp; salam rindu utk opung boru bapak mamak abang adek-adek hu love u kalian semua sayang kalian semuaa,1874151276352885067,,,in,,0,0,0,https://x.com/noname1238766/status/1874151276352885067,1855213542515105792,noname1238766
1873894929426166241,Tue Dec 31 17:50:58 +0000 2024,0,@sianonim89 buat rujakan rame rame ya kan pasti laku si,1874151272804475061,,sianonim89,in,,0,0,0,https://x.com/punditgagal/status/1874151272804475061,765555217089830913,punditgagal
1873846051691716993,Tue Dec 31 17:50:56 +0000 2024,0,@AbdulRachimmks Kesampingkan hukumannya. Dia ni sadar nggak sih apa yang dia lakukan. dia sama sekali gak menyesali dan merasa bersalah dg perbuatannya sampai bisa senyam senyum begitu,1874151267788087384,,AbdulRachimmks,in,,0,0,0,https://x.com/tichantikaa/status/1874151267788087384,1118631266553712640,tichantikaa
1874151260808753401,Tue Dec 31 17:50:55 +0000 2024,0,rasanya kayak illegal gitu ya tahun baruan galau,1874151260808753401,,,in,₊˚ʚ ᗢ₊˚✧ ﾟ.,0,1,0,https://x.com/kuronarw/status/1874151260808753401,1521758923401089024,kuronarw
1874020483798360363,Tue Dec 31 17:50:49 +0000 2024,0,@piokemoon Lebih banyak sedih nya sih,1874151237987557483,,piokemoon,in,handled by admins.,0,0,0,https://x.com/brettney/status/1874151237987557483,790887539162816513,brettney
1874151236515316079,Tue Dec 31 17:50:49 +0000 2024,1,Happy nu year mau menjadi lebih baik ga boleh terus menyerah dan tetap semangatt makasih el selalu support akuu!! semoga banyakkkk goals2 ku yang tercapai di tahun 2025!,1874151236515316079,,,in,"Jawa Barat, Indonesia",0,1,0,https://x.com/iniapanih/status/1874151236515316079,995469753807392769,iniapanih
1874120864364695793,Tue Dec 31 17:50:48 +0000 2024,0,@idextratime Si momon kampret emang gak pernah gagal kalau urusan beginian,1874151233776460191,,idextratime,in,Indonesia,0,0,0,https://x.com/ditgapuak/status/1874151233776460191,401148670,ditgapuak
1874008088401109473,Tue Dec 31 17:50:47 +0000 2024,0,@sweectz Bikin kecewa aja begini ya,1874151229389234646,,sweectz,in,Lokasi yang beroksigen,0,0,0,https://x.com/rejekianakbaik/status/1874151229389234646,1315198460946120704,rejekianakbaik
1874138453446639832,Tue Dec 31 17:50:46 +0000 2024,0,@ScuderiaFerrari Eh sedih,1874151225459101906,,ScuderiaFerrari,in,,0,0,0,https://x.com/staroceanza/status/1874151225459101906,1469907572731744257,staroceanza
1874151217745789167,Tue Dec 31 17:50:45 +0000 2024,4,aku baca ada yang julidin ibu2 kenapa pilih2 merk obat pdhl kandungannya sama padahal waktu itu banyak anak yang gagal ginjal karena merk2 obat tertentu. Inget rumus tinggal di negara ini adalah berusaha selamet sendiri wkwk,1874151217745789167,,,in,,0,0,1,https://x.com/saskifh/status/1874151217745789167,1493278227602632706,saskifh
1874151216764293252,Tue Dec 31 17:50:44 +0000 2024,1,i always getting emotional kalo tiap malam pergantian tahun gini throwback gimana gua bisa survive sejauh ini berat tapi bisa! even tho sambil merangkak. rasa marah seneng sedih kecewa resah dll semuanya dirasain but it precious which means i still alive in this world!,1874151216764293252,,,in,,0,0,0,https://x.com/flufflycoconut/status/1874151216764293252,1060422222064406529,flufflycoconut
1874151216089096599,Tue Dec 31 17:50:44 +0000 2024,0,list orang yang kesepian pas malem taun baru: - aku,1874151216089096599,,,in,,0,0,0,https://x.com/pastelkies/status/1874151216089096599,1140994724708229121,pastelkies
1873891004899877099,Tue Dec 31 17:50:34 +0000 2024,0,@produxtif semoga hal hal baik yang selalu menyertaiku dan orang terdekatku,1874151172929708182,,produxtif,in,,0,0,0,https://x.com/punditgagal/status/1874151172929708182,765555217089830913,punditgagal
1874151169855217916,Tue Dec 31 17:50:33 +0000 2024,0,memulai tahun ini tanpa rasa bersalah tahun kemarin (yang tahun 2023 ada dikit) ,1874151169855217916,,,in,caratland,0,0,0,https://x.com/c0upsrang/status/1874151169855217916,899270951245799424,c0upsrang
1874151153073868934,Tue Dec 31 17:50:29 +0000 2024,0,2024 banyak hah heh hoh nya banyak hal terjadi diluar ekspetasi dan buat sedih. Tapi 2025 aku percaya Tuhan akan menggantikan dengan senyuman dan kebahagiaan,1874151153073868934,,,in,"Ukui, Riau",0,0,0,https://x.com/nilamagdalenaa/status/1874151153073868934,1614922566,nilamagdalenaa
1874134800317215226,Tue Dec 31 17:50:28 +0000 2024,0,@urfcking_J SEMANGAT,1874151148929909200,,urfcking_J,in,,0,1,0,https://x.com/perkedeldul/status/1874151148929909200,1329873474853105669,perkedeldul
1874151144362250286,Tue Dec 31 17:50:27 +0000 2024,0,Cok sedih bgt gw merasa ada yg kurang gak liat lusi di new year gala dimana mana cepet sembuh sayangku sayangnya kelulis,1874151144362250286,,,in,,0,0,0,https://x.com/sweetmalfoys03/status/1874151144362250286,1552012870375727104,sweetmalfoys03
1874148041177120914,Tue Dec 31 17:50:25 +0000 2024,0,@haofib sedih pgn subi challenge ini 🅰️ https://t.co/GMm5eBCb8N,1874151136145609136,https://pbs.twimg.com/ext_tw_video_thumb/1787591946484998144/pu/img/OFuJCRMh2FfsUilt.jpg,haofib,in,,0,1,0,https://x.com/scorpieu/status/1874151136145609136,1148831363895713792,scorpieu
1874019375948456480,Tue Dec 31 17:48:19 +0000 2024,0,@evellyntifany_ kamu hanya gagal menjadi diri sendri jadi tetap semangat,1874150607512281170,,evellyntifany_,in,,0,0,0,https://x.com/Atuung95/status/1874150607512281170,1515904152526028800,Atuung95
1873891693289996547,Tue Dec 31 17:48:16 +0000 2024,0,@rindubeneran gemes banget kalian berdua tuu,1874150594249920866,,rindubeneran,in,,0,0,0,https://x.com/punditgagal/status/1874150594249920866,765555217089830913,punditgagal
1874150593327227349,Tue Dec 31 17:48:16 +0000 2024,0,adeeeyyyyyyy keci makasih ️️️️ semoga juga streak kita sampe 1000000 https://t.co/KuUgOuh5QZ,1874150593327227349,https://pbs.twimg.com/media/GgJR7lYbYAEGDBD.jpg,,in,july anderson. mdni,0,0,0,https://x.com/julyO__O/status/1874150593327227349,1834876592847544320,julyO__O
1874150590449926638,Tue Dec 31 17:48:15 +0000 2024,0,baru kali ini kayanya tahun baruan galau soalnya beda sama 2 tahun lalu,1874150590449926638,,,in,"she/her, legal",0,0,0,https://x.com/dailymiaa/status/1874150590449926638,1103532285507198976,dailymiaa
1874064282998235260,Tue Dec 31 17:48:13 +0000 2024,11,@tubirfess dari penjelasan 5 bersaudara tp kerjaan cm pedagang es keliling aja udh ketara bgt brengseknya gatau knp seandainya gue jd lu gue gaakan bs punya empati lg. dan gaakan ngerasa bersalah. tp kalo lu msh ada penyesalan terserah lah. bingung jg,1874150582497534427,,tubirfess,in,,0,0,0,https://x.com/ZONh0w/status/1874150582497534427,1400443207272435716,ZONh0w
1874150564038365230,Tue Dec 31 17:48:09 +0000 2024,7,buat moots ku jgn lupa bilang makasih ke diri kalian ya karena udh bertahan sejauh ini meskipun banyak hal2 yg tak teduga tapi memilih melanjutkan bukan menyerah kalian semua kerennn,1874150564038365230,,,in,00'L |  𝟷𝟺𝟾𝟻 & 𝟷𝟼𝟸𝟷𝟺,0,0,1,https://x.com/jieunhongg_/status/1874150564038365230,1262539464791842816,jieunhongg_
1874144129325875655,Tue Dec 31 17:48:08 +0000 2024,1,@AchanIsHere Tetap menyerah jgn semangat ,1874150562436177980,,AchanIsHere,in,NY (Namkanda Youniverse),0,1,0,https://x.com/worwhandseokjin/status/1874150562436177980,904587408468877312,worwhandseokjin
1874150308873662701,Tue Dec 31 17:48:07 +0000 2024,0,@innyaaw Iya sedih banget,1874150558422188151,,innyaaw,in,she/her – 02L,0,0,0,https://x.com/hyunjeongsell/status/1874150558422188151,1218377758016823296,hyunjeongsell
1874150547051471288,Tue Dec 31 17:48:05 +0000 2024,0,hampa banget ,1874150547051471288,,,in,NCT SUPERM EXO AESPA,0,0,0,https://x.com/tyoongiie/status/1874150547051471288,1435540366921383937,tyoongiie
1873802737122771178,Tue Dec 31 17:48:00 +0000 2024,0,@yribons huftt sedih banget tapi,1874150529502503248,,yribons,in,"Edinburgh, Scotland",0,0,0,https://x.com/cindetr/status/1874150529502503248,1356625718138990593,cindetr
1874150527623454787,Tue Dec 31 17:48:00 +0000 2024,0,walaupun tahun baru ini sendirian aja tapi aku seneng soalnya bisa ngobrol berdua sama Tuhan hehe biasanya kalau dirumah berdoa bareng..... sekarang berdoa sendiri TAPI GAPAPA biar lebih intimate sama Tuhan ihiwww ‍↕,1874150527623454787,,,in,,0,0,0,https://x.com/cherryschiez/status/1874150527623454787,1807229679738515456,cherryschiez
1873991808273047743,Tue Dec 31 17:47:59 +0000 2024,0,@Liltotochan Gw 13juta nder....ah sedih bgt sumpah.... Ponzi bangsat!!!,1874150521696866374,,Liltotochan,in,"Central Java, Indonesia",0,0,0,https://x.com/wiwithyulianto/status/1874150521696866374,1054010346686431232,wiwithyulianto
1874147455337644049,Tue Dec 31 17:47:58 +0000 2024,0,@meadcrow Harusnya aku nggak sih yang ngomong gitu? Kamu yang sering galau...,1874150521000648960,,meadcrow,in,,0,1,0,https://x.com/soleneire/status/1874150521000648960,169835833,soleneire
1874149149605847052,Tue Dec 31 17:47:58 +0000 2024,0,@kyaforsure ak baca twt ini lg di kamar sendirian,1874150520585334790,,kyaforsure,in,area51,0,1,0,https://x.com/reprlien/status/1874150520585334790,1249238848300695555,reprlien
1874150511601226240,Tue Dec 31 17:47:56 +0000 2024,0,gue ketiduran kebangun gara gara suara kembang api terus gatau sekarang tiba tiba sedih aja udah ganti tahun ya ternyata kita hahaha,1874150511601226240,,,in,bukan akun nulis,0,0,0,https://x.com/friedcarbonara/status/1874150511601226240,1765419568443621377,friedcarbonara
1874150511110422710,Tue Dec 31 17:47:56 +0000 2024,0,aku sedih liat ini t_____t,1874150511110422710,,,in,180715 241019 241026,0,1,0,https://x.com/gapunyabias/status/1874150511110422710,459014701,gapunyabias
1874086255161737527,Tue Dec 31 17:46:13 +0000 2024,0,@hiehseung Iya ya.. kok tiba2 sedih men,1874150079495626876,,hiehseung,in,Life is worth living,0,1,0,https://x.com/selowx/status/1874150079495626876,1238392938901565440,selowx
1874150069471191334,Tue Dec 31 17:46:11 +0000 2024,0,Selamat tahun baru guys Semoga lebih baik dan lebih beruntung Bagi yang belum beruntung tetap semangat karena orang sukses itu belajar dari kegagalan dan kalau masih gagal berarti anda belum beruntung. https://t.co/ZiOqqs0TMJ,1874150069471191334,https://pbs.twimg.com/ext_tw_video_thumb/1874150021232578560/pu/img/Xx4DmgvHgRtLIebj.jpg,,in,,0,0,0,https://x.com/P_etkLeeSegh/status/1874150069471191334,1507570047342247938,P_etkLeeSegh
1873879301793386912,Tue Dec 31 17:46:10 +0000 2024,0,@yourneedsco Sedih bgt pasti ya,1874150065981497347,,yourneedsco,in,"DKI Jakarta, Indonesia",0,0,0,https://x.com/mittenkitten__/status/1874150065981497347,876127474450522112,mittenkitten__
1874150057051935189,Tue Dec 31 17:46:08 +0000 2024,0,Sedih banget Lusi... ,1874150057051935189,,,in,DNFWC. DNSS.,0,2,0,https://x.com/LiliesForAnne/status/1874150057051935189,1825371368403382272,LiliesForAnne
1874143651468894561,Tue Dec 31 17:46:04 +0000 2024,0,@merapi_uncover Sdm indonesia cemas!,1874150042900324614,,merapi_uncover,in,Jawa,0,0,0,https://x.com/ditkoin/status/1874150042900324614,1595801041945100293,ditkoin
1874134464588341579,Tue Dec 31 17:46:03 +0000 2024,0,@_daisyrara bahaya ni belum apa apa dh gagal‍↔️,1874150039070925217,,_daisyrara,in,,0,0,0,https://x.com/ceramelpudding/status/1874150039070925217,1827155055625261056,ceramelpudding
1874150013636673898,Tue Dec 31 17:45:57 +0000 2024,0,Happy New Year everyoneeee happy 2025 lupakanlah semua rasa sakit nan gelisah di 2024 ayo semangat belajar dan buat memori baru tahun ini wkwkwkwk SEMANGAT DAN BE HAPPY TEMAN TEMAN TWITTER X KUUU LOVE U ALL HAPPY NEW YEAR GUYSSS ,1874150013636673898,,,in,,0,0,0,https://x.com/dohcn16/status/1874150013636673898,1279917087717113859,dohcn16
1874029624164048959,Tue Dec 31 17:45:56 +0000 2024,0,@gagal_hijrah Haram haram haram . Preeettt,1874150008788050073,,gagal_hijrah,sv,Jakarta,0,0,0,https://x.com/rassunda06/status/1874150008788050073,839459689100267521,rassunda06
1874150007424876572,Tue Dec 31 17:45:56 +0000 2024,0,padahal target tahun baruan mau poop setahun tapi gagal.,1874150007424876572,,,in,Cloud Nine ,0,1,0,https://x.com/_elbicnivni/status/1874150007424876572,1682844377239134209,_elbicnivni
1874150002127466734,Tue Dec 31 17:45:55 +0000 2024,0,suruh aku jd pribadi yg lebih baik tpi dia sendiri gmn? ;) huhu sedih bgt,1874150002127466734,,,in,englit UA,0,0,0,https://x.com/assohole/status/1874150002127466734,1509866996904914949,assohole
1874149859500130522,Tue Dec 31 17:45:54 +0000 2024,1,have been true indeed. Dam 2 tahun terakhir selalu dibumbui hal-hal terberat. Ditinggal Ibu dan ditinggalkan perusahaan dengan lingkungan yg positif. Tapi selalu yakin ini emang skenario terbaik buat jadi hal yang lebih baik lagi. Denial boleh cuma menyerah mah jangan. https://t.co/jK8Y0O8J77,1874150000596574653,https://pbs.twimg.com/media/GgJRY3SakAAvdqQ.jpg,hvzxgxsad,in,Rantauan,0,1,0,https://x.com/hvzxgxsad/status/1874150000596574653,1007614596713082886,hvzxgxsad
1874149999468265966,Tue Dec 31 17:45:54 +0000 2024,1,kak kita dahal baru kenaldan aku pun baru kenal day6 makanya aku follow akun kaka eh ternyata malah di folback️jadii tankyou bangett yaa kak udah jadi perantara buat bisa makin kenal day6kek sedih baru kenal day6 tapi bersyukur juga bisa kenal ka kes,1874149999468265966,,,in,,0,1,0,https://x.com/kall_idgaf/status/1874149999468265966,1360218634908434432,kall_idgaf
1874147750042112365,Tue Dec 31 17:45:53 +0000 2024,0,@shijnyu BARU JUGA TAHUN BARU UDAH GALAU AJA,1874149996188360931,,shijnyu,in,"I, Naraya Jean C.",0,1,0,https://x.com/skyIaand/status/1874149996188360931,706068131555323904,skyIaand
1874142091502379211,Tue Dec 31 17:45:53 +0000 2024,0,@itsanatimee IH HARUSNYA GMNA SIH?? JGN2 AKU JG GAGAL WKKWWK,1874149995538243980,,itsanatimee,in,Homophobic DNI 🚫 | NSFW🔞,0,1,0,https://x.com/TALAism_/status/1874149995538243980,1776050020128849922,TALAism_
1874076603279630786,Tue Dec 31 17:45:52 +0000 2024,0,@fwogii yg abis ditolak sama ini org aja @manusiapagii kasian lagi sedih cowonya lu ajakin pacaran aja,1874149988764442645,,fwogii,in,infj,0,0,0,https://x.com/graelliaa/status/1874149988764442645,1400675734767628293,graelliaa
1874149979289509930,Tue Dec 31 17:45:49 +0000 2024,0,Masih ada tanggungjawab nya lu buat ngerasa bersalah ytta aja lah. Btw sorry for your loss ,1874149979289509930,,,in,call me amel,0,0,0,https://x.com/erwintatakae/status/1874149979289509930,1343104288810172416,erwintatakae
1874149958116651215,Tue Dec 31 17:45:44 +0000 2024,0,gagal jemput cowo gue :((,1874149958116651215,,,in,sambat platform ,0,0,0,https://x.com/darlwwlr/status/1874149958116651215,1530764984275595265,darlwwlr
1873645319357157832,Tue Dec 31 17:45:43 +0000 2024,0,@_giffarii jangan sedih-sedih lagi ya,1874149952680763671,,_giffarii,in,,0,0,0,https://x.com/panjxat/status/1874149952680763671,1734904938239868928,panjxat
1874142901548335263,Tue Dec 31 17:43:12 +0000 2024,0,@onyoureem p ak sedih,1874149318799876534,,onyoureem,in,,0,1,0,https://x.com/carlieilrac/status/1874149318799876534,1632029080072916993,carlieilrac
1874146009594679590,Tue Dec 31 17:43:10 +0000 2024,0,@ieateverythinc gua sedih banget,1874149310419656865,,ieateverythinc,in,,0,0,0,https://x.com/iceleoeoe/status/1874149310419656865,1420746055369379850,iceleoeoe
1874144960381149605,Tue Dec 31 17:43:08 +0000 2024,0,@itsanatimee KASIAN BANGET JADI MAKAN SEAFOOD SENDIRIAN,1874149303117373833,,itsanatimee,in,weishenville•teuland•moaville,0,0,0,https://x.com/wangmoryyy/status/1874149303117373833,1445074891598827525,wangmoryyy
1874149299220853181,Tue Dec 31 17:43:07 +0000 2024,0,Tahun ini gaboleh sedih lagi pokonya harus stress.,1874149299220853181,,,in,,0,0,0,https://x.com/da_n_dy/status/1874149299220853181,1649410132764250113,da_n_dy
1874103060869628189,Tue Dec 31 17:43:07 +0000 2024,0,@sweepwer @pepengbison @ceritadungimut @nastarcheesecat @cikukucing @pentolkuriya @brontolan Kecewa,1874149298235204036,,sweepwer,in,hati-hati wibu,0,1,0,https://x.com/easthiesz/status/1874149298235204036,1561274370613321728,easthiesz
1874078053887889438,Tue Dec 31 17:43:05 +0000 2024,0,@veza_adlv batire nyong sedih ,1874149290576404914,,veza_adlv,in,Los Madiunos,0,0,0,https://x.com/nanangpurwoko_/status/1874149290576404914,3178201087,nanangpurwoko_
1873870683962564651,Tue Dec 31 17:43:04 +0000 2024,0,@chocopiesstt naah bener banget nih . setidaknya suda meminta yang terbaik,1874149285329330207,,chocopiesstt,in,,0,0,0,https://x.com/punditgagal/status/1874149285329330207,765555217089830913,punditgagal
1873965929522184443,Tue Dec 31 17:43:01 +0000 2024,0,@humor1s itu aslinya kecewa banget tahu,1874149274319282635,,humor1s,in,,0,0,0,https://x.com/Atuung95/status/1874149274319282635,1515904152526028800,Atuung95
1874149268174618952,Tue Dec 31 17:43:00 +0000 2024,0,selalu sedih baca ucapan tahun baru dari saksi hidup gue yang banyak plot twist kaya gini bener bener 2024 diuji dari orang terdekat banget Alhamdulillah udah dijauhin semuanya https://t.co/4tC40hVEbv,1874149268174618952,https://pbs.twimg.com/media/GgJQ0xbaEAAHfiY.jpg,,in,ꮤᵐᶦⁿᵒ,0,0,0,https://x.com/mamiyedam/status/1874149268174618952,1198255465878056961,mamiyedam
1874149261551821006,Tue Dec 31 17:42:58 +0000 2024,0,KWKWKWKWK sedih. Sedih banget kangen.,1874149261551821006,,,in,Any pronouns (21+).,0,0,0,https://x.com/badmiintor/status/1874149261551821006,1825360662987706368,badmiintor
1874149254866026752,Tue Dec 31 17:42:57 +0000 2024,0,sedih bgt ngeluh aja ga bolee,1874149254866026752,,,in,,0,0,0,https://x.com/hartatahtameyra/status/1874149254866026752,1251870236166385666,hartatahtameyra
1873855917529485586,Tue Dec 31 17:42:56 +0000 2024,0,@wtfhongjoong EMG ANJ SERU BGT GW SAMPE SEDIH,1874149253918203995,,wtfhongjoong,in,,0,1,0,https://x.com/cashuapeia/status/1874149253918203995,1306122374492741632,cashuapeia
1873990107612799156,Tue Dec 31 17:42:48 +0000 2024,0,@fanyisabella beneran banyak hal yg bikin sedih,1874149218199494747,,fanyisabella,in,,0,0,0,https://x.com/ckpsbry/status/1874149218199494747,394438095,ckpsbry
1874149217394188367,Tue Dec 31 17:42:48 +0000 2024,0,sedih bgt di grup angkatan tiba-tiba ada pengumuman kalo salah satu temen gue bokapnya meninggal pas jam 12 tadi tabahkanlah ya Allah,1874149217394188367,,,in,+62/010,0,0,0,https://x.com/cabecabrian/status/1874149217394188367,707102874,cabecabrian
1874149216966369322,Tue Dec 31 17:42:47 +0000 2024,0,Berhubung tahun baru dan gua juga sempet amnesia gua berharap banget bisa lupain apa yang bikin gua sedih di 2024. Stop langganan ke psikolog and start makan enak everyday.,1874149216966369322,,,in,"Cape Town, South Africa",0,0,0,https://x.com/capekbjrot/status/1874149216966369322,1944894614,capekbjrot
1874083425315152134,Tue Dec 31 17:42:44 +0000 2024,0,@lemonnadae Aku tidak terburu-buru malam ini katanya perlahan suaranya dalam dan tenang. Aku hanya ingin menikmati waktu bersamamu seperti ini. Tanpa gangguan tanpa tekanan. Aku sudah cukup lelah berlari. Logan mengangkat tangannya menyentuh wajah Beby dengan lembut.,1874149201145450840,,anxietshit,in,Mature | IC-OC,0,1,0,https://x.com/anxietshit/status/1874149201145450840,788895807248314368,anxietshit
1874124053835112886,Tue Dec 31 17:42:42 +0000 2024,0,@chaseaftertruth //AYAAAAHHH JANGAN TINGGALKAN AKU SENDIRIAN SOBS jangan mabuk nanti jadi..jadi..hiks... ANW HAPPY NYU YAAAA,1874149193901904106,,chaseaftertruth,in,"London, England",0,1,0,https://x.com/greenfleowers/status/1874149193901904106,1852831747245010944,greenfleowers
1874043461579817130,Tue Dec 31 17:42:42 +0000 2024,0,@susahmiskin___ asik betul lah sendirian,1874149192102535238,,susahmiskin___,in,,0,0,0,https://x.com/KikoyBarry/status/1874149192102535238,577318073,KikoyBarry
1874148344500752675,Tue Dec 31 17:39:19 +0000 2024,0,dah ah di awal tahun ini aku mau nonton sara wijayanto aj biar gak sedih,1874148344500752675,,,in,carat ,0,0,0,https://x.com/joshuofcheol/status/1874148344500752675,1746868226859151360,joshuofcheol
1874146909402911109,Tue Dec 31 17:39:18 +0000 2024,1,mau say thankyou sebanyak nya untuk org baik di tahun ini org baik yg ada di hidup gua.. keluarga gua yg gua syggg bangett makasii udh selalu ada untuk gua tahun ini terutama ayah banyak hal yg mungkin buat ayah kecewa tahun ini tpi beliau tetap menjalani perannya dgn baik,1874148339715117557,,abeliisken,in,,0,1,0,https://x.com/abeliisken/status/1874148339715117557,1769940374762688512,abeliisken
1873865612063367609,Tue Dec 31 17:39:18 +0000 2024,0,@khairaumh sungguh ini hanya sebagian dari rasa lelah yaAllah,1874148336623902900,,khairaumh,in,handle by admin ,0,0,0,https://x.com/settinggx/status/1874148336623902900,1555022434864345088,settinggx
1874148334623220084,Tue Dec 31 17:39:17 +0000 2024,0,pgn ciuman biar ngilangin stres,1874148334623220084,,,in,,0,0,0,https://x.com/katarinagurl/status/1874148334623220084,1407268153885794307,katarinagurl
1873500493668073845,Tue Dec 31 17:39:17 +0000 2024,0,@sepnote Ga. Gw kecewa sm diri sendiri g bisa nahan nafsu buat ga ninggalin dia skrng gw nyesel ngelakuin semua hal bodoh yg bikin gw sm dia jauh padahal gw tau endingnya gini tpi tololnya mlah tetep dilakuin thn ini thn tertolol gw.,1874148333494972647,,sepnote,in,,0,0,0,https://x.com/itsurgaby/status/1874148333494972647,1824408787505250304,itsurgaby
1874148290247471167,Tue Dec 31 17:39:07 +0000 2024,0,tahun baru gua kali ini bengong sendirian bener bener cuma sendiri,1874148290247471167,,,in,"Cikarang, Indonesia",0,0,0,https://x.com/muteraa_/status/1874148290247471167,1416296723752767488,muteraa_
1874147835945623810,Tue Dec 31 17:39:04 +0000 2024,0,sedih mw nangis hehe :(,1874148281439465673,,collaaddict,in,,0,0,0,https://x.com/collaaddict/status/1874148281439465673,1509940478577324033,collaaddict
1874148280210513994,Tue Dec 31 17:39:04 +0000 2024,0,eh serius gue kesepian bgt,1874148280210513994,,,in,,0,0,0,https://x.com/zifinyiw/status/1874148280210513994,1780264918203428864,zifinyiw
1874136567939555620,Tue Dec 31 17:38:58 +0000 2024,0,@Lexxtvjst galau,1874148256059695117,,Lexxtvjst,lt,,0,0,0,https://x.com/caleberies/status/1874148256059695117,1577267695565045760,caleberies
1874148243380330535,Tue Dec 31 17:38:55 +0000 2024,0,beneran se sedih jnj liat story org ,1874148243380330535,,,in,"Central Java, Indonesia",0,0,0,https://x.com/zyupiiiw/status/1874148243380330535,1538866603600646144,zyupiiiw
1874148242218508542,Tue Dec 31 17:38:55 +0000 2024,0,kok gue malah ngerasa sedih udah 2025 you did it cin! gud job!!!,1874148242218508542,,,in,aprndptri- On Your Mind 😊,0,0,0,https://x.com/Cintiyaprndptri/status/1874148242218508542,1075057424648658944,Cintiyaprndptri
1874000344516354464,Tue Dec 31 17:38:55 +0000 2024,0,@UMNONow @NajibRazak X takut aihhh.. Buang masa je hampa semua demi nak lepas kan jibby yg x guna tu.. X tahun lah apa punya bebal nak ber solidariti dengan useless mcm tu.. Serious tolol...,1874148241673249265,,UMNONow,in,,0,0,0,https://x.com/DonnyJ337254/status/1874148241673249265,1734063319735230464,DonnyJ337254
1873946500574962027,Tue Dec 31 17:38:46 +0000 2024,2,@Mythicalforest Tahun 2023 lalu banyak kebun di sekitar ikn gagal berbuah. Bisa jadi itu salah satu dampak ekologis dari deforestasi,1874148204226424850,,Mythicalforest,in,,0,0,0,https://x.com/zanepenjahit/status/1874148204226424850,888395324032638976,zanepenjahit
1874148203026932171,Tue Dec 31 17:38:46 +0000 2024,0,selamat taun baru semuanyaa️ btw kenapa yaa kaya sedih bngt taun baru teh:(((,1874148203026932171,,,in,,0,0,0,https://x.com/itssweettiepie_/status/1874148203026932171,1724822591591071744,itssweettiepie_
1874147631435534462,Tue Dec 31 17:38:44 +0000 2024,0,@4phroditee33 Ga tau anjir face id gagal mulu masa tau tau keblokir Masa iya muka gua berubah -- ,1874148197549080760,,4phroditee33,in,"Sleman, Yogyakarta",0,0,0,https://x.com/BlancN0ir_/status/1874148197549080760,1091596193723953157,BlancN0ir_
1874064282998235260,Tue Dec 31 17:38:42 +0000 2024,339,@tubirfess Jujur skrg banyak bgt tim yang blg ortu durhaka ortu durhaka. Gw gaberani ngomong takut dirujak karena persepsi tiap keluarga juga beda2. Tp gw percaya kalau lu ngerasa bersalah disitu lu sadar bahwa lu sebenernya punya kesempatan buat nolong tp lu gamau. Udah itu aja dulu.,1874148187809927486,,tubirfess,in,,1,1,20,https://x.com/soulrevelaticn/status/1874148187809927486,1345198553715470336,soulrevelaticn
1874148184987230416,Tue Dec 31 17:38:41 +0000 2024,0,Kok gada meletup ya oiya ak kan tinggal disn wislis 2025 ak mw pindah ke jw,1874148184987230416,,,in,far away,0,0,0,https://x.com/gorgoeuss/status/1874148184987230416,1813263485079592962,gorgoeuss
1874141032780103958,Tue Dec 31 17:38:03 +0000 2024,0,@WEBCOMICFESS Sedih gue,1874148022508200227,,WEBCOMICFESS,in,,0,0,0,https://x.com/rineitoshi/status/1874148022508200227,852537598664785920,rineitoshi
1874148020356603927,Tue Dec 31 17:38:02 +0000 2024,0,New years sendirian bgt nih gw?,1874148020356603927,,,in,"Kota Malang, Jawa Timur",0,0,0,https://x.com/realsideofren/status/1874148020356603927,1223039783292657665,realsideofren
1874144070257565963,Tue Dec 31 17:37:59 +0000 2024,0,@shackldd Gagal aku,1874148005366161418,,masihnini,in,,0,1,0,https://x.com/kijanginnovy/status/1874148005366161418,1615390769711558656,kijanginnovy
1874145463039037765,Tue Dec 31 17:37:58 +0000 2024,1,@taebearvi gak bisa bilang it's okay it must be hurt so bad to you. semoga 2025 lekas pulih dan banyak hal lebih baik lagi yang menghampiri lu. yang penting lu udah keren bisa melewati 2024 sampai selesai masih ada temen-temen di sini lu nggak sendirian. https://t.co/HOIEGBEX2F,1874148004430823814,https://pbs.twimg.com/tweet_video_thumb/GgJPq_CaoAAg-lx.jpg,taebearvii,in,𝙉𝙖𝙤𝙠𝙞 💙,0,1,1,https://x.com/LAKONFlKSl/status/1874148004430823814,1587799775327711232,LAKONFlKSl
1874147996444901692,Tue Dec 31 17:37:56 +0000 2024,2,harga di alfamart udah dicabutin semua guys persiapan harga baru karena ppn mau naik. terus last minute dikabarin kalo ternyata ga jadi bahkan kasirnya aja bingung gatau mau sedih atau sedih banget gua cuman mo bilang gws buat WNI musuh kita bukan penjajah tapi pemerintah. https://t.co/kHY866qEr9,1874147996444901692,https://pbs.twimg.com/media/GgJPqyTbgAA8cLK.jpg,,in,,0,0,1,https://x.com/pitteaa/status/1874147996444901692,582746992,pitteaa
1874139015043297356,Tue Dec 31 17:37:56 +0000 2024,0,@id_lgk @_pauljoyce kesannya madrid kaya bilang: yaudah sini gw bayar january daripada gratis nanti Juni 2025. Sdkt kecewa sama TAA klo bener pre-agreement ama Madrid padahal Liverpool lagi title race macam Liverpool sekelas everton aja.,1874147995148800366,,id_lgk,in,,0,1,0,https://x.com/travelmorethan/status/1874147995148800366,53902713,travelmorethan
1874147980770763256,Tue Dec 31 17:37:53 +0000 2024,0,sedih sbnrnya gak bisa pulang,1874147980770763256,,,in,04L || she/her,0,0,0,https://x.com/thaitealarge/status/1874147980770763256,1154376741395128320,thaitealarge
1873870431377383678,Tue Dec 31 17:37:50 +0000 2024,0,@velvet__daze tuh kecewa banget sih,1874147970138202155,,velvet__daze,in,,0,0,0,https://x.com/atikamld/status/1874147970138202155,1830932620525608965,atikamld
1874147961325969495,Tue Dec 31 17:37:48 +0000 2024,0,sedih juga pisah sama bella :(,1874147961325969495,,,in,,0,0,0,https://x.com/__bindyyy/status/1874147961325969495,1490510237102608388,__bindyyy
1874147959346258241,Tue Dec 31 17:37:48 +0000 2024,0,hepi new year all (numpang log in leptop abang karna hampa bgt ini hidup tanpa scroll twit ig watpad),1874147959346258241,,,in,In Scaramouche's arms,0,0,0,https://x.com/imbvii/status/1874147959346258241,1351731784082309123,imbvii
1874016366514278882,Tue Dec 31 17:37:41 +0000 2024,0,@alvianyps jadi sabar dulu aja daripada salah pilih ya kan,1874147930376143077,,alvianyps,in,,0,0,0,https://x.com/punditgagal/status/1874147930376143077,765555217089830913,punditgagal
1874147923635954031,Tue Dec 31 17:37:39 +0000 2024,5,Selamat tahun baru guys Tahun baru kali ini aku ga punya nenek lagi guys beliau meninggal tgl 27 kemarin. Malam ini aku didepan teras sendirian,1874147923635954031,,,in,,0,2,0,https://x.com/tidakada_orang/status/1874147923635954031,1271449330252042250,tidakada_orang
1874147921798828303,Tue Dec 31 17:37:39 +0000 2024,7,semogaa tahun 2025 ini jadi tahun yang penuh kebahagiaansemogaa gw bisaa diberi kesabaran dilapangkan rezekinya panjang umur please gamau nangis lagi gamau sedih lagi ya allah semoga bisa tercapai semua keiinginan di tahun ini ya allah AMINN,1874147921798828303,,,in,she/her,0,4,0,https://x.com/biiibbbbsss/status/1874147921798828303,1112969782725304320,biiibbbbsss
1874147919206769153,Tue Dec 31 17:37:38 +0000 2024,0,Apapun yang akan terjadi di tahun 2025 ini ...sedih kecewa seneng atau bahagia gw harus menang!,1874147919206769153,,,in,,0,0,0,https://x.com/dinoodink/status/1874147919206769153,1161787492942532608,dinoodink
1874143983917809952,Tue Dec 31 17:37:37 +0000 2024,0,@louieasye entahlah. iya ini udah berkali-kali udah bkn gedeg lg ini pengen ku obrak abrik aja ntu dagangan /jjj dahlah males. gamau jajan/nitip disitu lg. kecewa mgkn ini cara semesta biar aku restbuy wkak,1874147916685991968,,louieasye,in,✞ | millenials | 🇮🇩 ina ,0,1,0,https://x.com/croisaintt/status/1874147916685991968,1512757497085407238,croisaintt
1873965929522184443,Tue Dec 31 17:37:36 +0000 2024,0,@humor1s iya aslinya kecewa banget makanya gamau bahas,1874147910251929724,,humor1s,in,,0,0,0,https://x.com/spiderrmn/status/1874147910251929724,794789376429461504,spiderrmn
1874145798306619707,Tue Dec 31 17:37:33 +0000 2024,0,@msvspeedwell bapak ini kayanya juga galau pas bokpop ldr,1874147897111175534,,msvspeedwell,in,,0,0,0,https://x.com/nattxxii/status/1874147897111175534,843785665565216768,nattxxii
1874138196520362368,Tue Dec 31 17:37:30 +0000 2024,1,@A_GitaJKT48 makasih juga ya kak gita udh bertahan sejauh ini semangat terus ya kak gita kamu gak sendirian kamu ada kita happy new year ya ka gita,1874147884003975425,,A_GitaJKT48,in,,0,0,0,https://x.com/S75464Nayla/status/1874147884003975425,1811771521586851840,S75464Nayla
1874147874633900227,Tue Dec 31 17:37:27 +0000 2024,6,Hallooo happy new year ️️ Semuanya selamat tahun baru tolong bahagia dan sehat selalu. Tolong hidup lebih lama demi konten kesayangan ya jangan khawatir pasti ada rencana yang lebih baik dan terbaik di tahun yang baru ini kalaupun lelah istirahat dulu okey! xoxo.,1874147874633900227,,,in,,0,1,0,https://x.com/loveshongchi/status/1874147874633900227,1649087503427833856,loveshongchi
1874147874021532079,Tue Dec 31 17:37:27 +0000 2024,14,udah dua tahun ya aku di sini? (´∩｡ ᵕ ｡∩`) maaf ya tahun ini aku banyak deact hidupku lagi sok sibuk sama sok sedih aja sih mana jarang update.. padahal tahun kemarin aku rajin update dan bisa selesain 3 long au ╥﹏╥ selamat tahun baru ily guys! ꒰⑅ᵕ༚ᵕ꒱˖,1874147874021532079,,,in,hc centric area! thread au ⏬,0,2,1,https://x.com/lvmahae/status/1874147874021532079,1531102443572187136,lvmahae
1874147786167558287,Tue Dec 31 17:37:26 +0000 2024,0,tiap tahun baruan di rumh selalu sedih males gueee,1874147870041149564,,geekycaws,in,,0,0,0,https://x.com/geekycaws/status/1874147870041149564,1821379084875894784,geekycaws
1873901671132360978,Tue Dec 31 17:37:25 +0000 2024,0,@okezonenews @V3g3L Gak ada polisi yang bersalah. Pelaku nya oknum semua... anjing!,1874147865649701126,,okezonenews,in,"Bandung, Jawa Barat",0,0,0,https://x.com/jo_adhi/status/1874147865649701126,865142711820574720,jo_adhi
1874147406939619491,Tue Dec 31 17:37:25 +0000 2024,0,@Jungweon 2025 baru setengah jam Willie udah galau aja.,1874147865033048398,,Jungweon,in,Nawasena Fabian Adipranata.,0,1,0,https://x.com/eyawnzzn/status/1874147865033048398,2354725427,eyawnzzn
1874147864760459442,Tue Dec 31 17:37:25 +0000 2024,0,abis bikin caption gitu sedih dikit,1874147864760459442,,,in,,0,0,0,https://x.com/luluckies/status/1874147864760459442,1296126686648340482,luluckies
1874138577539654022,Tue Dec 31 17:37:22 +0000 2024,1,@acibekasi :(( im happy to have you here LIKE SO MUCH KAMU JUGA BAHAGIA TERUS YAAA ada kalanya sedih tapi aku percaya kamu bisa let it flow!! you still have me sayang as always ya ^___^,1874147849858162725,,acibekasi,in,"୨୧ She/her, ENFJ",0,1,1,https://x.com/iKinnich/status/1874147849858162725,1708827666747641856,iKinnich
1874147849317056999,Tue Dec 31 17:37:21 +0000 2024,0,Duh untung bbrp kali flight sendirian tapi style gw sama sekali ga kayak gini ,1874147849317056999,,,in,Denmark,0,0,0,https://x.com/_lh22/status/1874147849317056999,837059712323485705,_lh22
1874147827112436196,Tue Dec 31 17:37:16 +0000 2024,0,Aneh bgt deh 2025 kek apaan anjir angkanya jelek bgt wtf imagine born on 2025 lol,1874147827112436196,,,in,far away,0,1,0,https://x.com/gorgoeuss/status/1874147827112436196,1813263485079592962,gorgoeuss
1873992635792449942,Tue Dec 31 17:37:16 +0000 2024,0,@IrZamaritan ini bakat terpendam yang emang lebih baik di pendam wkwk,1874147825006895356,,IrZamaritan,in,,0,0,0,https://x.com/punditgagal/status/1874147825006895356,765555217089830913,punditgagal
1874129500637979061,Tue Dec 31 17:37:15 +0000 2024,0,@itshumayra Mingit sekarang sama yordan apa karena udah menyerah sama fitacimin gara-gara nggak dibalas dm nya wkwk,1874147820531499034,,itshumayra,in,,0,0,0,https://x.com/Yuliii1807/status/1874147820531499034,1289206079843270656,Yuliii1807
1874147809945149619,Tue Dec 31 17:37:12 +0000 2024,1,tahun baru ini kek b aja gitu nothing special no happy feelings.. hampa sad,1874147809945149619,,,in,Indonesia,0,0,0,https://x.com/tatapr_/status/1874147809945149619,1690968733,tatapr_
1874135223765787038,Tue Dec 31 17:37:11 +0000 2024,0,@catcze demi apa tar taun baru sendirian tega,1874147805989949780,,catcze,in,minta restu ibu dulu @flustted,0,1,0,https://x.com/sivmples/status/1874147805989949780,3002568103,sivmples
1873954869352313153,Tue Dec 31 17:37:11 +0000 2024,0,@andiiqbalilyas1 Biar lebih mudah mengelola setress dan depresi,1874147804891005312,,andiiqbalilyas1,in,,0,0,0,https://x.com/strssovrld/status/1874147804891005312,1125648687491735554,strssovrld
1874105776282710193,Tue Dec 31 17:37:09 +0000 2024,0,@convomf stres banget anjeng,1874147796791816215,,convomf,in,,0,0,0,https://x.com/twtgabrut/status/1874147796791816215,1573144386057084928,twtgabrut
1874145790886834265,Tue Dec 31 17:37:03 +0000 2024,0,@sangyeopslipper Bingung karena apa sedih banget mulai dari awal lagi,1874147770212434000,,sangyeopslipper,in, 𝐋𝐔𝐂𝐘 𝐈𝐒𝐋𝐀𝐍𝐃 🎟🚂,0,1,0,https://x.com/pulaulucy_/status/1874147770212434000,1434041438254231557,pulaulucy_
1874147768488624237,Tue Dec 31 17:37:02 +0000 2024,0,skrg beneran sedih kl denger petasan,1874147768488624237,,,in,,0,0,0,https://x.com/hantudimsum/status/1874147768488624237,710237502,hantudimsum
1874006674153099292,Tue Dec 31 17:36:58 +0000 2024,0,@txtdrbebanortu Capek sama udah pasrah ya Kak,1874147749631033835,,txtdrbebanortu,in,"🇮🇩 Central Java, Indonesia",0,0,0,https://x.com/sky_awanku/status/1874147749631033835,1666658233,sky_awanku
1874147743943532919,Tue Dec 31 17:36:57 +0000 2024,0,Inget mamanya dia kalo berobat ke Malaysia tp lupa deng Penang apa mana wkwk. Naik mobil soalnya dr Kalbar si.. Semoga sekarang udah jauh lebih membaik sakitnya. Kalo liat dia sedih ga tega bgt tp aku juga gabisa apa2 hehe,1874147745877156321,,schahrdpill,in,,0,0,0,https://x.com/schahrdpill/status/1874147745877156321,1063764081906147330,schahrdpill
1874147736087589031,Tue Dec 31 17:36:54 +0000 2024,1,Guys..... ak hrus apa stlah baca ini....... sinting (aku)...........,1874147736087589031,,,in,"she/her, RPS",0,0,0,https://x.com/emanglejat/status/1874147736087589031,1078136820326555649,emanglejat
1874147723785732541,Tue Dec 31 17:36:51 +0000 2024,8,Sayangkuu udah berjuang dan udah membaik terimakasih karena ga menyerah ya nakk. Semoga cepet sembuh sayang. #ZhaoLusi,1874147723785732541,,,in,,0,0,0,https://x.com/KyrosZLS/status/1874147723785732541,1623155013530058753,KyrosZLS
1874115690967556596,Tue Dec 31 17:36:50 +0000 2024,0,@minhio agak ngeri sirkel genk sklazz selalu membully dd yg tidak bersalah dan polos ini,1874147715984294033,,minhio,in, strictly nsa ,0,0,0,https://x.com/mlalborro/status/1874147715984294033,1251337726852358145,mlalborro
1874147706828185783,Tue Dec 31 17:36:47 +0000 2024,1,Knp dari dulu gak suka bulan Desember? Ya karena banyak sedihnya. Tapi knp ya dunia tetep jalan kembang api tetep nyala dan Jakarta tetep macet? Ya karena hal hal tersebut gak peduli sama rasa sedih lu kocak ️,1874147706828185783,,,in,,0,0,0,https://x.com/hellojansky/status/1874147706828185783,1233633400373665792,hellojansky
1874135959769669751,Tue Dec 31 17:36:44 +0000 2024,0,@Erikachrns ANJIRRR JAGOANN GUEEE SEDIH NYAA YAALLAH,1874147691804107046,,Erikachrns,in,,0,0,0,https://x.com/disiniiloveee/status/1874147691804107046,1694698812697403393,disiniiloveee
1874147681997906134,Tue Dec 31 17:36:42 +0000 2024,0,kenapa agak sedih sih wwkwk padahal 2024 kek ga seseru itu :),1874147681997906134,,,in,,0,0,0,https://x.com/gingerbread977/status/1874147681997906134,1401848781977522183,gingerbread977
1873889186086044001,Tue Dec 31 17:36:39 +0000 2024,0,@atikamld gak boleh menyerah ya,1874147669897339136,,atikamld,in,,0,0,0,https://x.com/segmua/status/1874147669897339136,902933200107745280,segmua
1874140060045763026,Tue Dec 31 17:36:35 +0000 2024,1,@Matetheseries woi episode baru dong sedih bett,1874147656551092497,,Matetheseries,in,,0,0,0,https://x.com/ini_ituy/status/1874147656551092497,1796349167763365888,ini_ituy
1874120510436487548,Tue Dec 31 17:36:35 +0000 2024,4,@mfs_ub Gada sih Tpi better beli arbal trus mendem daripada lompat,1874147655838032145,,mfs_ub,in,,0,0,0,https://x.com/rezzc69/status/1874147655838032145,1646932922279280640,rezzc69
1874105751024873899,Tue Dec 31 17:36:34 +0000 2024,0,@dhRHnCBN5Db Banget jujur sedih aq gemik jugak ngok ,1874147649789845552,,dhRHnCBN5Db,in,SR22B's ⭐____⭐ +tonsyotism,0,0,0,https://x.com/seunghanfib/status/1874147649789845552,1429436216408039429,seunghanfib
1874147648112124058,Tue Dec 31 17:36:33 +0000 2024,0,halah sedih gini besok jga ttp mau diajak ketemu sep,1874147648112124058,,,in,your mind,0,0,0,https://x.com/bondolgurl/status/1874147648112124058,1330473039641907200,bondolgurl
1874140718136254610,Tue Dec 31 17:36:33 +0000 2024,0,@Aangdanz Wajahmu mass lelah banget,1874147644668547076,,Aangdanz,in,"Kota Surabaya, Jawa Timur",0,0,0,https://x.com/adamabdilah8/status/1874147644668547076,1537261958516580352,adamabdilah8
1874147644257550706,Tue Dec 31 17:36:33 +0000 2024,0,aku tuu sayang banget banget sama ajis kencur ini temenan dari smp sampai sekarang kuliah udh sem 5 ke atas. curhatin semua masalah hidup padahal tahu kita berdua sama2 depresi mental amburadul pikiran bundir terus menerus. tapi ajis ini yang selalu ada disamping https://t.co/f8O6gIuMoQ,1874147644257550706,https://pbs.twimg.com/media/GgJPVAnbYAABxrb.jpg,,in,RISOLES🏡,0,2,0,https://x.com/pingura97/status/1874147644257550706,1271870647229009920,pingura97
1874147633172013265,Tue Dec 31 17:36:30 +0000 2024,0,mamahhhhhh aku sedih aku sayang banget https://t.co/02qbNATAel,1874147633172013265,https://pbs.twimg.com/media/GgJPVLHbYAEIFpP.jpg,,in,,0,0,0,https://x.com/nattagemi/status/1874147633172013265,1315174792983535617,nattagemi
1874147632970608913,Tue Dec 31 17:36:30 +0000 2024,0,Pinca favorit aku mutasi!!!! Rada senang dan sedih. Hari-hari bersama beliau sangat berkesan. Terima kasih sudah menerima saya mulai dari CRO sampai upgrade menjadi kasir. Berkah selalu bapak!,1874147632970608913,,,in,Indonesia,0,0,0,https://x.com/noviirrr/status/1874147632970608913,535265479,noviirrr
1874147236063703489,Tue Dec 31 17:34:55 +0000 2024,0,eh pls tolong aing galau pisan YaAllah YaAllah,1874147236063703489,,,in,,0,0,0,https://x.com/diknonoeko/status/1874147236063703489,1817978424465784834,diknonoeko
1874147232095887601,Tue Dec 31 17:34:54 +0000 2024,0,sejujurnya agak menyedihkan tahun baru sendirian wkwj,1874147232095887601,,,in,Indonesia,0,0,0,https://x.com/ikkapov/status/1874147232095887601,1269906111739486209,ikkapov
1873862422299369499,Tue Dec 31 17:34:53 +0000 2024,2,@dewatopann @21_mozza wkwkw yg bener ortunya gagal mendidik gaada korelasinya perilaku kayak gini sama pemimpin atau partai,1874147227968692249,,dewatopann,in,Jeddah,0,0,0,https://x.com/syachnugra/status/1874147227968692249,1709289964486135808,syachnugra
1874147227763171632,Tue Dec 31 17:34:53 +0000 2024,0,kubiarin la budak besti satu itu puas puasin nakal maboknya yaallah semoga tahun ini sadar jgn kejauhan plisss gue udah stres ngt ngurusnya ,1874147227763171632,,,in,,0,1,0,https://x.com/goIdruss/status/1874147227763171632,1402869756164599812,goIdruss
1874143507847536880,Tue Dec 31 17:34:50 +0000 2024,0,@ptrkaii @PatirVairus sedih gw put gw hanya side chick lu,1874147213682864142,,ptrkaii,in,,0,1,0,https://x.com/almirawrr/status/1874147213682864142,1737817542834769920,almirawrr
1874147213208908025,Tue Dec 31 17:34:50 +0000 2024,15,happy new year moots i hope 2025 treat us better than before. Kalian semua udah berjuang &amp; hebat di tahun 2024 ini selalu semangat dan jangan menyerah ya. i love you all,1874147213208908025,,,in,,0,3,0,https://x.com/sayangminjeong/status/1874147213208908025,1579124303358210049,sayangminjeong
1874147211149467887,Tue Dec 31 17:34:49 +0000 2024,0,Mengawali 2025 dengan galbrut galau brutal,1874147211149467887,,,in,"East Java, Indonesia",0,0,0,https://x.com/adindaba/status/1874147211149467887,974519772971847680,adindaba
1874147208880415060,Tue Dec 31 17:34:49 +0000 2024,1,si karin bikin sedih aja jir https://t.co/TIOPjWeQPn,1874147208880415060,https://pbs.twimg.com/media/GgJO83ubYAAol9y.jpg,,in,,0,0,0,https://x.com/whoszahrah/status/1874147208880415060,1296305201100361728,whoszahrah
1874147207903133938,Tue Dec 31 17:34:48 +0000 2024,0,Huaaa sedih bgt tahun baruan jauh dari rumah :(,1874147207903133938,,,in,"Day6, NCT, eaJ ♡",0,0,0,https://x.com/matchayuo/status/1874147207903133938,1676235427647475714,matchayuo
1874024717713367361,Tue Dec 31 17:34:48 +0000 2024,0,@gincu jangan sedih sedih kamuu,1874147206854565974,,gincu,in,"Edinburgh, Scotland",0,0,0,https://x.com/cindetr/status/1874147206854565974,1356625718138990593,cindetr
1874147164965986440,Tue Dec 31 17:34:47 +0000 2024,0,⠀ ada kalanya waktu kuhabiskan untuk berkhayal. andai saat itu aku tak ragu menghubunginya tuk bertukar kabar. andai aku tak meninggalkannya begitu saja setelah berjanji akan selalu menemani agar tak lagi kesepian. ⠀,1874147203071295850,,calmnng,in,penned by zhi.,0,1,0,https://x.com/calmnng/status/1874147203071295850,3309093619,calmnng
1874147197689921576,Tue Dec 31 17:34:46 +0000 2024,2,00.34 WIB Bila Anda Lelah dan Mengantuk Gunakan Tempat Istirahat #JM_Tertib_Berlalulintas_2025,1874147199501963394,,PTJASAMARGA,in,DKI Jakarta,0,0,0,https://x.com/PTJASAMARGA/status/1874147199501963394,540625251,PTJASAMARGA
1874144454896214150,Tue Dec 31 17:34:46 +0000 2024,1,@liiuyaowen Happy new year dindaa terima kasih banyak sudah menemaniku fangirling dalam keadaan senang maupun sedih dan menangis tersedu² sampai saat ini sehat² selalu gadis cantik luv youu ,1874147196347834659,,liiuyaowen,in,,0,1,0,https://x.com/wangs_knight/status/1874147196347834659,896002529632309248,wangs_knight
1873987180995240001,Tue Dec 31 17:34:45 +0000 2024,0,@cresentbride Klo lg galau tu ga mood ngapa ngapain.. kcuali klo dikasih vidio lawak baru gw udh ga galau lg,1874147192652652755,,cresentbride,in,18+ she/her,0,1,0,https://x.com/tillkinnie/status/1874147192652652755,1449174077684391942,tillkinnie
1874147164965986440,Tue Dec 31 17:34:43 +0000 2024,0,⠀ selanjutnya helaan nafaslah yang ku dengar dari orang di sampingku. mungkin menyerah untuk bertanya lebih lanjut mengenai maksud ucapanku. seperti mengetahui bahwa adiknya membutuhkan waktu sendiri dia memilih untuk pergi. ⠀,1874147184918282602,,calmnng,in,penned by zhi.,0,1,0,https://x.com/calmnng/status/1874147184918282602,3309093619,calmnng
1874147182250778939,Tue Dec 31 17:34:42 +0000 2024,1,Cepio : Freyaaa gue lelah ngadepin anak² iniii... Freya : Iya cee... Nyeraaah!!!! ,1874147182250778939,,,in,,0,0,0,https://x.com/Rzq_NewNormal48/status/1874147182250778939,1306980554261233664,Rzq_NewNormal48
1874147179365069146,Tue Dec 31 17:34:42 +0000 2024,1,Hampa bgt njir..,1874147179365069146,,,in,,0,0,0,https://x.com/sakaanuesa/status/1874147179365069146,1568943696414113792,sakaanuesa
1874126134620938405,Tue Dec 31 17:34:39 +0000 2024,0,@anaqnyapaqudin sambil dengerin lagu galau trus ngelamun al bekne onok seng ngekeki duwek,1874147167843344656,,anaqnyapaqudin,in,,0,1,0,https://x.com/tobelicetobeli/status/1874147167843344656,1485903416971100161,tobelicetobeli
1874117078095139111,Tue Dec 31 17:34:38 +0000 2024,0,@markkfs diem aku sedih ya ,1874147161853878447,,markkfs,in,,0,0,0,https://x.com/markmoIo/status/1874147161853878447,1426570060617768961,markmoIo
1874147143713513672,Tue Dec 31 17:34:33 +0000 2024,0,GUE SEDIH BGT GA TAU,1874147143713513672,,,in,,0,0,0,https://x.com/iznocent/status/1874147143713513672,761304672342794241,iznocent
1874146997940449337,Tue Dec 31 17:33:58 +0000 2024,1,tahun baru sedih hahaha pdhl disini crowded bgt tapi feel empty https://t.co/4e1UhqIaF1,1874146997940449337,https://pbs.twimg.com/media/GgJOwa4a0AArg6q.jpg,,in,⭐🥎💗🧶🦆🏄🏻‍♀️🧇,0,1,0,https://x.com/cilintaa/status/1874146997940449337,1392303952213860356,cilintaa
1874012637102784654,Tue Dec 31 17:33:58 +0000 2024,0,@iniwiyaw harus bisa tenang dulu biar bisa nemu solusi,1874146994194952445,,iniwiyaw,in,,0,0,0,https://x.com/punditgagal/status/1874146994194952445,765555217089830913,punditgagal
1874145651300458826,Tue Dec 31 17:33:57 +0000 2024,0,Pertama kali ngerasain ganti tahun tanpa ada kamu disini feels weird?? Kaya ada yang kurang gitu rasanya kek ilang apa gituu hampa kangen semuaa campur campurr. Tapi gapapaa i'm ready for 2025 living my new life without you.,1874146989933470172,,kecintaanyupi,in,,0,1,0,https://x.com/kecintaanyupi/status/1874146989933470172,1106709519369818112,kecintaanyupi
1874146982379573513,Tue Dec 31 17:33:55 +0000 2024,0,idk why setiap pergantian tahun ngerasa sedih,1874146982379573513,,,in,,0,0,0,https://x.com/ccygnuss_/status/1874146982379573513,1652647763539267584,ccygnuss_
1874146981079376329,Tue Dec 31 17:33:54 +0000 2024,0,galau,1874146981079376329,,,lt,,0,0,0,https://x.com/bbyeight0/status/1874146981079376329,1177085890482491392,bbyeight0
1874146979309379616,Tue Dec 31 17:33:54 +0000 2024,0,sedih bgttttt Tuhannnn,1874146979309379616,,,in,Hogwarts ,0,0,0,https://x.com/mawarhadidd/status/1874146979309379616,1576218271497752576,mawarhadidd
1874146977333862494,Tue Dec 31 17:33:54 +0000 2024,0,sedih bgt ga boong,1874146977333862494,,,in,,0,0,0,https://x.com/telatgakbanh/status/1874146977333862494,1813092589106831361,telatgakbanh
1874146976155263137,Tue Dec 31 17:33:53 +0000 2024,0,tbtb sedih bgt️️,1874146976155263137,,,in,she/her,0,1,0,https://x.com/MINGYUL00K/status/1874146976155263137,1527645763601199104,MINGYUL00K
1874146973298876708,Tue Dec 31 17:33:53 +0000 2024,0,dan untuk ke 3 kesayangan ku ini tolong sehat2 yaa kalian. jangan tinggalin akuu:( sedih banget tau ditinggal pergi kucing tuhh nangis nya berhari-hari:( . mari kita bersama dalam waktu yang panjang ilafyuuu kesayangan kuu https://t.co/5QMrF7eMtr,1874146973298876708,https://pbs.twimg.com/media/GgJOr3wbcAAo2Bg.jpg,,in,Euphoria. she/her.,0,0,0,https://x.com/findijjkiest/status/1874146973298876708,1098125985008898048,findijjkiest
1874146972736905499,Tue Dec 31 17:33:52 +0000 2024,1,sedih sedikit (banyak deng) soalnya harusnya seunghan udah bisa tahun baruan sama riize sekarang hehehe,1874146972736905499,,,in,,0,2,0,https://x.com/jenolovesbot/status/1874146972736905499,1295217847644246016,jenolovesbot
1874144181884772428,Tue Dec 31 17:33:52 +0000 2024,0,@ciyyori MASIH AJA ANJIR. MAAFIN DEH SHORT MEMORY INI MEMBUAT AK STRES KADANG.,1874146971751244011,,ciyyori,in,CYBER.,0,0,0,https://x.com/missisupi/status/1874146971751244011,1384811957463617536,missisupi
1874146968701985186,Tue Dec 31 17:33:51 +0000 2024,2,gagal makan anggur tahun kemaren udah gagal. coba lagi tahun depan,1874146968701985186,,,in,,0,1,0,https://x.com/marshenda_/status/1874146968701985186,756272930,marshenda_
1873887986489975213,Tue Dec 31 17:33:51 +0000 2024,0,@diaryhijrah08 ah begitu ternyata lelah yang disukai Allah,1874146966541918398,,diaryhijrah08,in,,0,0,0,https://x.com/vibesooul/status/1874146966541918398,1480881520134918146,vibesooul
1874135941474116080,Tue Dec 31 17:33:50 +0000 2024,0,@lewat_c kecewa mau bikin igs ngga ada lagunya alhasil ngedit sendiri : ,1874146960602784243,,lewat_c,in,,0,1,0,https://x.com/suiryu1234/status/1874146960602784243,1129771954582347776,suiryu1234
1874142144837103926,Tue Dec 31 17:33:47 +0000 2024,0,@wonbincard Happy new year elli! Tolong sedih sedih jauh jauh sama elli biarin di tahun ini jadi tahun terbaik buat elli hush hushh,1874146950599397862,,wonbincard,in,RII7E & REALIZE,0,0,0,https://x.com/1bbinO__O/status/1874146950599397862,1836473214933045249,1bbinO__O
1874131382563475654,Tue Dec 31 17:33:47 +0000 2024,0,@ccyscho tp gak abis macet sedih tu,1874146948539965545,,ccyscho,in,,0,0,0,https://x.com/dinstarks/status/1874146948539965545,1115578831983661057,dinstarks
1874138686973165890,Tue Dec 31 17:33:44 +0000 2024,0,@Mingdellion punya planning buat tanggal 1 kah?,1874146938469441707,,Mingdellion,in,Naraya Shaletta A,0,0,0,https://x.com/toowthless/status/1874146938469441707,785242474339930112,toowthless
1874146926406623561,Tue Dec 31 17:33:41 +0000 2024,1,hi mootsie! i wanna say something. mungkin aku akan rest sebentar dari kegiatan jbjb ku idk what makes me like this but i'm just tired :) akhir' ini aku emang lagi cape sama hidupku mungkin kalo orang lain nyebutnya lagi di fase terpuruk(?) -,1874146926406623561,,,in,safe place (hoshi),0,4,0,https://x.com/kwonnieyoung/status/1874146926406623561,1595916738582835201,kwonnieyoung
1874146898531279191,Tue Dec 31 17:33:35 +0000 2024,1,Aku tak tau org lain tapi January bukanlah bulan yg aku mampu raikan dgn hati gembira January adalah bulan aku hilang anchor terberat dalam hidup aku. Akak rindu ayah setengah mati. Sampai mati akak akan bawa rasa sedih rindu ni sehingga Allah satukan balik akak dgn ayah.,1874146898531279191,,,in,,0,1,0,https://x.com/ghefqistz10/status/1874146898531279191,1722529133400649728,ghefqistz10
1874146792608326032,Tue Dec 31 17:33:09 +0000 2024,0,gua kira gua doang njir yg gagal keknya banyak deh...,1874146792608326032,,,in,,0,0,0,https://x.com/dayeunj/status/1874146792608326032,1685816743,dayeunj
1874146786446893169,Tue Dec 31 17:33:08 +0000 2024,0,Happy new year semoga di 2025 banyak keberuntungan untuk kita semua semoga ga banyak sedih nya banyak senengnyaa ilofiuu 3000,1874146786446893169,,,in,JKT48 ,0,0,0,https://x.com/zheizui/status/1874146786446893169,1777310723083014144,zheizui
1874144015744196960,Tue Dec 31 17:33:08 +0000 2024,0,@yourcatfish_6 Happy new year Mas Lelekuu!! Meskipun aku sedih kamu belum pulang-pulang tapi aku tetep cinta kamu Aku harap kamu selalu sehat dan bahagia ya beebb! Oh dan bisnis lele juga lancar jaya!! ,1874146785884807654,,yourcatfish_6,in,25+ y.o,0,1,0,https://x.com/nozumi21_/status/1874146785884807654,1591311000027811840,nozumi21_
1874138577539654022,Tue Dec 31 17:33:07 +0000 2024,0,@iKinnich imy morreeeeee Ellie happy new year ya semoga di 2025 ini kamu semakin bahagia jangan sedih sedih hrus slalu tersenyum makasih udh bertahan sampe sekarang Ellie ,1874146780205715829,,iKinnich,in,unlabeled,0,1,1,https://x.com/acibekasi/status/1874146780205715829,1691662511291146240,acibekasi
1874146748123537804,Tue Dec 31 17:32:59 +0000 2024,0,happy new year ya km hiduplah dg baik doa baik untuk km i just can love u from afar jgn sakit jgn sedih jgn terluka️,1874146748123537804,,,in,,0,0,0,https://x.com/autumngirrlll/status/1874146748123537804,1239027424022507520,autumngirrlll
1874146745560768757,Tue Dec 31 17:32:58 +0000 2024,0,semoga di tahun 2025 udah gada tangis sedih lagi aku keterima kerja segala hutang cepet lunas ekonomi makin membaik aku keluarga besar dan sahabat-sahabatku sehat dan bahagia semuanya. ,1874146745560768757,,,in,selective fb,0,0,0,https://x.com/otokishere/status/1874146745560768757,3188564490,otokishere
1874143261679571124,Tue Dec 31 17:32:58 +0000 2024,0,@jaeswoos sayanggg bahagia selalu yaaa!! 2025 harus lebih bahagia lagi yaaa!!! buang sedih sedihnya! kita bahagia bareng ya??? i love you sayanggkuuu,1874146745158164548,,jaeswoos,in,"treasure, mashiho, yedam",0,1,0,https://x.com/lovinggdobby/status/1874146745158164548,1414108079172374530,lovinggdobby
1873951219322151172,Tue Dec 31 17:32:58 +0000 2024,0,@r_reyde Ya kalau ngga ada istirahatnya pasti lelah,1874146745095250283,,r_reyde,in,,0,0,0,https://x.com/anoonamu/status/1874146745095250283,1735965775960367104,anoonamu
1874146742293483819,Tue Dec 31 17:32:57 +0000 2024,0,GAK JADI GAGAL HAHAHAHA ,1874146742293483819,,,in,,0,0,0,https://x.com/sachikohana_/status/1874146742293483819,1863227820765589504,sachikohana_
1874123997023260786,Tue Dec 31 17:32:56 +0000 2024,0,@EUNS0NGJANG aku bimbang harus senang apa sedih hana,1874146735188238428,,EUNS0NGJANG,in,pubrant,0,0,0,https://x.com/catcimol/status/1874146735188238428,1712821947661484032,catcimol
1874146723402309679,Tue Dec 31 17:32:53 +0000 2024,1,asbun nya gagal remed ya min,1874146723402309679,,,in,juyeon's heart ,0,0,0,https://x.com/juyeonzec_/status/1874146723402309679,1801618370292551680,juyeonzec_
1874142540167078315,Tue Dec 31 17:32:53 +0000 2024,0,@teacyzngi aku tu tiap taun baru malah sedih kek cepet banget ,1874146722756346295,,teacyzngi,in,FKT'24,0,1,0,https://x.com/gaiusau/status/1874146722756346295,1366421324235595789,gaiusau
1874146722433425427,Tue Dec 31 17:32:53 +0000 2024,1,Gapernah gagal bikin gue nangis satu kecamatan. Makasih banyak ya Sky. Jujur seneng banget bisa temenan kayak sekarang. Semoga happy terus yap https://t.co/sGVkh74nXi,1874146722433425427,https://pbs.twimg.com/media/GgJOgvRa0AAuYcD.jpg,,in,Arsava K.,0,1,0,https://x.com/cuwarmen/status/1874146722433425427,1791061067554312192,cuwarmen
1874146720294330806,Tue Dec 31 17:32:52 +0000 2024,5,gw yg sering ngeluh kesepian kini ada dts yang real jadi keluarga gw. love you dts ,1874146720294330806,,,in,,0,1,0,https://x.com/WopSwy/status/1874146720294330806,1707954356098928640,WopSwy
1873982615952535881,Tue Dec 31 17:32:51 +0000 2024,0,@avocaadow Gagal keduanya ,1874146715256987876,,avocaadow,in, in MaHae's Heart 💙 ,0,0,0,https://x.com/fullsunandme_/status/1874146715256987876,2900309981,fullsunandme_
1874117267891585095,Tue Dec 31 17:32:50 +0000 2024,0,@sakuyacil iyaa biar galau smsm,1874146711456932287,,sakuyacil,in,stuck in neo city,0,0,0,https://x.com/seasunnydies/status/1874146711456932287,1804481500194463744,seasunnydies
1873829653494063211,Tue Dec 31 17:32:50 +0000 2024,0,@ereection jangan menyerah yaa semangat terus,1874146711347879979,,ereection,in,,0,0,0,https://x.com/sipalinglengah/status/1874146711347879979,1833258362097831938,sipalinglengah
1874146701763903815,Tue Dec 31 17:32:48 +0000 2024,0,Day one PPN 12%. (Sedih),1874146701763903815,,,in,,0,6,0,https://x.com/Mkoriarty/status/1874146701763903815,1827676109946966016,Mkoriarty
1873982615952535881,Tue Dec 31 17:32:27 +0000 2024,0,@haemawarii Gagal dua duanya by,1874146616464335044,,haemawarii,in, in MaHae's Heart 💙 ,0,0,0,https://x.com/fullsunandme_/status/1874146616464335044,2900309981,fullsunandme_
1874146615235351023,Tue Dec 31 17:32:27 +0000 2024,0,GWE STRES BANGET YA ALLAH‍️‍️‍️‍️‍️‍️‍️‍️‍️ https://t.co/A6PMOuFm4b,1874146615235351023,https://pbs.twimg.com/media/GgJOaGCbYAIv0H-.jpg,,in,,1,0,1,https://x.com/jungwoo_ah/status/1874146615235351023,1530374439636172801,jungwoo_ah
1874139182190502386,Tue Dec 31 17:32:26 +0000 2024,0,@laffurdck gatau sedih aja,1874146608939753939,,laffurdck,in,bdg,0,0,0,https://x.com/urexxcrush/status/1874146608939753939,1145324093899567104,urexxcrush
1874146608918782395,Tue Dec 31 17:32:26 +0000 2024,0,Aduh sedih bgt ya ternyata gapernah ngerayain tahun baru sekeluarga wkwk sedih,1874146608918782395,,,in,,0,0,0,https://x.com/abibilabil/status/1874146608918782395,1283377965179400197,abibilabil
1874146600282710424,Tue Dec 31 17:32:24 +0000 2024,5,tahun baru ini sedikit berbeda dengan tahun baru sebelumnya krna utk pertama kalinya melewati pergantian tahun sendirian tanpa keluarga krna harus persiapan kerja praktik anyway happy new year everyone semoga menjadi tahun yang baik,1874146600282710424,,,in,"Kota Medan, Sumatera Utara",0,0,0,https://x.com/rigaarg_/status/1874146600282710424,1678732519259410432,rigaarg_
1873967167819178253,Tue Dec 31 17:32:23 +0000 2024,0,@penggunanyax beneran stres banget sih,1874146597539598501,,feelingsdannee,in,Jakarta Capital Region,0,0,0,https://x.com/isfunnyyyy/status/1874146597539598501,1095314552424607744,isfunnyyyy
1874146597451555204,Tue Dec 31 17:32:23 +0000 2024,0,Apa bedanya masih nganggur,1874146597451555204,,,in,far away,0,0,0,https://x.com/gorgoeuss/status/1874146597451555204,1813263485079592962,gorgoeuss
1874146589067096326,Tue Dec 31 17:32:21 +0000 2024,0,sial gagal sinkron,1874146589067096326,,,in,Indonesia,0,0,0,https://x.com/cholisz_/status/1874146589067096326,1626932076,cholisz_
1874145436669481469,Tue Dec 31 17:32:20 +0000 2024,0,1. Saat kumpul bareng keluarga quality time dan bisa jajan enakk 2. Tahun ini aku berhasil lewatin sedih dan gagal aku juga berhasil untuk terus nyoba walaupun aku kira aku udah nyerah 3. Waktu dan rasa syukur 4. Alhamdulillah masih dikasih sehat bahagia keluarga dan teman,1874146585514479999,,llowinuyy,in,,0,1,0,https://x.com/llowinuyy/status/1874146585514479999,1653639937311526913,llowinuyy
1874146585279684685,Tue Dec 31 17:32:20 +0000 2024,0,Happy new year buat kita semua ingatlah kita makin tua jadi sedih kek GILAA GUE TAHUN INI 25 TAHUN ALIAS 1/4 ABAD BJIRRR PANTES GAMPANG SAKIT PUNGGUNG ,1874146585279684685,,,in,"jauh, naik pesawat",0,1,0,https://x.com/oyfelixeu/status/1874146585279684685,1273101114720882688,oyfelixeu
1874146576429679099,Tue Dec 31 17:32:18 +0000 2024,0,Udah depresi dan sedih kaya yatuhan se menyedihkan itu ya:),1874146576429679099,,,in,Indonesia,0,0,0,https://x.com/ariraaria28/status/1874146576429679099,1873774000314474496,ariraaria28
1874146575225938161,Tue Dec 31 17:32:18 +0000 2024,0,Yakin di tahun 2025 ini banyak hal hal baik semakin membersamai~ Bye 2024 yg bener bener banyak kejutannya. Kejutan yg buat happy sampe nangis kecewa pokoknya paket lengkap. Ga bakal terlewati tahun 2024 kalo ga krn kasih-Nya.,1874146575225938161,,,in,,0,1,0,https://x.com/yelmariegold/status/1874146575225938161,1375094300279668740,yelmariegold
1874146574244471117,Tue Dec 31 17:32:17 +0000 2024,0,Tahun baruan tadi aku baca buku detik2 jam 00.00 bacaannya mulai bikin sedih tentang perpisahan. Kaya pas aja gitu. Dadah 2024 Tahun reset kehidupan tahun banyak pelajaran tahun melek sama yang namanya kehidupan dewasa.. Makasih ya aku.,1874146574244471117,,,in,,0,0,0,https://x.com/maskerasahi/status/1874146574244471117,1073482308148051968,maskerasahi
1874146573376213455,Tue Dec 31 17:32:17 +0000 2024,0,Memutuskan menghabiskan malam tahun baru dikamar sendirian. Nyaman bangeet. Omg udah tua ya sis ,1874146573376213455,,,in,,0,0,0,https://x.com/fitriKU/status/1874146573376213455,66128940,fitriKU
1874141014677742025,Tue Dec 31 17:32:13 +0000 2024,0,@RedRubyUniverse WKWKWK aku galau bgtt mau co sekarang apa nanti siangan soalnya takut kalap oalau jam segini jujur aja,1874146557312032888,,RedRubyUniverse,in,,0,1,0,https://x.com/yunbobsan/status/1874146557312032888,1060007899202613248,yunbobsan
1874141651041739009,Tue Dec 31 17:32:10 +0000 2024,0,@rizurin /sgt khawatir dan cemas semoga bs pindah negara ,1874146542199976196,,rizurin,in,working on comms (close),0,0,0,https://x.com/xogieve/status/1874146542199976196,1281215229196558336,xogieve
1872264943942447539,Tue Dec 31 17:32:09 +0000 2024,0,@awesomeposted Aku waktu itu udah SMP tapi beneran ngerasa sedih banget liat beritanya. Semoga korban tsunami Aceh diterima di sisi-Nya.,1874146540945801385,,awesomeposted,in,Jabar,0,0,0,https://x.com/aysilmehmet59/status/1874146540945801385,980300247489531904,aysilmehmet59
1874146537405898794,Tue Dec 31 17:32:09 +0000 2024,0,Sedih,1874146537405898794,,,in,,0,0,0,https://x.com/yujieasywinzxx3/status/1874146537405898794,1638798400450875393,yujieasywinzxx3
1874146536109859112,Tue Dec 31 17:32:08 +0000 2024,0,aku cuma kepo aja pengen nonton tapi sampe sekarang ga berani nonton.. nah coba liat clips nya di yt trus nemu yang jembatan kaca ASTAGHFIRULLAH MERINDING SEBADAN NGERI NGILU YA ALLAHHHH mana di kos dulu sendirian ALLAHU AKBARRRR,1874146536109859112,,,in,"dis, unlabeled",0,0,0,https://x.com/___windsy/status/1874146536109859112,1456085997632954372,___windsy
1873870179622674884,Tue Dec 31 17:32:08 +0000 2024,0,@velvet__daze Wkwkwkwk udah lelah dengan kehidupan oyen,1874146533081571443,,velvet__daze,in,Indonesia,0,0,0,https://x.com/reviewtantan/status/1874146533081571443,2757554951,reviewtantan
1874144496130355249,Tue Dec 31 17:31:40 +0000 2024,0,@soapwithluv kok pada sedih ava pantat ilang ,1874146417935343752,,soapwithluv,in,🍈🍊,0,1,0,https://x.com/heyoutari/status/1874146417935343752,1088033668377923585,heyoutari
1874145660217549262,Tue Dec 31 17:31:38 +0000 2024,0,Bapa aku tahu ayat ini dapat bermakna ganda. tidak akan meninggalkan dan membiarkanku sendirian itu sungguh setia ada secuil rasa khawatir di hati tapi sekali lagi Kau katakan untuk jangan takut aku tidak akan takut karena apapun yang terjadi Bapa tetap bersamaku,1874146410247184467,,tterumbu,in,,0,1,0,https://x.com/tterumbu/status/1874146410247184467,1430441402396073989,tterumbu
1873970686135562434,Tue Dec 31 17:31:38 +0000 2024,0,@namakuleoya hadeh sedih banget,1874146408410079640,,namakuleoya,in,business inquiries? dm✨,0,0,0,https://x.com/bersuwara/status/1874146408410079640,1431266860868067328,bersuwara
1874146390785581351,Tue Dec 31 17:31:37 +0000 2024,0,2024. 1 tahun tp perubahan di hidup bener-bener banyak bgt. sempet pusing down overwhelmed nyerah stres dll. tp ada jg sih senengnya ketawa2nya ngerasa suksesnya. tp kalo bs dibandingin 30% happy 70% berjuang? WKWK. apa trll lebay yah. ,1874146405134328271,,gezmes,in,,0,1,0,https://x.com/gezmes/status/1874146405134328271,3636578294,gezmes
1874139148170518666,Tue Dec 31 17:31:37 +0000 2024,0,Tau ga sih ka tahun baru 2025 ini aku sendirian sama kaya tahun baru 2016. Aku dengerin butterfly selama menjelang 00.00 sama kaya yg aku lakuin di tahun 2016 lalu. Tp tahun ini ga berasa sepinya karena aku dengerin butterfly sambil liat kembang api tepat di atas kepala aku,1874146403410391499,,shiningtanvt,in,⩇⩇:⩇⩇,0,1,0,https://x.com/shiningtanvt/status/1874146403410391499,1303538679260958721,shiningtanvt
1874146400868720956,Tue Dec 31 17:31:36 +0000 2024,0,Kocakk tiba2 udah 2025 antara seneng dan sedih,1874146400868720956,,,in,"Surabaya, East Java",0,0,0,https://x.com/itsmehnyura/status/1874146400868720956,381863185,itsmehnyura
1874146400411541506,Tue Dec 31 17:31:36 +0000 2024,0,Ah 2024 berlalu begitu saja tanpa ada hal positif yang signifikan terjadi di hidup gw gk nyangka msh bernafas sampe juga di thn 2025 entah hrs sedih or happy about this but still makasih Allah udh ksh kesempatan udh ksh nafas utk sampai ke thn 2025 smg tahun ini lbh baik,1874146400411541506,,,in,,0,0,0,https://x.com/nctwayv10/status/1874146400411541506,992331475289718784,nctwayv10
1874141828343275651,Tue Dec 31 17:31:34 +0000 2024,0,@SahabatSaber @SantorinisSun Wah ...kalo ga sampe bui bnyak yg kecewa... Kasihan kan ...,1874146392421392404,,SahabatSaber,in,,0,1,0,https://x.com/Eko_setia_1/status/1874146392421392404,831401530708234241,Eko_setia_1
1874146392387785058,Tue Dec 31 17:31:34 +0000 2024,1,Tiap tahun resolusinya cuma jam tidur membaik tiap tahun juga gagal.,1874146392387785058,,,in,,0,1,0,https://x.com/khaIayak/status/1874146392387785058,1353617192336707590,khaIayak
1874091694771351876,Tue Dec 31 17:31:33 +0000 2024,0,@fvckphysicx damn kak turut sedih,1874146387946066053,,fvckphysicx,in,,0,0,0,https://x.com/cimitin/status/1874146387946066053,1678829285472362496,cimitin
1874146377539965173,Tue Dec 31 17:31:32 +0000 2024,1,Semoga di tahun depan segala urusan kita di beri kelancaran banyak happy happy nya dan yang paling penting tetep bisa survive lagi. Nanti kita lewatin bareng bareng lagi ya sayang. Baik itu sedih seneng pokoknya kita lewatin semuanya bareng bareng ya.,1874146384615792998,,jungwooyooung,in,"Comfy place,",0,1,0,https://x.com/jungwooyooung/status/1874146384615792998,1318074826767036419,jungwooyooung
1873861569333113170,Tue Dec 31 17:31:32 +0000 2024,0,@anusange @hipohan tai org sangean kek lu otak nya di kepala bawah anjir,1874146381742694735,,anusange,in,,0,0,0,https://x.com/less0sugar/status/1874146381742694735,1497948939391496194,less0sugar
1874146378701824033,Tue Dec 31 17:31:31 +0000 2024,5,GAMAU SEDIH-SEDIH tapi sekali lagi makasih udah berjuang terus sampai saat ini. Kalian semua kuat semua hebattt️️,1874146378701824033,,,in,,0,0,0,https://x.com/violettenblue/status/1874146378701824033,1452123176230547461,violettenblue
1874146375195386221,Tue Dec 31 17:31:30 +0000 2024,0,Sedih bgt pgn jualan di base padahal dah difollback tp ga bisa karena folls belum 100 support small business please (ini beneran smol),1874146375195386221,,,in,ily (i love yushi),0,0,0,https://x.com/sahiniku/status/1874146375195386221,1625510445221302273,sahiniku
1874094800900698273,Tue Dec 31 17:31:24 +0000 2024,1,@mfs_ub 6sks ini diisi tausiah atau gmn dah,1874146351363350634,,mfs_ub,in,,0,0,0,https://x.com/rezzc69/status/1874146351363350634,1646932922279280640,rezzc69
1874136344274088235,Tue Dec 31 17:31:24 +0000 2024,0,@k3eenv kecewa,1874146349882761413,,gallerysdept,in,"London, England",0,0,0,https://x.com/vPabitel/status/1874146349882761413,1739638591985524736,vPabitel
1874146348460892633,Tue Dec 31 17:31:24 +0000 2024,0,Apa yang uda terjadi di 2024 ini pasti berat banget ya? Pasti merasa bersalah banget sama hal hal yang dilakuin ya? Aku ga tau mau berharap apa di 2025. Cuma pengen bahagia aja deh dan dijauhkan dari yang jelek gini.,1874146348460892633,,,in,,0,0,0,https://x.com/inginpnyduitbyk/status/1874146348460892633,861495991656108033,inginpnyduitbyk
1874146340915339475,Tue Dec 31 17:31:22 +0000 2024,0,2025 stop apa? STOP DENIAL STOP SEDIH-SEDIH GA JELAS STOP GALAU! https://t.co/3yoUD19WhD,1874146340915339475,https://pbs.twimg.com/media/GgJOKRJbYAEZwLI.jpg,,in,,0,0,0,https://x.com/pidacill/status/1874146340915339475,1248109013239083009,pidacill
1874010828883837354,Tue Dec 31 17:31:20 +0000 2024,0,@_giffarii berani banget pakek segala nyebut nama Allah ga takut di azab apa ya,1874146335370469476,,_giffarii,in,,0,0,0,https://x.com/punditgagal/status/1874146335370469476,765555217089830913,punditgagal
1874146331046113394,Tue Dec 31 17:31:20 +0000 2024,0,Gw sedih bgt jskfbejcjdj makasih banyak buat semua org org yang terlibat.. I will be and always cherish our moments until I die.. Kalian seberharga itu jadi tolong jalanin kehidupan yang kalian lewatin nanti dengan rasa bersyukur ya..,1874146332845502574,,unagisme,in,👯‍♀️🎧🎶📓🖋️🏸,0,1,0,https://x.com/unagisme/status/1874146332845502574,1327606407357550593,unagisme
1874146331046113394,Tue Dec 31 17:31:19 +0000 2024,0,Tiap tahun baru gue tuh selalu oengen nangis sambil nginget nginget moments dan orang-orang yang terlibat di tahun sebelum-sebelumnya. Walaupun ada beberapa yang bikin kecewa marah sedih mau gimanapun kalo gak ketemu mereka gak bakal ada eva yang sekarang.. G,1874146331046113394,,,in,👯‍♀️🎧🎶📓🖋️🏸,0,1,0,https://x.com/unagisme/status/1874146331046113394,1327606407357550593,unagisme
1874146324997956016,Tue Dec 31 17:31:18 +0000 2024,1,sedih bgt nanti ga bisa puasa.....,1874146324997956016,,,in,abt mə!?➜,0,0,0,https://x.com/xlycoriss/status/1874146324997956016,1679162139041501184,xlycoriss
1874146313161572797,Tue Dec 31 17:31:15 +0000 2024,0,2024 to 2025. Segalanya termaafkan dan terpelajari. Bentuk kebaikan apapun menjadi harapan mendebu. Mendapati berkah dan ridho tak lupa. Apapun jenis usaha dan tawakkal yang lagi-lagi gagal tidak lagi terjadi. Kemurahan nikmatMu adalah bukti lemahnya aku tanpaMu. Bismillah,1874146313161572797,,,in,Polewali - Pinrang Indonesia,0,0,0,https://x.com/msfufaps_/status/1874146313161572797,1246001305,msfufaps_
1874146299324621120,Tue Dec 31 17:31:12 +0000 2024,7,ALLAH YA RABB DEMI ALLAH PPN DI SHOPEE UDAH LGSG DITERAPIN KAH YA ALLAAAAHHH BARU TD AKU CEK HARGA BUKU 40RB SEKARANG 58RB YA ALLAAAAAHHH DAN GAK GRATIS ONGKIRFIRST HEARTBREAK DI 2025gatau lah demi Allah sedih bgt,1874146299324621120,,,in,,0,8,0,https://x.com/belajarism/status/1874146299324621120,1365974808471605252,belajarism
1874146287349883314,Tue Dec 31 17:31:09 +0000 2024,0,barusan lihat petasan dari live2 tiktok orang hahaha sepi banget disini sendirian,1874146287349883314,,,in,,0,0,0,https://x.com/oreoo_ice/status/1874146287349883314,1871624564830306304,oreoo_ice
1874146286204837956,Tue Dec 31 17:31:09 +0000 2024,0,DUH BERONDONG GUE SATU INI YAAAA. pemilihan lagunya ga pernah gagal bakal jadi lagu yang terngiang2 https://t.co/7YEgiRg4xo,1874146286204837956,https://pbs.twimg.com/ext_tw_video_thumb/1874146260879630340/pu/img/7wamZx5umLkCFDN2.jpg,,in,,0,0,0,https://x.com/tweetfromGems/status/1874146286204837956,1467155294635520000,tweetfromGems
1874143956793253908,Tue Dec 31 17:31:05 +0000 2024,0,@junheysehs IYA IH GUE SEDIH ,1874146271235354633,,junheysehs,in,sheesh. minor,0,0,0,https://x.com/shuacorn/status/1874146271235354633,1457043640534986756,shuacorn
1874146268282593500,Tue Dec 31 17:31:04 +0000 2024,0,sedih skli new year di kampung aku makin hari makin sepi https://t.co/pi6JtjpPvp,1874146268282593500,https://pbs.twimg.com/media/GgJOGCAbYAYdpDM.jpg,,in,,0,0,0,https://x.com/gadingramdhani_/status/1874146268282593500,1638028235245228035,gadingramdhani_
1874144455672160317,Tue Dec 31 17:31:04 +0000 2024,0,ok tdi jala nangis tpi bukan nangis yg sakit hati but more to sedih like why bgini our story goes ,1874146266999120180,,syadinsss,in,she/hers,0,0,0,https://x.com/syadinsss/status/1874146266999120180,1713223857593864192,syadinsss
1874101992060268925,Tue Dec 31 17:31:03 +0000 2024,0,@natsparkles_ alah sedih bgtt ,1874146260544102809,,natsparkles_,in,one of igot7 */🐥,0,1,0,https://x.com/lullabeaxst/status/1874146260544102809,1017330035185803264,lullabeaxst
1874146254743376074,Tue Dec 31 17:31:01 +0000 2024,0,bangun tengah malam buat tahun baruan️ bangun tengah malam buat co shopee️ bangun tengah malam nenangin kucing-kucing️ pliss lah ini setengah jam sendiri huru-haranya di dalam rumah kudu menenangkan 8 ekor kucing yg panik sendirian yang anteng cuma seekor.,1874146254743376074,,,in,unknown,0,1,0,https://x.com/hellopira_/status/1874146254743376074,2154333920,hellopira_
1874146252335833142,Tue Dec 31 17:31:01 +0000 2024,0,baru 2025 udah sedih ajaa gueh,1874146252335833142,,,in,,0,0,0,https://x.com/bungaakambojaa/status/1874146252335833142,1241084104948375552,bungaakambojaa
1874146222367514641,Tue Dec 31 17:30:58 +0000 2024,0,Tahun ini akan jdi berkah utk kalian. Jadi tahun yg ngga akan menyengsarakan kalian. Klo pun ada hal sedih smoga ngga lama dan bahagianya lebih banyak. SAYANGG SEMUA MUTUALKUU MAKASIHH YAA AKU BENERAN CINTAA KALIAN BGTT,1874146242881871918,,svtlife13,in,Caratland,0,1,0,https://x.com/svtlife13/status/1874146242881871918,1744304373919084544,svtlife13
1874146236619776091,Tue Dec 31 17:30:57 +0000 2024,0,seperti biasa semua orang merayakan gwejh sendirian,1874146236619776091,,,in,,0,0,0,https://x.com/Azaliarchive_/status/1874146236619776091,1429312510767759364,Azaliarchive_
1874145923737252138,Tue Dec 31 17:30:56 +0000 2024,0,bedanya udah dpt bahas mau kerja dimana trs mikir judul skripsi sm estimasi kelulusan sedikit sedih udah setua itu pdhl dulu masih jdi bocil kelas 1 SD yg suka kabur buat maling kelapa di kebun sebelah,1874146234442932423,,divagakdigembok,in,,0,1,0,https://x.com/divagakdigembok/status/1874146234442932423,1867610547409367040,divagakdigembok
1874144889463779373,Tue Dec 31 17:30:56 +0000 2024,0,@westsidebitjh by i love you jgn sedih,1874146233855738271,,westsidebitjh,in,"Hollywood Hills, CA",0,1,0,https://x.com/fashioniconw/status/1874146233855738271,1559900216714985472,fashioniconw
1873984844839207302,Tue Dec 31 17:29:46 +0000 2024,0,@drakkxen Sendirian dikamar malem2. waktu dan tempat dipersilahkan untuk ovt,1874145938316681441,,drakkxen,in,,0,0,0,https://x.com/novyxa/status/1874145938316681441,864726638763925504,novyxa
1874145931282845983,Tue Dec 31 17:29:44 +0000 2024,0,ngews depan ibu yang stroke sama bikin temen gagal snm masih paling epic sih,1874145931282845983,,,in,she/they,0,0,0,https://x.com/chizandwine/status/1874145931282845983,1363852109171499008,chizandwine
1874145929236037847,Tue Dec 31 17:29:44 +0000 2024,0,Gatau kenapa kalo dia (konteks pacarmu walau aku takkan pernah mengakui) yang merah biru aku sayang itu (walau di dunia terbaru nggak b aja) aku lebih pada sakit ati tapi yg di dunia baru aku ga klaim sih? terus kecewa makan ati sendiri mundur alon-alon. ,1874145929236037847,,,in,FiSe 4w5 sx/sp 496 ✨,0,1,0,https://x.com/aishuriana/status/1874145929236037847,1512741162314235904,aishuriana
1874145928875216967,Tue Dec 31 17:29:44 +0000 2024,1,gwehj sedih bgt di sini udh pada tidur gaada yg main kembang api,1874145928875216967,,,in,ot7🏡,0,1,0,https://x.com/hiyeeepooo/status/1874145928875216967,1501047192756588547,hiyeeepooo
1874057390473306424,Tue Dec 31 17:29:41 +0000 2024,0,@asdn___ pasrah aj sih seperti itu,1874145916963479615,,asdn___,in,Dm for promo,0,0,0,https://x.com/sajaksadgirl/status/1874145916963479615,1225016681103151105,sajaksadgirl
1874145909501813133,Tue Dec 31 17:29:39 +0000 2024,0,Aku malah gagal fokus : 1.Han kalo gak dirangkul changbin ga bakal ubah posisi 2.Seungmin salfok sama stay yg tereak,1874145909501813133,,,in,Home,0,0,0,https://x.com/findingonme/status/1874145909501813133,1746303909810106368,findingonme
1874145899565507039,Tue Dec 31 17:29:37 +0000 2024,0,GAGAL ANYINGG GA KE MAKAN 12 ANGGUR DALAM SEMENIT MUNTAH YG ADAA,1874145899565507039,,,in,mnj usu²⁴,0,0,0,https://x.com/ouurzu/status/1874145899565507039,1800226853904580608,ouurzu
1874145893576040565,Tue Dec 31 17:29:35 +0000 2024,0,gatau kenapa ya setiap new year tuh bawaan nya sedih trs pengen nangis,1874145893576040565,,,in,"New York, USA",0,1,0,https://x.com/jesuka2_/status/1874145893576040565,1871234135748186112,jesuka2_
1874102675752857748,Tue Dec 31 17:29:31 +0000 2024,0,@ruzanoire_ Wkwkkwkw sekarang pasrah banget kack ngeladenin orgil mah ga ada abisnyahhh~,1874145877700600196,,ruzanoire_,in,di bumi,0,0,0,https://x.com/kokumitompyen/status/1874145877700600196,614759872,kokumitompyen
1874145876807213112,Tue Dec 31 17:29:31 +0000 2024,0,Semoga selalu dipenuhi kebahagiaan dan berkah melimpah. Mari terus bertemu dan berbagi energi baik. Selamat Ulang Tahun Wahai Qian Kun Sehat sukses selalu ya Ril ngetiknya sampe sedih :) #HAPPYKUNDAY #29TidesOfLoveForKUN #钱锟0101生日快乐 @WayV_official https://t.co/yRkAWAD3Xx,1874145876807213112,https://pbs.twimg.com/media/GgJNvWvbYAUHeF2.jpg,,in,,0,1,0,https://x.com/makanmuluah/status/1874145876807213112,1242966596391333888,makanmuluah
1874145870029209639,Tue Dec 31 17:29:30 +0000 2024,0,akhir tahun 2023 ditutup dengan rasa bingung dan sedih tapi akhir tahun 2024 alhamdulillah ditutup dengan rasa bahagia dan haru,1874145870029209639,,,in,,0,0,0,https://x.com/iinarft/status/1874145870029209639,1403952960447471617,iinarft
1874015060949164313,Tue Dec 31 17:29:29 +0000 2024,0,@bmeloved udh jgn terlalu cemas,1874145865927200772,,bmeloved,in,Should I tell?,0,0,0,https://x.com/jessicaijes/status/1874145865927200772,207400784,jessicaijes
1874145862810783847,Tue Dec 31 17:29:28 +0000 2024,0,Udah 2025 masih aja gagal move on gimana mau maju? Ucap lelaki berkumis kepada diri sendiri didepan kaca. Happy new year Wellcome 2025. #HappyNewYear,1874145862810783847,,,in,"DKI Jakarta, Indonesia",0,0,0,https://x.com/rifat_endeskort/status/1874145862810783847,1084121858109100032,rifat_endeskort
1874076750294245843,Tue Dec 31 17:29:28 +0000 2024,0,Dec. Penutup tahun 366 hari. Banyak happy dan khawatirnya banyak juga sedihnya. Kayaknya seimbang antara senang sedih dan biasa aja.,1874145862164897828,,ofSereanities,in,"Edinburgh, Scotland",0,0,0,https://x.com/ofSereanities/status/1874145862164897828,3183469026,ofSereanities
1874145857605607454,Tue Dec 31 17:29:27 +0000 2024,0,rasanya hampa kalau habis tahun baru,1874145857605607454,,,in,yapping,0,0,0,https://x.com/morpheit/status/1874145857605607454,1570209507258806273,morpheit
1874145853130367323,Tue Dec 31 17:29:25 +0000 2024,0,STRES semoga di 2025 bisa ketemu jisung lagi aamiin kangen banget huhuhu,1874145853130367323,,,in,she/her,0,0,0,https://x.com/cheseematchaa/status/1874145853130367323,1318579394382761984,cheseematchaa
1874145848969617688,Tue Dec 31 17:29:24 +0000 2024,0,kok gue sedih ya,1874145848969617688,,,in,,0,0,0,https://x.com/radilohead/status/1874145848969617688,1432547907534659587,radilohead
1874145361570521353,Tue Dec 31 17:27:28 +0000 2024,3,gatau bakal jadi apa ini tahun kalo gaada kalian aku jujur mulai suka sama kalian pas aku lagi dalam keadaan terpuruk terus kalian datang kehidup aku bikin aku semangat lagi buat ngejalaninnya lagi. Thank U YinWar #6thNewYearWithYinWar HAPPYYIN HAPPYWAR 2025 https://t.co/GRkVGBT2us,1874145361570521353,https://pbs.twimg.com/media/GgJNRV8aYAAZsEL.jpg,,in,alternative universe on 📌,0,0,0,https://x.com/yinwarssie/status/1874145361570521353,1806655374021570560,yinwarssie
1874145360928821747,Tue Dec 31 17:27:28 +0000 2024,0,tahun baru malah nangisin ini... sedih bgt profil picture HIVI! diganti jadi foto berdua️ dari berempat jadi bertiga dari bertiga jadi berdua soon bertiga lagi... huhu tahun baru jadi sedih karena ini https://t.co/VD3D44r0PV,1874145360928821747,https://pbs.twimg.com/media/GgJNRSaaAAAF8y2.jpg,,in,,0,0,0,https://x.com/ficklebrittle/status/1874145360928821747,1647326249981734914,ficklebrittle
1874145346672353662,Tue Dec 31 17:27:25 +0000 2024,8,Berkaca-kaca di malam tahun baru berkecamuk di kepala perasaan antara sedih haru bahagia. Ini jauh lebih baik dr tahun2 sebelumnya yg hampa dan membosankan. Kok keren bgt sih? :') #imkevin,1874145346672353662,,,in,"Scotland, United Kingdom",0,0,0,https://x.com/belajarxbermain/status/1874145346672353662,1594514743045525504,belajarxbermain
1874138186370474025,Tue Dec 31 17:27:22 +0000 2024,0,@ppnarevvttt penonton kecewa berat,1874145336874459639,,ppnarevvttt,in,,0,0,0,https://x.com/narainsight/status/1874145336874459639,1515308564876652547,narainsight
1874145332235575600,Tue Dec 31 17:27:21 +0000 2024,0,terimakasih 2024 huhu aku bersyukur masih ada orang orang baik yang hadir di taun inii cukup senanggg jugaaa karena lumayan banyak hal baru di taun iniii (sedih) kok cepet bgt sih?,1874145332235575600,,,in,维迪娅,0,0,0,https://x.com/riennestbell/status/1874145332235575600,1377917110001668100,riennestbell
1874145331744825408,Tue Dec 31 17:27:21 +0000 2024,0,Ganjel bgt ini dada knp ya.....sedih,1874145331744825408,,,in,26,0,0,0,https://x.com/werewaolf/status/1874145331744825408,1230542281259634688,werewaolf
1872501819437719682,Tue Dec 31 17:27:18 +0000 2024,0,@pylohn Cewek imut ga boleh sedih,1874145317194768613,,pylohn,in,,0,1,0,https://x.com/akbarrxx/status/1874145317194768613,1872143790817095680,akbarrxx
1874145305253601773,Tue Dec 31 17:27:15 +0000 2024,0,dia kok bisa ya masih bisa memaafkan orang yang hampir buat ceweknya di rebut orang dan dia sampe nangis di lobby rs bahkan dia masih berteman baik gtu padahal dah kecewa bgt sama ni cowo ,1874145305253601773,,,in,surga ,0,0,0,https://x.com/cut1ep1es1/status/1874145305253601773,1464753628477112327,cut1ep1es1
1874145297091485809,Tue Dec 31 17:27:13 +0000 2024,0,ngerasa bersalah bgt sama adek atas kebodohan diri ini sampe bikin pening kepala :(,1874145297091485809,,,in,,0,0,0,https://x.com/mnglsssssss/status/1874145297091485809,1266724540530343936,mnglsssssss
1874145287184564327,Tue Dec 31 17:27:11 +0000 2024,0,gagal mendapat diskon 1.1 huuuuhu,1874145287184564327,,,in,,0,0,0,https://x.com/Seecar0/status/1874145287184564327,1613753738317148164,Seecar0
1874145285909491811,Tue Dec 31 17:27:10 +0000 2024,11,kepo.. nangis pertama di tahun 2025 kira2 karena apa ya? walaupun kuyakin pasti ada aja hal yg bikin sedih tp semoga ga banyak2 deh nangis pertama tahun 2024 kayanya karena waktu kalah lomba di januari nangis terakhirnya gr2 skripsian di akhir november WKWKWK,1874145285909491811,,,in,21 | she/her | selective,0,3,0,https://x.com/terpilwon/status/1874145285909491811,1423341866292899841,terpilwon
1874140533599461835,Tue Dec 31 17:27:08 +0000 2024,0,@onceteuwaiseu Sama Haha Berapa lama sendirian? Gue udh 5 tahun bro lama2 juga udh biasa,1874145275998257632,,onceteuwaiseu,in,,0,1,0,https://x.com/seeugdbye/status/1874145275998257632,1740599399766687744,seeugdbye
1874143072025796866,Tue Dec 31 17:27:07 +0000 2024,1,@luvoneword Pov : aku lagi berusaha cairin suasana biar gak kesepian sekalian menghibur kamu #NoMoreKesepianGirls https://t.co/7zgA8ho7ht,1874145270663176606,https://pbs.twimg.com/media/GgJNMQfaIAA02rs.jpg,luvoneword,in,unlabeled📍,0,1,0,https://x.com/kentangsepiral/status/1874145270663176606,1535457747130454017,kentangsepiral
1874145267748135380,Tue Dec 31 17:27:06 +0000 2024,0,Pantek pantek Taun baru malah sedih dan emosi. Baru mau ngucapin happy new year di grup keluarga. Eh ternyata ada yg kyk tai,1874145267748135380,,,in,Indonesia,0,0,0,https://x.com/peachybearzz/status/1874145267748135380,1237748266562801664,peachybearzz
1874143508430544942,Tue Dec 31 17:27:05 +0000 2024,0,@sayHIVI Sedih bgt ,1874145263872610761,,sayHIVI,in,,0,0,0,https://x.com/itslightyz/status/1874145263872610761,1423470850624212993,itslightyz
1874145255618159088,Tue Dec 31 17:27:03 +0000 2024,0,kok pas jam 00.00 kayak gue sedih banget ya ninggalin 2024,1874145255618159088,,,in,somewhere,0,0,0,https://x.com/chaerrisha/status/1874145255618159088,1484850947788779523,chaerrisha
1874145251486732760,Tue Dec 31 17:27:02 +0000 2024,0,Happy new year makasih sudah menemani ku di tahun 2024 makasih sdh sll buat aku senang bahagia semangat dan selalu membuat aku percaya diri seneng sekali bs kenal kamu sempat aku di 2023 merasa tdk berguna dan ingin menyerah tp st kenal km itu semua brbh Terimakasih @Lily_JKT48 https://t.co/38pipsxEKy,1874145251486732760,https://pbs.twimg.com/media/GgJNLDVbYAU2-IH.jpg,,in,,0,0,0,https://x.com/PliRapli__/status/1874145251486732760,1691788397579526144,PliRapli__
1874145248617873847,Tue Dec 31 17:27:01 +0000 2024,2,1/366. Bismillah 2025 lebih baik utk segala hal. Diri ibadah hidup rejeki dan apapun itu.. Bersyukur dgn semua hal baik &amp; segala kebahagiaan. Mengikhlaskan segala sakit susah sedih duka yg terjadi di 2024.. Selamat tahun baru &amp; selamat memasuki bulan Rajab ,1874145248617873847,,,in,,0,0,0,https://x.com/oreokrimvanilla/status/1874145248617873847,1397621452375920640,oreokrimvanilla
1874144686405017873,Tue Dec 31 17:24:47 +0000 2024,0,Sedih bangetd udahan mau pulang aja Dari mulai disini🇫🇷,1874144686405017873,,,in,"Serang , Indonesia",0,0,0,https://x.com/FebbyKHidayati/status/1874144686405017873,627406456,FebbyKHidayati
1874144686346326278,Tue Dec 31 17:24:47 +0000 2024,1,KOK JDI SEDIH,1874144686346326278,,,in,MDNI‼️,0,0,0,https://x.com/kzzuhvaa/status/1874144686346326278,1447402043014926337,kzzuhvaa
1874104456960454693,Tue Dec 31 17:24:46 +0000 2024,0,@rosesonblooms2 kalo km pasrah aja jawabny aku marah,1874144681787068558,,rosesonblooms2,in,,0,1,0,https://x.com/akunelakedua/status/1874144681787068558,1748327903136559104,akunelakedua
1874143616752640315,Tue Dec 31 17:24:43 +0000 2024,0,@amourivie mnuju gnerasi cemas,1874144669975839059,,amourivie,in,,0,1,0,https://x.com/akmalbelajar/status/1874144669975839059,845907046360764417,akmalbelajar
1874144638896070771,Tue Dec 31 17:24:36 +0000 2024,1,Satya keren bisa survive di tahun 2024 kemarin. Semoga di tahun ini bisa jalani hari-hari dengan baik dan ga kepikiran buat menyerah lagi.,1874144638896070771,,,in,legal / any pronouns,0,0,0,https://x.com/ofKusanali/status/1874144638896070771,1562662774706442241,ofKusanali
1874144638854193207,Tue Dec 31 17:24:36 +0000 2024,0,2024 ditutup dengan air mata 2025 dibuka dengan air mata HAPPY NEW YEAR ALL !!!,1874144638854193207,,,in,,0,0,0,https://x.com/ruangceritaaa_/status/1874144638854193207,1872615904904921088,ruangceritaaa_
1874141210459464001,Tue Dec 31 17:24:36 +0000 2024,0,@nthpdi Abis keluar liat kembang api kaa emang udah lelah banget ni mata ,1874144637323206899,,nthpdi,in,Sijeuni!,0,0,0,https://x.com/cutebearechanie/status/1874144637323206899,1641134911485771777,cutebearechanie
1873940890349429194,Tue Dec 31 17:24:35 +0000 2024,0,@sadarrdirii mending kesepian,1874144634798301420,,sadarrdirii,in,"Jawa Timur, Indonesia",0,0,0,https://x.com/anggiiiputri_/status/1874144634798301420,1293082159398305793,anggiiiputri_
1874144612677542096,Tue Dec 31 17:24:30 +0000 2024,6,jujur aku kesepian ,1874144612677542096,,,in,21+ zone,0,3,5,https://x.com/sebelume/status/1874144612677542096,1014857838567436288,sebelume
1874144611847070005,Tue Dec 31 17:24:30 +0000 2024,0,Kami segenap calon jenazah melaporkan bahwa 2024 telah selesai dengan senang sedih yang berantai.,1874144611847070005,,,in,"Wonosobo, Indonesia",0,0,0,https://x.com/akuplateau/status/1874144611847070005,1848097370879512576,akuplateau
1874072053084807674,Tue Dec 31 17:24:29 +0000 2024,0,@dearestdairies sedih bgt kt kg disebut lel @ningningitis,1874144609368236037,,dearestdairies,in,personal acc | 🇵🇸,0,1,0,https://x.com/kettosune/status/1874144609368236037,1415320281057357829,kettosune
1874144606235045907,Tue Dec 31 17:24:28 +0000 2024,0,sedih liat akun sambat yg review wl buat tahun 2024 sedih ternyata ada bbrp yg belum/ngga ke capai tapi seneng karna bisa survive smpe akhir tahun mungkin 2025 baru mulai bahagia nya i wish,1874144606235045907,,,in,niel heart ,0,0,0,https://x.com/yawnzzah/status/1874144606235045907,1412388631981920258,yawnzzah
1874144602657350104,Tue Dec 31 17:24:27 +0000 2024,0,thx 2024 buat semua hepi sedih depresi kecewa kocak kebaikan dan keburukannya. semoga 2025 lebih baik lagi ke aku soalnya aku udah capek jadi mahasiswa aku cuman mau lulus dapet kerja dan menikah dengan johnny suh. makasih tolong y 2025 ak gk bnyk minta kok,1874144602657350104,,,in,,0,0,0,https://x.com/swanlakme/status/1874144602657350104,1665355597074817024,swanlakme
1874144600346267969,Tue Dec 31 17:24:27 +0000 2024,0,selamat tahun baru yang ak buka dgn galau,1874144600346267969,,,in,,0,1,0,https://x.com/monsteerTW/status/1874144600346267969,1724073320554082304,monsteerTW
1874068820182335494,Tue Dec 31 17:24:27 +0000 2024,0,@dudimsumi hai pira!! usn mu lucu sekali kita baru temenan kan yaa :&gt; anw thank u udh mau temenan sama aku yaa km jarang muncul di tl hiks SEDIH semoga taun 2025 ini kita bisa lebih dekeeet !! &lt;3,1874144599440253427,,hosiwpie,in,DNF !,1,1,0,https://x.com/hosiwpie/status/1874144599440253427,1776353451536220160,hosiwpie
1874144593757036775,Tue Dec 31 17:24:25 +0000 2024,0,Anjir aku sedih bgt uda dua kali tahun baru tapi gaza blm merdeka jg,1874144593757036775,,,in,,0,0,0,https://x.com/janedjiwa/status/1874144593757036775,1136633494350622721,janedjiwa
1874069553023770746,Tue Dec 31 17:24:24 +0000 2024,9,@yunantyo_yas @JokoHQ Jangan kecewa Bung! Jokowi tetap masuk nominasi sbg finalis kok! Harusnya kamu bangga!,1874144587662676315,,yunantyo_yas,in,,0,0,1,https://x.com/MukeloR77689/status/1874144587662676315,1715719403374014464,MukeloR77689
1874132996120600751,Tue Dec 31 17:24:23 +0000 2024,0,@gimanayabingung AWW HEHE TKS ANYOO tbh agak kecewa aileen canon engga kyk gitu tp gpp yg penting cantik ️,1874144584680489115,,gimanayabingung,in,,0,1,0,https://x.com/areuwuu/status/1874144584680489115,1367420770557722624,areuwuu
1874144565873303733,Tue Dec 31 17:24:19 +0000 2024,0,beneran deh di akhir2 desember ini aku kek ngerasainnya ya aku hidup karena Allah nyuruh aku hidup aku sering ga ngarep yang gimana2 tapi aku ngusahain apa yg lg tak hadepin sisanya yaudah biar Allah yg bales usahaku. beneran flat gada rasa menggebu gebu takut sedih atau gmn,1874144565873303733,,,in,Surabaya,0,0,0,https://x.com/shitposthahah/status/1874144565873303733,1120334984420528128,shitposthahah
1874144505605349597,Tue Dec 31 17:24:16 +0000 2024,0,kok gua sedih ya,1874144556746498134,,mrcedeis,in,,0,0,0,https://x.com/mrcedeis/status/1874144556746498134,1837549282427383808,mrcedeis
1874139985894662375,Tue Dec 31 17:24:13 +0000 2024,0,@avocach0 gagal jadi panitia nikahan kita bales jadi panitia QURBAN,1874144541449871763,,avocach0,in,,0,0,0,https://x.com/mtwnna/status/1874144541449871763,1363029853683945478,mtwnna
1874144538052419805,Tue Dec 31 17:24:12 +0000 2024,0,kecewa berat sopi 1.1 dikit bgt diskon nya wehhh ARGH,1874144538052419805,,,in,caratland,0,0,0,https://x.com/dikeyymii/status/1874144538052419805,1302087931599806464,dikeyymii
1874144534470549923,Tue Dec 31 17:24:11 +0000 2024,0,1st song on 1st january 2025 tiap denger lagu ini selalu ngerasa gelisah bingung aneh campur aduk https://t.co/NycBhF0eDJ,1874144534470549923,https://pbs.twimg.com/media/GgJMhbsbYAQy9Yz.jpg,,in,,0,0,0,https://x.com/realuckyp1ck/status/1874144534470549923,1644341269018324992,realuckyp1ck
1874144534093062175,Tue Dec 31 17:24:11 +0000 2024,0,Jujur aku amat sangat menanti nih album rilis karena kemungkinan bakal diup di spotify tapi bikin sedih juga karena kalau ini udah rilis berarti jatah liburku tinggal dikit ,1874144534093062175,,,in,,0,1,0,https://x.com/Hafani_/status/1874144534093062175,1271334107700576258,Hafani_
1874107822331613517,Tue Dec 31 17:24:11 +0000 2024,0,@shanuuw TANTE KESEPIAN MAIN SENDIRI https://t.co/nAw1h9LtNX,1874144532813799577,,shanuuw,in,,0,0,0,https://x.com/MaddSaa/status/1874144532813799577,1799969390777315328,MaddSaa
1874141250989023342,Tue Dec 31 17:24:10 +0000 2024,0,@loafheartz sedih soalnya ppn naik jdi 12%,1874144530079093016,,loafheartz,in,"homophobic, gayfethizer dni‼️",0,1,0,https://x.com/chcolatepudding/status/1874144530079093016,1716348270824558592,chcolatepudding
1874027716351242364,Tue Dec 31 17:24:10 +0000 2024,0,@kayyisa__ sedih banget pokoknya,1874144529152147889,,kayyisa__,in,"Kota Bandung, Jawa Barat",0,0,0,https://x.com/SeriusAmatX/status/1874144529152147889,842963820,SeriusAmatX
1874144527742886211,Tue Dec 31 17:24:09 +0000 2024,0,taun baru sesenggukan di kamar sendirian:) https://t.co/exWgqUDwJA,1874144527742886211,https://pbs.twimg.com/media/GgJMg_abYAA8B2n.jpg,,in,,0,0,0,https://x.com/nnaiueo__/status/1874144527742886211,1841477797543579648,nnaiueo__
1874144521627599083,Tue Dec 31 17:24:08 +0000 2024,2,Selamat tahun baru saya sudah gagal war vc 1.1,1874144521627599083,,,in,,0,0,0,https://x.com/ameamamae/status/1874144521627599083,1594453142703591426,ameamamae
1873623935570620644,Tue Dec 31 17:24:07 +0000 2024,1,@lifetrllygoeson @beautales_ AKU PERNAH wkwkwk lagi siang2 panas terik ada mba2 jalan kaki sendirian ga jauh dari situ ada stasiun dan halte jadi aku pikir mau ke situ atau setidaknya masih satu arah. aku tegur mba sorry mau ikut saya bonceng ngga kalau searah? dijawab ga mba jalan kaki aja sehat ,1874144518712475885,,lifetrllygoeson,in,+62 // enfp-t,0,0,0,https://x.com/younghooneys/status/1874144518712475885,1369853388540678144,younghooneys
1874144517190017338,Tue Dec 31 17:24:07 +0000 2024,0,Ini anak-anak didepan rumah tahun baru malah nyetel lagu lagu galau tuh gimana ,1874144517190017338,,,in,Indonesia,0,0,0,https://x.com/Qiya_yya/status/1874144517190017338,559320301,Qiya_yya
1874144501884969105,Tue Dec 31 17:24:03 +0000 2024,0,ko agak sedih gt yaa cepet bngt udh 2025,1874144501884969105,,,in,,0,0,0,https://x.com/fear1essvt/status/1874144501884969105,1012519152014147585,fear1essvt
1874144500240834804,Tue Dec 31 17:24:03 +0000 2024,0,baru 24 menit kok gw tbtb galau aja,1874144500240834804,,,in,"Hokkaidō, Japan",0,0,0,https://x.com/jekoism/status/1874144500240834804,1419166710620250116,jekoism
1874144492426846244,Tue Dec 31 17:24:01 +0000 2024,0,Sedih bgt liat Paco panik/ takut kembang api https://t.co/6C89T5fRkI,1874144492426846244,https://pbs.twimg.com/media/GgJMe0AbcAAbUt9.jpg,,in,,0,0,0,https://x.com/dangerousdio/status/1874144492426846244,29320752,dangerousdio
1874144484700938683,Tue Dec 31 17:23:59 +0000 2024,0,happy new year juyiiii be happy ya juyi. ruka n riku siap menemani 2025 kamu juyi jangan sedih-sedih ya juyi ,1874144484700938683,,,in,"number #278, from Kwangya.",0,0,0,https://x.com/redoIent/status/1874144484700938683,1347556227048300546,redoIent
1874144484600226216,Tue Dec 31 17:23:59 +0000 2024,0,AAAAA STRES LUCU BANGET SEMUANYA NYURUH PP MAJU WKWKWKK BKPP HNY AT CTW #CountdownCTW2025xBKPP #CTWBKKCountdown2025 https://t.co/FEAZpxt0vL,1874144484600226216,https://pbs.twimg.com/amplify_video_thumb/1874141245834158080/img/1sPXddXS35Z7vcUH.jpg,,in,,0,1,0,https://x.com/hi_kryst/status/1874144484600226216,197362939,hi_kryst
1874144480032678289,Tue Dec 31 17:23:58 +0000 2024,0,tahun baru kok sedih ya gw,1874144480032678289,,,in,,0,0,0,https://x.com/nilours/status/1874144480032678289,1835663290397331456,nilours
1874138476423372890,Tue Dec 31 17:23:56 +0000 2024,1,@bludhavnn SO SWEET SEKALI.... crystal sekarang udah ga harus sendirian saat tahun baru happy new year nightwinter!! ,1874144471031701787,,bludhavnn,in,she,0,1,0,https://x.com/dokunyaan/status/1874144471031701787,1340158381491773441,dokunyaan
1874144467269411026,Tue Dec 31 17:23:55 +0000 2024,0,baru awal tahun ud kecewa,1874144467269411026,,,in,,0,0,0,https://x.com/tyempatcerityaa/status/1874144467269411026,1863140044141453312,tyempatcerityaa
1874143780590535107,Tue Dec 31 17:23:53 +0000 2024,0,@zhoanghao happy new year (beneran) ya! jadi merasa bersalah .,1874144459853881444,,zhoanghao,in,,0,1,0,https://x.com/anomaliueo/status/1874144459853881444,1795527672740868096,anomaliueo
1874028377247809589,Tue Dec 31 17:23:53 +0000 2024,0,@eksttra halo ki 2024 gong banget ya ga nyangka kita bisa laluin itu. seneng sedih kecewa bangga dilaluin bareng-bareng. banyak yg udh berubah kamu maupun aku. meskipun sekarang banyak sakitnya aku masi sayang km. kangen bgt sama masa2 dulu sebelum km banyak berubah. see u in 2025,1874144459015020809,,eksttra,in,,0,0,0,https://x.com/yourfture/status/1874144459015020809,1366528249031921669,yourfture
1874127721800016220,Tue Dec 31 17:23:51 +0000 2024,5,Pantesan 3x gagal mulu soalnya keselek. Stop deh gak cocok di aku Jalur ibadah ae lachh...,1874144448176922695,,sultanfrozen,in,,0,1,0,https://x.com/sultanfrozen/status/1874144448176922695,536024858,sultanfrozen
1874139291376660513,Tue Dec 31 17:23:50 +0000 2024,0,@cloudieamour ehhh jgn bikin gw sedih ahh lgi ga moid nangis,1874144445635191181,,cloudieamour,in,ot7🏡,0,1,0,https://x.com/hiyeeepooo/status/1874144445635191181,1501047192756588547,hiyeeepooo
1874042940676591867,Tue Dec 31 17:23:47 +0000 2024,0,@minkaput sama-sama kesepian ya,1874144431928205661,,minkaput,in,,0,0,0,https://x.com/inimenik/status/1874144431928205661,451298859,inimenik
1874057980573880406,Tue Dec 31 17:23:46 +0000 2024,0,@starfess FAK SEDIH,1874144429860340220,,starfess,in,❗rant acc ⊙⁠.⁠☉❗,0,0,0,https://x.com/ocerysblue/status/1874144429860340220,1628417018922962944,ocerysblue
1874018777505161631,Tue Dec 31 17:23:45 +0000 2024,0,@kangyh_universe baru buka twt bismillah yaa mba semoga lelah ini dibayar dengan nonton konser day6 dipangkuan youngk &amp; wonpil‍↕️,1874144424604950549,,kangyh_universe,in,,0,0,0,https://x.com/ghxidxc/status/1874144424604950549,1169119928760373248,ghxidxc
1874144416031731978,Tue Dec 31 17:23:43 +0000 2024,0,sumpah aku kecewa bgt,1874144416031731978,,,in,ig: @mithtrsw ,0,0,0,https://x.com/mit4trrsmwt/status/1874144416031731978,1579808911691247618,mit4trrsmwt
1874144411908792535,Tue Dec 31 17:23:42 +0000 2024,0,Kemungkinan diagnosis: gangguan kecemasan depresi berkepanjangan kehilangan minat dan hobi suicidal thought berturut burnout dan prokrastinasi. Tapi hebatnya masih melewati 2024 dengan lengkap hingga ujung. Terima kasih diri kamu hebat️,1874144411908792535,,,in,,0,1,0,https://x.com/dearpiw/status/1874144411908792535,1518784981128019969,dearpiw
1874139660441755894,Tue Dec 31 17:23:42 +0000 2024,1,@coldsvmmer del sedih banget makasih yaaaaaa del semoga 2025 lu banyak senengnya ya. inget jgn beda agama lg,1874144411686494402,,coldsvmmer,in,,0,1,0,https://x.com/jiheonassistant/status/1874144411686494402,2897519251,jiheonassistant
1873956119871369551,Tue Dec 31 17:23:41 +0000 2024,0,@biscofq Yaudah kak kita pasrah aja ya,1874144407362167179,,biscofq,in,"Banten, Indonesia",0,0,0,https://x.com/mybxpress/status/1874144407362167179,1404556996712407043,mybxpress
1874144401758580789,Tue Dec 31 17:23:39 +0000 2024,0,pernah di fase cowo gabisa ini itu karena jarang update mereka sendiri sedih karena gaada yang ngajarin dan akhirnya apa? mereka milih ga mau coba hal hal baru takut kek gini diluar konteks percintaan men.. anjing banget kalo jadi cewenya,1874144401758580789,,,in,,0,0,0,https://x.com/roraawrs/status/1874144401758580789,1763556279728168960,roraawrs
1874144384536719476,Tue Dec 31 17:23:35 +0000 2024,0,2024 pendewasaan pertemanan kekeluargaan keuangan percintaan segalanya teruji di tahun ini lelah sekali tapi secara tidak sadar menjadi pribadi yang kuat meskipun banyak mimpi yang dikubur kembali thanks to yourself kuatlah kau lelah bukan kalah ..,1874144384536719476,,,in,"Banyuwangi, Indonesia",0,0,0,https://x.com/JosiYap22/status/1874144384536719476,3695468658,JosiYap22
1874144379230929356,Tue Dec 31 17:23:34 +0000 2024,0,sedih bgt gpnya tempat buat cerita,1874144379230929356,,,in,,0,0,0,https://x.com/adudududududuu/status/1874144379230929356,1580633878816968704,adudududududuu
1874109034649010489,Tue Dec 31 17:23:31 +0000 2024,0,@GunRomli Caleg gagal kebanyakan polah...awokwokwok,1874144365955997851,,GunRomli,in,,0,0,0,https://x.com/adi_s_nugroho/status/1874144365955997851,617773640,adi_s_nugroho
1873564095032758761,Tue Dec 31 17:23:25 +0000 2024,0,@AhmadAdiAwang @AZFARCAGE @mynewshub Ahmad Khomeini jangan lupa baca tulisan Faisal Tehrani tu. Tulisan ttg isu Israel dengan lebih ilmiah dan berfakta. Madani tidak auta Madani berfakta. Ada yang dok dalam ada yang dah keluar ada yang baru nak masuk. Camtu lah kitarannya.,1874144342446924210,,AhmadAdiAwang,in,,0,0,0,https://x.com/Terasing/status/1874144342446924210,66535287,Terasing
1874144341499011160,Tue Dec 31 17:23:25 +0000 2024,0,Sok sokan mau journaling di 2025 tapi pikiran top 3 mu adalah mati wkwkw. Udahlah mission abort aja emg udh ngerasa idup enak? Udh ngga ngerasa bersalah &amp; berdosa lagi? Kalo masih mati aja mending mati.,1874144341499011160,,,in,,0,0,0,https://x.com/elleatans/status/1874144341499011160,1363507459239800837,elleatans
1874144339292737720,Tue Dec 31 17:23:25 +0000 2024,0,gaktau kenapa sedih bgtt,1874144339292737720,,,in,,0,0,0,https://x.com/ncityz0ne/status/1874144339292737720,1316734332283756545,ncityz0ne
1874142779938685337,Tue Dec 31 17:23:22 +0000 2024,0,@chompwalk kecewa ak by,1874144329197036006,,chompwalk,in,rant,0,1,0,https://x.com/dicawla/status/1874144329197036006,1665607629232824320,dicawla
1874029624164048959,Tue Dec 31 17:23:22 +0000 2024,4,@gagal_hijrah Taun baruan haram dan syirik terus ngerayain tahun baru islam dibilang bidah semua salah dimata wahabi ,1874144329109037114,,gagal_hijrah,in,"Busan, Republic of Korea",0,0,0,https://x.com/dengates1/status/1874144329109037114,1008092504451772417,dengates1
1874144328249217043,Tue Dec 31 17:23:22 +0000 2024,0,30 menit pertama di 2025 gw udah depresi mikirin tugas akhir,1874144328249217043,,,in,,0,1,0,https://x.com/wtfchilde/status/1874144328249217043,1103432115654295552,wtfchilde
1874140286810542368,Tue Dec 31 17:23:13 +0000 2024,0,@BaseBDG Aku gak nangis tapi kecewa;),1874144290437554507,,BaseBDG,in,,0,0,0,https://x.com/Binarekha/status/1874144290437554507,1554804429559250944,Binarekha
1874144280530530555,Tue Dec 31 17:23:11 +0000 2024,0,guys kyny akhir2 ini tweet gw isinny bakal bersifat negatif bcos i galau parah,1874144280530530555,,,in,"North Pole, AK",0,0,0,https://x.com/matchiyaa/status/1874144280530530555,1147483518886273024,matchiyaa
1874144280102789283,Tue Dec 31 17:23:10 +0000 2024,5,curhat dikit desember kemarin tuh entah kenapa lagi sedih mulu banyak pikiran dan kek capek banget. sekarang pun tetep lagi sedih karena waktu berasa cepet banget dan gua masih gini-gini aja ,1874144280102789283,,,in,northern italy,0,1,1,https://x.com/summerdaze1111/status/1874144280102789283,1427474587579682828,summerdaze1111
1874144272255181114,Tue Dec 31 17:23:09 +0000 2024,0,SEDIH BANGET,1874144272255181114,,,in,semi-RPS,0,0,0,https://x.com/bijiemo/status/1874144272255181114,790131838844936192,bijiemo
1873777406600683962,Tue Dec 31 17:23:07 +0000 2024,0,@tanyakanrl lelah bgt tiap tahun liat ini lol https://t.co/MJGFW40tcF,1874144265808572676,https://pbs.twimg.com/media/GgJMRx5bIAASjXL.jpg,tanyakanrl,in,minwon areaaa,0,0,0,https://x.com/ninuminull/status/1874144265808572676,1775514669027131392,ninuminull
1874144256023273702,Tue Dec 31 17:23:05 +0000 2024,0,awal tahun disuguhi nilai smt 3 cuma bisa pasrah,1874144256023273702,,,in,"Kota Malang, Jawa Timur",0,1,0,https://x.com/MoellXann/status/1874144256023273702,1488090010461286402,MoellXann
1874143835707892234,Tue Dec 31 17:21:24 +0000 2024,7,tahun baru ini ngga kemana-mana gaada yg ngajakin keluar akhirnya sendirian aja di rumah. jujur agak iri sih kalo liat story orang2 yg masih bisa kumpul dengan keluarga lengkap temen-temen bahkan yg sama pacar nya jg hehe,1874143835707892234,,,in,Indonesia,0,2,0,https://x.com/graaayyz/status/1874143835707892234,1217577376780967936,graaayyz
1874143829412241556,Tue Dec 31 17:21:23 +0000 2024,0,nggak nyangka kita sudah di tahun 2025 yang dimana 3 tahun lalu kita nangis bareng dan berpikiran gimana kita bisa bahagia tanpa bts tanpa ot7 siapa yg nemenin hari ku but see!! ternyata kita bisa my bisa cukup sedih dan bahagia akhirnya tahun dimana bts reuni,1874143829412241556,,,in,HAPPY,0,0,0,https://x.com/Jijinjung218/status/1874143829412241556,1047016113685585920,Jijinjung218
1874014298395336937,Tue Dec 31 17:21:20 +0000 2024,0,@iyasayangiyah_ endingnya sedih banget,1874143818209255751,,iyasayangiyah_,in,"Tangerang, Indonesia",0,0,0,https://x.com/nellesta12/status/1874143818209255751,2734530816,nellesta12
1874138466851901481,Tue Dec 31 17:21:18 +0000 2024,0,@runhazu Realitanya tidak ada ibara irl jadi admin kesepian wakk baperin mereka aja jdnya (maaf iyh adminnya jg hopeless romantic ‍️,1874143809136976211,,runhazu,in,i Ⓒ hrushiro,0,1,0,https://x.com/saegusayang/status/1874143809136976211,1590635731529392129,saegusayang
1874142512111354054,Tue Dec 31 17:21:18 +0000 2024,0,@woodzobatbatuk Belom sejam sudah gagal ,1874143807929012491,,woodzobatbatuk,in,,0,0,0,https://x.com/cutermacy/status/1874143807929012491,1538710094128750592,cutermacy
1874143801272606894,Tue Dec 31 17:21:16 +0000 2024,0,kok gw sedih ya#2tahun #goals https://t.co/mcFYssgHUg,1874143801272606894,https://pbs.twimg.com/media/GgJL2Y6bYAEWBJA.jpg,,in,theirye’re,0,0,0,https://x.com/wheeskei/status/1874143801272606894,1663884212150341635,wheeskei
1874137482637517156,Tue Dec 31 17:21:16 +0000 2024,0,tp guenya paok aduh sori dah i want everything to end too and end myself as well!!!!^____ terus maret-mei depresi berat lagi gue gabisa ngerayain ultah sendiri. juni ada yg baru dan mulai balik stabil,1874143798214938797,,seokkanojo,in,,0,1,0,https://x.com/seokkanojo/status/1874143798214938797,2653508550,seokkanojo
1874143796155605360,Tue Dec 31 17:21:15 +0000 2024,0,Ga berasa scrolling hape sekaligus jaga anak yg tidurnya gelisah krn rame petasan,1874143796155605360,,,in,pinggiran jkt,0,0,0,https://x.com/txtfromrane/status/1874143796155605360,802093436,txtfromrane
1874143794863759391,Tue Dec 31 17:21:15 +0000 2024,0,produk gagal https://t.co/UaZ2ksWYiE,1874143794863759391,https://pbs.twimg.com/media/GgJL2SMbYAABo1M.jpg,,in,she/her.,0,0,0,https://x.com/vendtea/status/1874143794863759391,1514471690339643394,vendtea
1874143737598927153,Tue Dec 31 17:21:13 +0000 2024,0,Tapi ya udah awal tahun sedih bukan berarti akan menjadi tahun yg penuh kesedihan kan. Wkwk.,1874143787976700296,,hijklmnono,in,,0,0,0,https://x.com/hijklmnono/status/1874143787976700296,186394935,hijklmnono
1874143777600016492,Tue Dec 31 17:21:11 +0000 2024,0,katanya night of fireworks lagu galau krn putus tp gue nangkep maknanya kaga begitu,1874143777600016492,,,in,,0,0,0,https://x.com/eitizeus/status/1874143777600016492,1398176618703593478,eitizeus
1874143776907943989,Tue Dec 31 17:21:10 +0000 2024,1,gak mood tahun baruan sendirian bgini ,1874143776907943989,,,in,,0,1,0,https://x.com/honeykissmoo/status/1874143776907943989,1689119317097672704,honeykissmoo
1874142522345480700,Tue Dec 31 17:21:09 +0000 2024,0,@ToYUJIN03 Galau kenapa dd?,1874143770415161852,,barb6ph,in,@UnsendedTruth,0,0,0,https://x.com/ToISA02/status/1874143770415161852,719829386589904896,ToISA02
1874143757677060213,Tue Dec 31 17:21:06 +0000 2024,15,2024 Wrapped.. Sudah 2 tahun kita melewati waktu bersama. Sedih dan senang bisa kita lalui. Semoga tahun 2025 ini menjadi tahun yg lebih baik lagi untuk kita. Semoga apa yg kita doakan menjadi terwujud dan bahagia bersama... Wopyouuuuuuuuuu dungdungg ️ @Porcupineee_ https://t.co/PdZ7HeqpIt,1874143757677060213,https://pbs.twimg.com/media/GgJL0J_bYAAmRYe.jpg,,in,"富山県, 射水市",0,0,2,https://x.com/urexrych/status/1874143757677060213,1678108813952679936,urexrych
1874143750609572117,Tue Dec 31 17:21:04 +0000 2024,0,Untung dirumah sendiri jadi bisa menyelinap tapi ak lagi denger mereka nyariin aku aaaaaa takut bingitsak pengen sendirian krn 5 jam bersama itu capek bgt,1874143750609572117,,,in,"Seoul, Republic of Korea",0,0,0,https://x.com/pacarnnael/status/1874143750609572117,1141022750481342465,pacarnnael
1874143742678229359,Tue Dec 31 17:21:02 +0000 2024,0,Kalah dari Australia Bahrain China. Gagal lolos pildun secara nyesek. . . (Biasanya doa jelek dikabulin sebaliknya),1874143742678229359,,,in,,0,0,0,https://x.com/agoigoug/status/1874143742678229359,1830936643047694336,agoigoug
1874143737661841437,Tue Dec 31 17:21:01 +0000 2024,0,sedih juga new year aja gini apalagi lebaran nanti yaa...,1874143737661841437,,,in,,0,0,0,https://x.com/otherandr/status/1874143737661841437,1756978580360404992,otherandr
1874143737598927153,Tue Dec 31 17:21:01 +0000 2024,0,Punya pasangan yg (coincidentally) ada acara sama rekan kerjanya 4 tahun in a row. Ke luar sepulang kerja beli mie kopi rokok ngeliatin dua atau lebih orang antusias buat menyambut 2025 aga sedih sih. Kenapa ya selalu begini setiap tahunnya.,1874143737598927153,,,in,,0,1,0,https://x.com/hijklmnono/status/1874143737598927153,186394935,hijklmnono
1874143735711490474,Tue Dec 31 17:21:01 +0000 2024,0,Nggak tau tp ngerasa sedih ,1874143735711490474,,,in,ateez.,0,0,0,https://x.com/softcoogie/status/1874143735711490474,967640821,softcoogie
1874143299021529128,Tue Dec 31 17:19:17 +0000 2024,0,Taun ini tahun baruannya sendirian. Biasanya bareng ngumpul keluarga. Semenjak gak ada mama yh jd masing2 gini. Mana kaki tadi pagi keseleo jd g bisa kemana2 sekarang karna sakit ,1874143299021529128,,,in,,0,0,0,https://x.com/fourtheseas/status/1874143299021529128,1815068921852284928,fourtheseas
1874143294109982798,Tue Dec 31 17:19:15 +0000 2024,0,sedih,1874143294109982798,,,in,feb harga mati🧘🏻‍♀️⭐️,0,0,0,https://x.com/greeycode/status/1874143294109982798,892289844029739008,greeycode
1874143291459227673,Tue Dec 31 17:19:15 +0000 2024,1,Nunggu ini update aja uda cemas .. akhirnyaa tahun baru updatee ,1874143291459227673,,,in,"West Java, Indonesia",0,0,0,https://x.com/michiko_tania/status/1874143291459227673,1050589930882134016,michiko_tania
1874143288779038780,Tue Dec 31 17:19:14 +0000 2024,0,udh 2x ga liat new year's fireworks bareng suami sakit hati bgt kek sedihhhhh bgt taun depan pokoknya mau liat fireworks di sg pas national day atau ngga ke jp nya pas summer kali ya biar dapet itabashi hanabi festival bener2 sedih yg deep bgt fak krn gue suka bgt fireworks️,1874143288779038780,,,in,universe,0,1,0,https://x.com/sonia_ngel/status/1874143288779038780,1197532428493053953,sonia_ngel
1874064229935743271,Tue Dec 31 17:19:11 +0000 2024,0,@convomf gua tahun baruan sendirian dikosan bener2 sendirian soalnya anak kosan pada pulkam dan pergi main sama ayang,1874143277508944034,,convomf,in,,0,0,0,https://x.com/chachaMerah/status/1874143277508944034,1394956630127640578,chachaMerah
1874143267249656304,Tue Dec 31 17:19:09 +0000 2024,0,Buah mengkudu buah durian Sini singgah dulu aku sendirian ️,1874143267249656304,,,in,,0,0,0,https://x.com/mr_terima_kasih/status/1874143267249656304,1873769812452839424,mr_terima_kasih
1874143267232858150,Tue Dec 31 17:19:09 +0000 2024,0,biar sedih asalkan duit banyak ,1874143267232858150,,,in,,0,0,0,https://x.com/farahnan_/status/1874143267232858150,3315762128,farahnan_
1874143261662863752,Tue Dec 31 17:19:08 +0000 2024,0,agus sedih buk,1874143261662863752,,,in,,0,0,0,https://x.com/realuckyp1ck/status/1874143261662863752,1644341269018324992,realuckyp1ck
1874140422261662049,Tue Dec 31 17:19:06 +0000 2024,0,Well Resolusi yg gagal dicapai tahun 2024 dimasukkin lagi ke resolusi 2025. Pantang menyerah.,1874143253752406387,,anizyeh,in,somewhere only we know,0,0,0,https://x.com/anizyeh/status/1874143253752406387,1037061294,anizyeh
1874102566474440874,Tue Dec 31 17:19:06 +0000 2024,0,@kitisv mlem tahun baru jgn sedih sedih der ad gw disini gw doain dari januari sampe desember ntar cust elu kaga berenti berenti nongol happy new year aguswin! ,1874143253723046011,,kitisv,in,.  .  ❤︎  REQ   :   { OPEN },0,0,0,https://x.com/TinnyCatto/status/1874143253723046011,1593838039771803655,TinnyCatto
1874143249289584695,Tue Dec 31 17:19:05 +0000 2024,0,Tahun baru kali ini agak sedih,1874143249289584695,,,in,bukan akun ambis,0,0,0,https://x.com/inazuvma/status/1874143249289584695,1130343859374833664,inazuvma
1874143249243476298,Tue Dec 31 17:19:05 +0000 2024,0,gandeng oi aku lg galau,1874143249243476298,,,in,,0,0,0,https://x.com/souburban/status/1874143249243476298,1451050539370696716,souburban
1874143245288251619,Tue Dec 31 17:19:04 +0000 2024,0,kayanya lebih enak kalau Danilla yang nyanyi sendirian,1874143245288251619,,,in,"Kediri, Indonesia",0,0,0,https://x.com/Dongklow_/status/1874143245288251619,962316589507919873,Dongklow_
1874143230482407499,Tue Dec 31 17:19:00 +0000 2024,0,semoga di tahun ini rezeki kita semua lancar terus sehat selalu tambah semangat semoga punya ayang ya Allah aamiin,1874143230482407499,,,in, maba 24,0,7,0,https://x.com/inibelll/status/1874143230482407499,1373960484521570305,inibelll
1874143226468458693,Tue Dec 31 17:18:59 +0000 2024,0,gini ya TAJUN BARU BISA GA JANGAN BIKIN SEDIH SEDIHHH,1874143226468458693,,,in,"Bengkulu, Indonesia",0,0,0,https://x.com/Salsabi52327865/status/1874143226468458693,1396963286667579393,Salsabi52327865
1874138591993225606,Tue Dec 31 17:18:58 +0000 2024,0,@Acousstica Terima kasih Kajo! Sedih banget... tapi ada yang nembakin kembang api nggak? Kedengeran suaranya gitu?,1874143219484942354,,Fretstorm,in,mdni (21+),0,1,0,https://x.com/Saglalunes/status/1874143219484942354,1749409404360024064,Saglalunes
1874143218893459910,Tue Dec 31 17:18:57 +0000 2024,0,Terimakasih 2024 sudah mengajarkan banyak hal Semua perjuangan tangis dan tawa ku terima Sedih dan terharu 2024 aku sekuat ituu dan sehebat itu terlepas msih ada hal² yg msih harus kuperjuangankan di 2025️,1874143218893459910,,,in,,0,0,0,https://x.com/cokogit/status/1874143218893459910,1772361115634425857,cokogit
1874142662804333042,Tue Dec 31 17:18:32 +0000 2024,0,sedihnya tuh awalnya dia ngirim banyak tp blm sempat gw liat udh diapus krn ktnya malu KAN JD GW YG GALAU https://t.co/1vuXDtkbaC,1874143114019168387,https://pbs.twimg.com/media/GgJLOwcacAAUlkU.jpg,saturnnayy,in,"ENFP — she/her, 21.",0,0,0,https://x.com/saturnnayy/status/1874143114019168387,1315515124233379842,saturnnayy
1874143113222250542,Tue Dec 31 17:18:32 +0000 2024,0,kepikiran ninggalin kucing sendirian dirumah,1874143113222250542,,,in,,0,0,0,https://x.com/damdamra/status/1874143113222250542,1340741944742268928,damdamra
1873829951386075509,Tue Dec 31 17:18:30 +0000 2024,0,@ereection sedih ya kak,1874143102161871016,,ereection,in,,0,0,0,https://x.com/marigolmd/status/1874143102161871016,2881400671,marigolmd
1874143100681281948,Tue Dec 31 17:18:29 +0000 2024,0,sedih gatau kenapa,1874143100681281948,,,in,,0,0,0,https://x.com/m4retta/status/1874143100681281948,1671377443712802817,m4retta
1874143093819400619,Tue Dec 31 17:18:28 +0000 2024,0,2025 stop excited sendirian stop ekspektasi tinggi-tinggi,1874143093819400619,,,tl,,0,0,0,https://x.com/icecubebee/status/1874143093819400619,1321876716902522880,icecubebee
1874140467430121970,Tue Dec 31 17:18:24 +0000 2024,1,@hirunktt Happy New Year bro. Jangan galau mulu lu.,1874143078917038586,,hirunkrt,in,SND.   NS(A)FW.   MDNI.,0,0,0,https://x.com/erosbIack/status/1874143078917038586,901854099125047296,erosbIack
1874143072025796866,Tue Dec 31 17:18:22 +0000 2024,4,ily sekebonnn becky dan just ️ bersyukur bnget gak cuma tidur aja menunggu tahun baru ini terimakasih sdh menemaniku yg tadi sngat muram karena acaranya gagal dan berakhir sendiri sampai jadi berseri-seri dan gak terasa mengobrol sampai jam segini https://t.co/mBwwpwY6Mw,1874143072025796866,https://pbs.twimg.com/media/GgJLMKEaIAAdiPh.jpg,,in,,0,1,1,https://x.com/luvoneword/status/1874143072025796866,1822497882983038976,luvoneword
1874143054787190817,Tue Dec 31 17:18:18 +0000 2024,0,sedih bray meninggalkan tahun yg aku banget,1874143054787190817,,,in,yk,0,0,0,https://x.com/aqkyod/status/1874143054787190817,1717924144137097216,aqkyod
1874143032494481576,Tue Dec 31 17:18:13 +0000 2024,0,2024 5 tahun bucin seventeen. Gatau kenapa gabisa lepas lagi merasa gagal...tp ada seventeen yg slalu sibuk dan konten setiap hari. Gabisa ninggalinnya: ) semoga 2025 kalian sehat2 dan ditunggu gebrakannya. Makasih sudah selalu update disaat butuh asupan krna gagal trus wkwk. https://t.co/tME8u52wDz,1874143032494481576,https://pbs.twimg.com/ext_tw_video_thumb/1874142970674544640/pu/img/3ZYUDujOj1N4jOpr.jpg,,in,26+ she/her,0,0,0,https://x.com/akittvn/status/1874143032494481576,1789175737003716608,akittvn
1874143020918202425,Tue Dec 31 17:18:10 +0000 2024,0,Gue kepikiran sama temen temen gue yang ketemu di tahun ini. I miss u so much but we can't be together anymore entah alesan apa tapi kayaknya mustahil. Gue cape.kalo excited sendirian karena dari awal lo mikirnya gue duluan yang jahat.,1874143020918202425,,,in,,1,0,0,https://x.com/betterdelulu/status/1874143020918202425,1806946765943529472,betterdelulu
1874143018548420984,Tue Dec 31 17:18:10 +0000 2024,0,Sedih dalam satu hari dapat berita yang kurang baik soal mereka. Dua-duanya juga sama-sama soal kejahatan yang dilakukan orang lain ke mereka. Semoga semuanya bisa segera diselesaikan. Semoga mereka mendapatkan keadilan yang seharusnya mereka dapatkan. Aamiin https://t.co/Req2SIpGmf,1874143018548420984,https://pbs.twimg.com/media/GgJLJKQakAAlIDS.jpg,,in,11:11 ,0,0,0,https://x.com/croissantbook/status/1874143018548420984,1450739786688262145,croissantbook
1874143005864845460,Tue Dec 31 17:18:07 +0000 2024,0,2024 bener2 roller coaster ride bgt ditinggal temen terdekat tp lgsg diganti sama temen2 baru yg ternyata lebih sayang sm aku pernah gagal tapi langsung dikasih hal baik yg aku impi2kan dr kecil di tahun yg sama banyak hal2 baru yg bener2 fun bgt juga. makasih ya Allah,1874143005864845460,,,in,👀,0,1,0,https://x.com/hwansahies/status/1874143005864845460,1324533128761810944,hwansahies
1874142998042406967,Tue Dec 31 17:18:05 +0000 2024,0,TAHUN BARU BUKANNYA SENENG MALAH SEDIH,1874142998042406967,,,in,,0,0,0,https://x.com/dddddddian4/status/1874142998042406967,1534080000999460867,dddddddian4
1873870179622674884,Tue Dec 31 17:18:04 +0000 2024,0,@velvet__daze udah lelah sekali kah cing??,1874142993558745568,,velvet__daze,in,di dunia ini tenang aja,0,0,0,https://x.com/Bleckkyyy/status/1874142993558745568,1780239800316157952,Bleckkyyy
1874142226999288177,Tue Dec 31 17:18:03 +0000 2024,0,Tapi setelah gua hadapi rasa kecewa dan marah itu gua perhatikan lagi baik baik moment mereka gua lihat partner P itu bukan yang sama sekali gak care sama dia. Lantas mengapa masih mengganjal? Mengapa ketika gua merasa mereka punya potensi untuk menjadi lebih dari partner ,1874142988756279528,,loveblossom22,in,,0,1,0,https://x.com/loveblossom22/status/1874142988756279528,970187106134798336,loveblossom22
1874020628187197924,Tue Dec 31 17:18:00 +0000 2024,0,@Dandhy_Laksono hanya di beliau ini gua yang buta politik ngerasa jengkel marah kecewa dan hampir gakuat tinggal di tanah air ini,1874142978652201173,,Dandhy_Laksono,in,🪬,0,1,0,https://x.com/deolightt/status/1874142978652201173,1802398753892241408,deolightt
1874141057186992400,Tue Dec 31 17:18:00 +0000 2024,0,@mielvrs aduh agak sedih juga sih sebenernya apa aku ubah lagi ya ,1874142978069217566,,mielvrs,in,rant acc 𖤐,0,1,0,https://x.com/sereinhaven/status/1874142978069217566,1298863922779320320,sereinhaven
1874142761659883643,Tue Dec 31 17:17:08 +0000 2024,0,GAJADI KECEWA API NYA BALIK LAGI ANJAY ALHAMDULILLAH TENGS TIKTOK,1874142761659883643,,,in,,0,0,0,https://x.com/aloettaz/status/1874142761659883643,4848698478,aloettaz
1874136675544436918,Tue Dec 31 17:17:07 +0000 2024,0,@dewie_noona21 Kamu fansign sendirian kah kk ?,1874142757457191205,,dewie_noona21,in,,0,1,0,https://x.com/zyyndaily/status/1874142757457191205,1518940660795338757,zyyndaily
1874142753954947082,Tue Dec 31 17:17:07 +0000 2024,0,Ada kalanya sedih tapi ikut bahagia liatnya,1874142753954947082,,,in,,0,0,0,https://x.com/kartikassrr/status/1874142753954947082,80842430,kartikassrr
1874136517356249541,Tue Dec 31 17:17:07 +0000 2024,0,@yawntales lupa belum aku cium jadi galau yh,1874142753627791388,,yawntales,in,"DKI Jakarta, Indonesia",0,0,0,https://x.com/Krriff/status/1874142753627791388,1176775446731489280,Krriff
1874142740541472897,Tue Dec 31 17:17:03 +0000 2024,0,Happy new year dari gue yg gagal nikmatin city light Kabutnya tebel banget huhu https://t.co/OD8SanfPPK,1874142740541472897,https://pbs.twimg.com/media/GgJK03_aUAApv9e.jpg,,in,,0,0,0,https://x.com/ihc_ocohc/status/1874142740541472897,1122134698291892225,ihc_ocohc
1874142739450962269,Tue Dec 31 17:17:03 +0000 2024,0,gagal dikit ga dapet yang pertama tp gpp dapet saranghaneunde yg kedua,1874142739450962269,,,in,♡,0,0,0,https://x.com/glintstars/status/1874142739450962269,1646523189537947655,glintstars
1874142738406609076,Tue Dec 31 17:17:03 +0000 2024,0,so so ini new year satu sisi seneng satu sisi sedih mikirin ni ppn,1874142738406609076,,,in,,0,0,0,https://x.com/jamurgorenk/status/1874142738406609076,1283920673660784640,jamurgorenk
1874142737278394583,Tue Dec 31 17:17:03 +0000 2024,0,ada yang tau knp gak bisa buat list (nangis).. mau buat best oomfs juga tapi gagal trs,1874142737278394583,,,in,"any pronouns, 24+. DNFWC. MDNI",0,0,0,https://x.com/arslert/status/1874142737278394583,1163055451593826304,arslert
1874142734891835874,Tue Dec 31 17:17:02 +0000 2024,0,mas dimas mlah nyetel lagu galau ,1874142734891835874,,,in,,0,0,0,https://x.com/ndyfaa_ntla/status/1874142734891835874,1527608957870964737,ndyfaa_ntla
1874142734728257894,Tue Dec 31 17:17:02 +0000 2024,0,new year knp gue pengen nangis ya HUHU GATAU KEK SEDIH️️,1874142734728257894,,,in,she/her ,0,2,0,https://x.com/taurusgurrllss/status/1874142734728257894,955048814020210688,taurusgurrllss
1874142731653804490,Tue Dec 31 17:17:01 +0000 2024,0,Sedih sebenernya harus ganti leader..... tapi apapun keputusannya selamat untuk leader Kim Junkyu dan co leader Asahi️️️ Thank you Choi Hyunsuk and Park Jihoon udah jadi best leader treasure selama 4 tahun️ @treasuremembers,1874142731653804490,,,in,,0,0,0,https://x.com/shinexdj/status/1874142731653804490,1382214216447184899,shinexdj
1874142728021565667,Tue Dec 31 17:17:00 +0000 2024,0,2025 lebih enjoyy karena senang atau sedih bukan pilihan. Perasaan banyak warna tidak selalu hitam dan putih Sayang banget manusia satu ini‍ https://t.co/905AGza3Wc,1874142728021565667,https://pbs.twimg.com/media/GgJK4MRbYAAN13J.jpg,,in,,0,1,0,https://x.com/ZLychetea/status/1874142728021565667,1727279765416214529,ZLychetea
1874116077908877569,Tue Dec 31 17:17:00 +0000 2024,0,@kalengtauco @hola_nichole jgnlah gt bg sedih x aku,1874142727337820518,,kalengtauco,in,"Kota Medan, Sumatera Uta",0,1,0,https://x.com/nanadayem_/status/1874142727337820518,1168053884012515335,nanadayem_
1873902890810753402,Tue Dec 31 17:16:59 +0000 2024,0,@perusaktimeline istirahat boleh asal jangan menyerah,1874142724116656308,,perusaktimeline,in,"Medan, Sumatera Utara, ID",0,0,0,https://x.com/ndogito/status/1874142724116656308,181036727,ndogito
1874140155080302852,Tue Dec 31 17:16:58 +0000 2024,0,@sangtheocean mlh GALAU jir tahun baruan ,1874142719561654468,,sangtheocean,in,dnfwc,0,1,0,https://x.com/badtzmaroon/status/1874142719561654468,1670807934131904514,badtzmaroon
1874139924632658187,Tue Dec 31 17:16:55 +0000 2024,0,@flowsinner kalo bubar aku sedih,1874142704818651370,,flowsinner,in,he/him,0,1,0,https://x.com/floscent/status/1874142704818651370,1417818798,floscent
1874138492013539597,Tue Dec 31 17:16:53 +0000 2024,0,@cursedkidd kntoll ah mls,1874142698074181720,,cursedkidd,in, maba 24,0,0,0,https://x.com/inibelll/status/1874142698074181720,1373960484521570305,inibelll
1874142690952307051,Tue Dec 31 17:16:52 +0000 2024,0,Woii sedih kalii asli woiiiiiii,1874142690952307051,,,in,,0,0,0,https://x.com/greengrassczn/status/1874142690952307051,1229395477902184448,greengrassczn
1874027156462067898,Tue Dec 31 17:16:51 +0000 2024,0,@clarihfy Lelah boleh nyerah jangan,1874142689467523329,,clarihfy,in,,0,0,0,https://x.com/bbytupaii/status/1874142689467523329,1354960533485744136,bbytupaii
1874142663961870595,Tue Dec 31 17:16:45 +0000 2024,0,SELAMAT TAHUN BARU SEMUA SELAMAT TAHUN BARU JUGA HAECHAN &amp; MARK ️️ semoga semua lelah luka kerja keras dan tangis kalian di 2024 akan terbayar dengan hal2 yang lebih baik BAIK BAIK BAIK LAGI di 2025. stay healthy and happy everyone #해프모여보세여 https://t.co/CS98SjVqyJ,1874142663961870595,https://pbs.twimg.com/media/GgJKymibYAUlcsd.jpg,,in,,0,0,0,https://x.com/makeulvechi/status/1874142663961870595,1658556252891512834,makeulvechi
1874142659943817265,Tue Dec 31 17:16:44 +0000 2024,0,SEDIH BANGET belum ada seharian di sini bang..,1874142659943817265,,,in,2004.,0,0,0,https://x.com/ComradeGyuvin/status/1874142659943817265,1548737600495976448,ComradeGyuvin
1874142375746167267,Tue Dec 31 17:16:43 +0000 2024,0,-bikin aku yakin sama diri sendiri sahabat rekan kerabat teman all of those people who have come into my life appreciate y'all hope you all the best love you guys. please maaf berantakan lupa nambahin kalo gagal itu gapapa mending gagal karena mencoba daripada nyesel ga-,1874142656760307959,,DaivaPaundra,in,Kashyyk,0,1,0,https://x.com/DaivaPaundra/status/1874142656760307959,1150723454510829568,DaivaPaundra
1874142653832716778,Tue Dec 31 17:16:43 +0000 2024,0,happy new year semoga ditahun ini bisa lebih baik baik baik lagii semoga ditahun ini akan ada kebahagiaan ya semoga ke kecewa an ditahun 2024 ini bisa tergantikan aamiin,1874142653832716778,,,in,,0,0,0,https://x.com/AwzanNp42851/status/1874142653832716778,1737664318681083904,AwzanNp42851
1874130847911321974,Tue Dec 31 17:16:40 +0000 2024,0,@cheesykepo bajilak sedih bgt ajg,1874142643405668832,,cheesykepo,in,,0,1,0,https://x.com/ojvvitaa/status/1874142643405668832,1448557285731569667,ojvvitaa
1874142547855204834,Tue Dec 31 17:16:39 +0000 2024,0,mana anaknya sendirian : ),1874142638389203031,,paan_datuu,in,dimana pun kucing ku berada,0,0,0,https://x.com/paan_datuu/status/1874142638389203031,487344831,paan_datuu
1874142636552184310,Tue Dec 31 17:16:39 +0000 2024,0,bukan pertama kalinya kecewa tpi kenapa ini lama bgt sembuhnya,1874142636552184310,,,in,,0,0,0,https://x.com/ssnassy/status/1874142636552184310,1438372215242715136,ssnassy
1874142636552134852,Tue Dec 31 17:16:39 +0000 2024,0,Yhaa ngomongnya 2025 tinggal pilih. Palingan juga ntar galau lagi sama keputusannya sendiri. Muhammad Shan agak unik memang,1874142636552134852,,,in,"Yogyakarta, Indonesia",0,0,0,https://x.com/lordvelaryon_/status/1874142636552134852,1767554266007519232,lordvelaryon_
1874142633972625468,Tue Dec 31 17:16:38 +0000 2024,0,Semoga tahun 2025 ini tahun untuk saya dan keluarga aamiin. Bismillah,1874142633972625468,,,in,,0,0,0,https://x.com/KecewaMan/status/1874142633972625468,1457034815119577090,KecewaMan
1874142630931759495,Tue Dec 31 17:16:37 +0000 2024,0,Buat gua kalo 2024 dirangkum dalam kalimat jadinya akan: people really come and go. Sedih sih tapi its okay buktinya bisa terlewati,1874142630931759495,,,in,Indonesia,1,0,0,https://x.com/Cactaceaexy/status/1874142630931759495,937964973157838848,Cactaceaexy
1874142591027155443,Tue Dec 31 17:16:28 +0000 2024,0,Ketika gagal dalam sesuatu perjuangan itu bukan bermaksud kamu harus menyerah dan berhenti berusaha. Teruskan berjuang. Kemanisan kejayaan sedang menanti mu.,1874142591027155443,,,in,,0,0,0,https://x.com/Herri_eTiQa/status/1874142591027155443,1874130042168700928,Herri_eTiQa
1874142002738323951,Tue Dec 31 17:16:27 +0000 2024,0,@thisisaiurs bimgung mw sedih ap seneng yh,1874142589458473365,,thisisaiurs,in,suna's pocket,0,1,0,https://x.com/snarintarou/status/1874142589458473365,1489912640302313472,snarintarou
1874142383748890871,Tue Dec 31 17:16:25 +0000 2024,1,Kalau baca in hangeul sedih dia jadi triple,1874142580197515500,,thejung_,in,,0,0,0,https://x.com/thejung_/status/1874142580197515500,1451576122370498564,thejung_
1874142576313589841,Tue Dec 31 17:16:24 +0000 2024,0,Semoga dikurangi rasa kesepiannya ,1874142576313589841,,,in,,0,0,0,https://x.com/crushalu/status/1874142576313589841,769449009232556036,crushalu
1874142264458699108,Tue Dec 31 17:15:10 +0000 2024,0,Selamat tahun baru semua dari aku yang gagal war voucher shopee,1874142264458699108,,,in,,0,0,0,https://x.com/youngkrrrr/status/1874142264458699108,1145490625837424640,youngkrrrr
1874142254526541977,Tue Dec 31 17:15:08 +0000 2024,0,MAU NGETIK PANJANG TAPI MALAH SEDIH BANGET GAK BISAA,1874142254526541977,,,in,"𝐚𝐢𝐥𝐮𝐫𝐨𝐩𝐡𝐢𝐥𝐞 ∧,,∧",0,0,0,https://x.com/everythinkerj/status/1874142254526541977,1087661246541836289,everythinkerj
1874142250676216252,Tue Dec 31 17:15:07 +0000 2024,0,gagal makan 12 anggur di bawah meja gara2 ga cukup waktu jadinya keselek ,1874142250676216252,,,in,,1,1,0,https://x.com/from_bbirongi/status/1874142250676216252,868251667136782336,from_bbirongi
1873979902690811924,Tue Dec 31 17:15:05 +0000 2024,0,@sxtmaa aku juga ga mau deh sendirian,1874142245068353864,,sxtmaa,in,,0,0,0,https://x.com/inimenik/status/1874142245068353864,451298859,inimenik
1874138721949540444,Tue Dec 31 17:15:05 +0000 2024,0,@st4rfot__ pinewyear cayanggg &lt;3 jangan sedih terus yaaaa ,1874142244959379836,,st4rfot__,in,🇵🇸 🐼🦈🍅⛄️,0,0,0,https://x.com/banyulawt/status/1874142244959379836,1865806811372392448,banyulawt
1874142236663046361,Tue Dec 31 17:15:03 +0000 2024,3,terimakasih untuk mereka yang menemani kita di tahun 2024 yang bareng bareng melalui semua plot twist dan kocaknya hidup di tahun kemarin baik atau buruk aku ga melaluinya sendirian bless us 2025 ,1874142236663046361,,,in,,0,0,0,https://x.com/kriboguy/status/1874142236663046361,1537939272,kriboguy
1874142230174380254,Tue Dec 31 17:15:02 +0000 2024,0,sedih liat last chat 31/12/24 di telegram berasa udah lama banget engga chat padahal baru 14 menit engga dibales https://t.co/vc6EkPLJpp,1874142230174380254,https://pbs.twimg.com/media/GgJKbEabYAMfJyf.jpg,,in,he/him—11 to 11,0,1,0,https://x.com/loafcare/status/1874142230174380254,1469664879858487297,loafcare
1874142226554724772,Tue Dec 31 17:15:01 +0000 2024,0,sedih,1874142226554724772,,,in,,1,0,0,https://x.com/februaryblessed/status/1874142226554724772,1748256687784701952,februaryblessed
1874142226227609743,Tue Dec 31 17:15:01 +0000 2024,0,Terimakasih untuk para author 2024 au kalian telah menemani hari hariku yang senang sedih galau kesel bikin moodku jadi baik lg abis baca au kalian aku gabisa sebutin satu2 soalnya banyak bgt au yg aku baca,1874142226227609743,,,in,,0,0,0,https://x.com/pilownii/status/1874142226227609743,1565619180451164161,pilownii
1874139637482217653,Tue Dec 31 17:14:58 +0000 2024,0,Sedih bgttt. Bye bye december!,1874142216412946716,,eajchuu,in,,1,0,0,https://x.com/eajchuu/status/1874142216412946716,1519288615,eajchuu
1874139193385079225,Tue Dec 31 17:14:58 +0000 2024,0,@gapunyabias GAPAPAAAAA!! Itu gak lagi stuck kak tpi masih berprosess gausah sedih gausah minder mungkin ga sekarang tapi nantiii!! Semangat yaa kamuu,1874142215716692209,,gapunyabias,in,,0,0,0,https://x.com/sshxttygame/status/1874142215716692209,826714281664143362,sshxttygame
1874141687410548843,Tue Dec 31 17:14:55 +0000 2024,0,@_yoimiya happyy new yearr sygg!! BARU NEW YEAR KOK DAH KESEPIAN AJAA?! ,1874142201426698403,,_yoimiya,in,,0,1,0,https://x.com/taebears___/status/1874142201426698403,1274177751155539969,taebears___
1874142194564727267,Tue Dec 31 17:14:53 +0000 2024,0,Lelah bekerja Fajar menghabiskan Malam bersama cynthia https://t.co/zfnVobor8h,1874142194564727267,https://pbs.twimg.com/ext_tw_video_thumb/1874142057868238848/pu/img/KraM5z7ijobRiYOW.jpg,,in,62341,0,0,0,https://x.com/NXBLSM__/status/1874142194564727267,1737075467411410944,NXBLSM__
1874142188264972696,Tue Dec 31 17:14:52 +0000 2024,0,2023 ke 2024 LDR tahun baruan sendirian. Sekarang 2024 - 2025 LDR lagi tahun baruan juga sendirian lagi,1874142188264972696,,,in,,0,0,0,https://x.com/xixiwxoxo/status/1874142188264972696,128417567,xixiwxoxo
1874142179071025549,Tue Dec 31 17:14:50 +0000 2024,0,ah gila 2024 gacor tapi akhir tahunnya sedih pol,1874142179071025549,,,in,mak lu,0,0,0,https://x.com/pandamakanbambu/status/1874142179071025549,1495369510504656901,pandamakanbambu
1874142177250758794,Tue Dec 31 17:14:49 +0000 2024,0,Tahun baru kali ini sendirian di balkon liatin kembang api sambil nangis 10menit. Malah gloomy kalo liat kembang api selalu keinget almarhum bokap. Dilalah nntn sendirian jadilah deres ini air mata. Happy new year Pah ,1874142177250758794,,,in,,0,0,0,https://x.com/Hiramons/status/1874142177250758794,77965292,Hiramons
1874142171315789871,Tue Dec 31 17:14:48 +0000 2024,0,ini mah sedih mama harusnya 56 bukan stuck di 51,1874142171315789871,,,in,"DKI Jakarta, Indonesia",0,1,0,https://x.com/wynterkisse/status/1874142171315789871,1110409446050525184,wynterkisse
1874122115017789754,Tue Dec 31 17:14:48 +0000 2024,0,@convomf sedih,1874142170720108625,,convomf,in,,0,0,0,https://x.com/naviilight/status/1874142170720108625,1404682452145041408,naviilight
1873981479946170840,Tue Dec 31 17:14:43 +0000 2024,0,@trulysesa wkwk sedih banget sih,1874142153569690107,,trulysesa,in,,0,0,0,https://x.com/alfamarl/status/1874142153569690107,878640317938978817,alfamarl
1874142145160110422,Tue Dec 31 17:14:41 +0000 2024,0,sedih . aku tahun ini kepala dua .,1874142145160110422,,,in,,0,0,0,https://x.com/khuvies/status/1874142145160110422,863341986203312128,khuvies
1874142131255988443,Tue Dec 31 17:14:38 +0000 2024,0,ikut trend muscat under table tapi gagal grgr ga kuat cepet banget,1874142131255988443,,,in,,0,0,0,https://x.com/captkyla/status/1874142131255988443,1235194904885612552,captkyla
1874126464347758861,Tue Dec 31 17:14:37 +0000 2024,0,@jehagoestougm yakannn sedih banget gasi..,1874142127808188617,,jehagoestougm,in,"INFJ, 07 she/her!",0,0,0,https://x.com/cheezeyogurt/status/1874142127808188617,1796887730993131521,cheezeyogurt
1874138079554134527,Tue Dec 31 17:14:35 +0000 2024,0,Berjam-jam anjirr baru di bls awalny udh pasrah nih klo ketipu 100k ternyata admin gblk ngecht bgini katany nyuruh pelunasan 150k lg https://t.co/bsc2fixu0R,1874142118308176109,https://pbs.twimg.com/media/GgJKUewaQAA_1r6.jpg,SlavinkaYuan,in,"Central Borneo, Indonesia",0,2,0,https://x.com/SlavinkaYuan/status/1874142118308176109,1169733904065892352,SlavinkaYuan
1874135384906752281,Tue Dec 31 17:14:32 +0000 2024,1,@IhyaturRahma Semoga hal baik selalu berdatangan di tahun 2025 yaaa Mel!! pokoknya tinggalin sedih sedih di tahun lalu 2025 harus jadi lebih baik buat kita semuaa!!,1874142104055931351,,IhyaturRahma,in,🤍💚🖤❤️🐯🌱 - ⚕,0,1,0,https://x.com/wulann/status/1874142104055931351,1349329208372199428,wulann
1874142101543514227,Tue Dec 31 17:14:31 +0000 2024,1,Agenda malam taun baru aku adalah war iphone 14 1000 an (gagal) war voucher diskon (berhasil) dokumentasi kembang api yang bagus (gagal) Mari kita tidur nanti tahajud doa yang banyak minta 2025 jadi tahun yang baik ,1874142101543514227,,,in,Bandung Barat,0,0,0,https://x.com/Cindererelala/status/1874142101543514227,447133005,Cindererelala
1874142098775302248,Tue Dec 31 17:14:30 +0000 2024,0,sedih gini udah ganti taun,1874142098775302248,,,in,,0,0,0,https://x.com/vyshimr4a/status/1874142098775302248,1856226731889438721,vyshimr4a
1873921915125150075,Tue Dec 31 17:14:29 +0000 2024,0,@tesrminal Excited sendirian juga capek lama-lama,1874142094916571235,,tesrminal,in,,0,0,0,https://x.com/strssovrld/status/1874142094916571235,1125648687491735554,strssovrld
1874142092634841138,Tue Dec 31 17:14:29 +0000 2024,0,2024 banyak sekali pembelajaran yang aku dapat sedih senang. banyak moment yang belum pernah aku rasakan sebelum nya. the last maaf ya kalau aku ada salah dalam perkataan maupun perbuatan aku selama ini. semoga di tahun 2025 ini selalu diberikan kebahagian ya.,1874142092634841138,,,in,𝗩𝗡𝗠,0,2,1,https://x.com/lalisamnwbn/status/1874142092634841138,1289135016266498048,lalisamnwbn
1874142091502379211,Tue Dec 31 17:14:29 +0000 2024,1,Selamat tahun baru semuanyaaa!! (dari aku yang gagal mam anggur di bawah meja),1874142091502379211,,,in,Abis kena 🍣,0,3,0,https://x.com/itsanatimee/status/1874142091502379211,1808066756713631745,itsanatimee
1874139422410887640,Tue Dec 31 17:14:28 +0000 2024,0,@cuonflict KOK JADI SEDIH GINI DEH,1874142090600575471,,cuonflict,in,,0,1,0,https://x.com/zaappang/status/1874142090600575471,1493410859028455425,zaappang
1874142087328964793,Tue Dec 31 17:14:28 +0000 2024,0,tiap tahun baru tuh rasanya sedih KENAPA YAA seneng udah ganti tahun tapi DIDOMINASI SEDIHHH GITU,1874142087328964793,,,in,caratland,0,0,0,https://x.com/jengkolzzzzzzz/status/1874142087328964793,1640285531404910594,jengkolzzzzzzz
1874140176978677847,Tue Dec 31 17:14:27 +0000 2024,1,Semoga kita semua bisa membangun bersama komunitas vtuber yang baik bersih dan sehat di 2025 yang sejahtera walaupun kita tau apa yang sudah kita rasakan di 2024 sangat menjerat namun jangan menyerah karena perjalanan kita masih panjang,1874142082774032712,,Fuzui_jamrd,in,kahyangan dasar samudra,0,1,0,https://x.com/Fuzui_jamrd/status/1874142082774032712,1445913586019094528,Fuzui_jamrd
1874142075782099232,Tue Dec 31 17:14:25 +0000 2024,0,Bahkan sebelum tahun 2025 mulai ak udh sedih ga tau knp ,1874142075782099232,,,in,mt after dm,0,0,0,https://x.com/zhllar/status/1874142075782099232,4083504039,zhllar
1874057027334656125,Tue Dec 31 17:14:25 +0000 2024,2,@PPQSI_ kasian sekali arab zionis ini demi kepentingan duniawi mati matian membela yahudi tapi dalam hatinya merasa bersalah karena melanggar agama dan moral sehingga tercermin pada wajahnya yang kecut dan badanya yang kuncup,1874142074720878842,,PPQSI_,in,,0,0,1,https://x.com/KandangPuyang/status/1874142074720878842,1480899934421278722,KandangPuyang
1874142057847284045,Tue Dec 31 17:14:21 +0000 2024,0,ya Allah jadikanlah tahun ini tahun terbaik keluargaku agar bisa bangkit kembali dari hal hal yang membuat kami terpuruk.aamiin,1874142057847284045,,,in,feel free to dm^^,0,0,0,https://x.com/jianhekerr/status/1874142057847284045,1780082417791115265,jianhekerr
1874134904906366989,Tue Dec 31 17:14:20 +0000 2024,0,@naeljsu Udah ganti tahun jangan galau lagi ya kaknay ,1874142055985000832,,naeljsu,in,Greesella Adhalia ceweku,0,1,0,https://x.com/athaaaazo/status/1874142055985000832,1743914198311247872,athaaaazo
1874142050939285519,Tue Dec 31 17:14:19 +0000 2024,0,sedih malem tahun baru ga kemana mana,1874142050939285519,,,in,,0,0,0,https://x.com/pOorkalala/status/1874142050939285519,1434541710080577549,pOorkalala
1874142049479647468,Tue Dec 31 17:14:19 +0000 2024,2,HAPPY NEW YEAR @dydenggie makasih udah nemenin galau beberapa hari ini. 2025 Jesbible ciuman lagi ya,1874142049479647468,,,in,indonesia,0,1,0,https://x.com/wish_14/status/1874142049479647468,94051855,wish_14
1873990107612799156,Tue Dec 31 17:14:17 +0000 2024,0,@fanyisabella aslinya euy sedih terus aku,1874142044685557767,,fanyisabella,in,fields of green,0,0,0,https://x.com/lladyrose_/status/1874142044685557767,1724147049300660225,lladyrose_
1874142038704480462,Tue Dec 31 17:14:16 +0000 2024,0,kok kaya sedih ya ,1874142038704480462,,,in,akun suka suka,0,0,0,https://x.com/haloshibal/status/1874142038704480462,1516713152968544258,haloshibal
1874142026767429642,Tue Dec 31 17:14:13 +0000 2024,0,Jujur sedih bangeet ini tuh idh mah emang udh ngerasa ga excited sama sekali sama pergantian tahun ini eh malah dikasih kabar begitu sama sodara tentang dia jadi kek yaudah lah semoga kedepannya aku akan selalu baik baik aja deh,1874142026767429642,,,in,,0,0,0,https://x.com/yosyoshidaa/status/1874142026767429642,1322068880383041536,yosyoshidaa
1874141812971143659,Tue Dec 31 17:14:13 +0000 2024,0,@AR_LanaJKT48 semangatt terus yaa cintaa jangan menyerah. keep it up so proud of you! kita sambut 2025 dengan kebahagiaan kita terus berjuang sama-sama okayy? ,1874142026331283501,,AR_LanaJKT48,in,20 Ingram St. Queens,0,0,0,https://x.com/rezpasya/status/1874142026331283501,1500749447763922949,rezpasya
1874142025765052541,Tue Dec 31 17:14:13 +0000 2024,0,Kok malah sedih yaa,1874142025765052541,,,in,"Kartosuro, Indonesia",0,0,0,https://x.com/sknt_lgvv/status/1874142025765052541,474691997,sknt_lgvv
1874138396387664207,Tue Dec 31 17:14:10 +0000 2024,0,@cikgudepok @jurnalrisau diselipin 5 triliun juga masih muat ini kan underpaid semoga lelah kita menjadi tiket pink soundcheck,1874142011198234856,,cikgudepok,in,"Jakarta, Indonesia",0,0,2,https://x.com/sipeugard/status/1874142011198234856,1368716468158795776,sipeugard
1874140819479027902,Tue Dec 31 17:14:09 +0000 2024,0,@avtumnrain Eh jangan sedih dong :(( Kok kamu sedih? Kan ini happy new years! &gt; ,1874142009524707529,,avtumnrain,in,#SekaiWonders,0,1,0,https://x.com/applepiehonaa/status/1874142009524707529,1816458397681963008,applepiehonaa
1874142003975635390,Tue Dec 31 17:14:08 +0000 2024,0,ap anjrit gue gagal krn ASEMMM BANGETT KAMPREETTT ANGGURNYA. tp egk ap toh gue hanya seru2 sj kpd trend ini biar @heyhodills egk fomo sendirian,1874142003975635390,,,in,beep-beep.,0,1,0,https://x.com/smushloly/status/1874142003975635390,1203587341278834688,smushloly
1874142000792166599,Tue Dec 31 17:14:07 +0000 2024,0,Sedih banget,1874142000792166599,,,in,Psych ward.,0,0,0,https://x.com/saintvituz/status/1874142000792166599,1281512574224220160,saintvituz
1874141009648730244,Tue Dec 31 17:13:59 +0000 2024,0,@MIXXERENADE AKU GA SENDIRIAN,1874141965685756011,,MIXXERENADE,in,dihati ohw & ydw,0,0,0,https://x.com/caslevio/status/1874141965685756011,1675864910725775361,caslevio
1874141955262996953,Tue Dec 31 17:13:56 +0000 2024,0,fuck new year gua sedih bangsat,1874141955262996953,,,in,19,0,0,0,https://x.com/asdailydose/status/1874141955262996953,1818501758936817664,asdailydose
1874141949269336111,Tue Dec 31 17:13:55 +0000 2024,0,GAK JADI SEDIH INI UPDATENYA PADA BARENGAN GINI HEHEHEHEHEH https://t.co/NfQGQWWOMH,1874141949269336111,https://pbs.twimg.com/media/GgJKKuFbMAApExL.jpg,,in,,0,0,0,https://x.com/journeyrin29/status/1874141949269336111,1540056087616839680,journeyrin29
1874141946731782167,Tue Dec 31 17:13:54 +0000 2024,0,terimakasih 2024 untuk segala bentuk cobaan nya walaupun agak stres dikit:),1874141946731782167,,,in,,0,0,0,https://x.com/heyyyy033112220/status/1874141946731782167,1472809943694655490,heyyyy033112220
1874139262821830772,Tue Dec 31 17:13:53 +0000 2024,0,@moabellee lelah sama kitod,1874141939953787260,,moabellee,in,,0,1,0,https://x.com/Leekurine/status/1874141939953787260,1244163844626235394,Leekurine
1874141937634361535,Tue Dec 31 17:13:52 +0000 2024,0,Page 366 of 366 End Dari baik dan buruknya dari sedih dan bahagianya tahun yang telah kita lalui tetaplah menjadi kuat di barengi rasa syukur dan ikhlas.,1874141937634361535,,,in,"Cariu, Indonesia",0,0,0,https://x.com/Rusianiiyan/status/1874141937634361535,1272812217746898944,Rusianiiyan
1874141930130727103,Tue Dec 31 17:13:50 +0000 2024,22,Thats lets grow together ..terima kasih vin karena tidak pernah menyerah dengan #kevmistry kurang lebihnya kita tolong di maafkan ya mari bertumbuh dan saling menguatkan serta menjadi pribadi yg lebih baik lagi di tahun 2025 ya #imkevin https://t.co/oxfBbujv89,1874141930130727103,https://pbs.twimg.com/media/GgJKJlhbYAkAhrw.jpg,,in,"East Java, Indonesia",0,0,0,https://x.com/Kusumawati51891/status/1874141930130727103,1814999872120209408,Kusumawati51891
1874141836941603265,Tue Dec 31 17:13:28 +0000 2024,0,Yuklahh awal tahun ga boleh sedih sedih,1874141836941603265,,,in,Kolong langit,0,0,0,https://x.com/ochicuy/status/1874141836941603265,76652826,ochicuy
1874141831552024990,Tue Dec 31 17:13:27 +0000 2024,0,12 anggur gagal gegara keselek ,1874141831552024990,,,in,𝗘𝗡╸⁷,0,0,0,https://x.com/whoiskeis/status/1874141831552024990,1695658527086583808,whoiskeis
1874128655598887321,Tue Dec 31 17:13:26 +0000 2024,0,@clnift wkwkw gagal dong,1874141830557872353,,clnift,in,yoonminkook,0,1,0,https://x.com/jiminnieaeyo/status/1874141830557872353,1465370187050356740,jiminnieaeyo
1874139695850152009,Tue Dec 31 17:13:25 +0000 2024,0,@ardhanarzaki gagal makan anggur.. gigiku ngilu.. di detik 00 baru kekunyah dimulut 4 biji belum ketelennnn,1874141824950141427,,ardhanarzaki,in,,0,0,0,https://x.com/jelliestr/status/1874141824950141427,1826625179877040128,jelliestr
1874140155080302852,Tue Dec 31 17:13:25 +0000 2024,0,@badtzmaroon IYA ANJIRUHR ITU GW SKRG bahkan gw lg dengerin playlist yg SEDIH BGT,1874141824815947866,,badtzmaroon,in,,0,1,0,https://x.com/sangtheocean/status/1874141824815947866,1623146779981254656,sangtheocean
1874141199843602732,Tue Dec 31 17:13:24 +0000 2024,0,@Amorpropre SEDIH BGT PUKI,1874141822056096005,,Amorpropre,in,,0,0,0,https://x.com/lxxeviosa/status/1874141822056096005,1479302048671670272,lxxeviosa
1874126326158025067,Tue Dec 31 17:13:23 +0000 2024,1,@N4N60R14N kalo ditunggu sampe bsok ternyata ga go public jg gua kecewa,1874141814728577029,,N4N60R14N,in,she/they,0,0,0,https://x.com/ganiesarc/status/1874141814728577029,1379298004943859712,ganiesarc
1874141813982085458,Tue Dec 31 17:13:22 +0000 2024,0,Jadi nangis wkwkwk sedih soalnya,1874141813982085458,,,in,,0,0,0,https://x.com/Hotcocoacookies/status/1874141813982085458,2452796168,Hotcocoacookies
1874141801453674772,Tue Dec 31 17:13:19 +0000 2024,0,GUE. SEDIH. BGT. FAKKKKKKK.,1874141801453674772,,,in,,0,0,0,https://x.com/bukanselgomm/status/1874141801453674772,1836973868583636992,bukanselgomm
1874141794474295470,Tue Dec 31 17:13:18 +0000 2024,0,Jie have soft spot for me ngeliat dari awal debut pas tengil²nya terus pas puber juga wkwkwk dia ikutan dancing high sendirian omg aku ngikutin pas itu terus sampe sekarang sedewasa ini walaupun kamu pernah bilang sedih gak punya teman sekolah dan seumuran but you did it!!,1874141794474295470,,,in,"𝐚𝐢𝐥𝐮𝐫𝐨𝐩𝐡𝐢𝐥𝐞 ∧,,∧",0,0,0,https://x.com/everythinkerj/status/1874141794474295470,1087661246541836289,everythinkerj
1874141789491519826,Tue Dec 31 17:13:17 +0000 2024,0,FUCK U SU AND HOYO TAHUN BARU BUKANNYA HAPPY MALAH BIKIN STRES KARNA 2BANNER RATE OFF SEMUA https://t.co/97t228Zukd,1874141789491519826,https://pbs.twimg.com/media/GgJKBJGbYAYnWzs.jpg,,in,INDONESIA,0,0,0,https://x.com/ELLEN_MATHERSS/status/1874141789491519826,1233084466194550784,ELLEN_MATHERSS
1874141788069650915,Tue Dec 31 17:13:16 +0000 2024,0,aku liat petasan di atas rasanya sedih bgt,1874141788069650915,,,in,fa ˘͈ᵕ˘͈ dnf❌,0,0,0,https://x.com/yujinmujaer/status/1874141788069650915,1061401150405062656,yujinmujaer
1874141786891075941,Tue Dec 31 17:13:16 +0000 2024,0,Selamat tahun baru dengan cerita yang pastinya juga baru Bahagia selalu dan jangan merasa sendirian ya. Semua hal baik pasti akan bersahabat karib denganmuu. Senang mendengar berita berita baik tentangmu Wopyu yang mulia ratu,1874141786891075941,,,in,,0,0,0,https://x.com/pundipundiu/status/1874141786891075941,1186201012089974784,pundipundiu
1874138630165586071,Tue Dec 31 17:13:15 +0000 2024,1,@fitrooney bang jujur bener banget sedih ga kebayang saudara² kita di gaza dan daerah occupied lainnya,1874141784240250947,,fitrooney,in,idyllic starry nights,0,1,0,https://x.com/fjallrraven/status/1874141784240250947,1133332385443958785,fjallrraven
1874141776862454146,Tue Dec 31 17:13:14 +0000 2024,0,tahun kemarin bener² kayak nano-nano senang sedih semuanya ada deh pokonya haha. pokonya tahun kemarin jadi pelajaran untuk tahun sekarang semoga lebih baik lagi.,1874141776862454146,,,in,"Jawa Barat, Indonesia",0,0,0,https://x.com/tweet_imn/status/1874141776862454146,1305443837792251905,tweet_imn
1874141404735406319,Tue Dec 31 17:11:45 +0000 2024,1,dari sekian banyaknya keluhan di tahun 2024 terimakasih banyak masih mau memilih untuk tidak menyerah sudah lebih dari cukup! keren caca!,1874141404735406319,,,in,,0,0,0,https://x.com/oxisoo/status/1874141404735406319,1425148107906420738,oxisoo
1874141401497428146,Tue Dec 31 17:11:44 +0000 2024,0,GUE GALAU BGT MALEM INI KNP KNP KNP KNP KNP KNP KNP KNP KNP,1874141401497428146,,,in,upper uplands,0,0,0,https://x.com/pixiesoiree/status/1874141401497428146,1410988186872934404,pixiesoiree
1874140188408263041,Tue Dec 31 17:11:44 +0000 2024,0,@ilyouphoriaa lu jangan bikin gue sedih,1874141400939585566,,ilyouphoriaa,in,Beomgyu࿐,0,1,0,https://x.com/beomgyujodohku/status/1874141400939585566,1488195740757557251,beomgyujodohku
1874130949937770910,Tue Dec 31 17:11:40 +0000 2024,0,@szarlier sedih betul,1874141383084449997,,szarlier,in,Indonesia,0,0,0,https://x.com/hii_taecil/status/1874141383084449997,1405563615822843906,hii_taecil
1874122405746270233,Tue Dec 31 17:11:38 +0000 2024,0,@Spidermeon sedih tapi harus gaoaoa gaenak banget ya :(,1874141376830726323,,Spidermeon,in,,0,0,0,https://x.com/novejl/status/1874141376830726323,1624047601568866305,novejl
1874141366147833999,Tue Dec 31 17:11:38 +0000 2024,0,Bahan nangis w di mens hari kedua. Padahal biasa aja chatnya. Dia juga bukan kesel sm w. Tp gatau kenapa kalo orang minta maaf malah jd sedih. Pas baca ini masih nyetir tp lg macet akhirnya kita mewek dulu sambil macet-macetan wkwkwkwkwk kocak bgt lu hormon https://t.co/duhGQJnu2U,1874141376738398559,https://pbs.twimg.com/media/GgJJpYzbcAAzIZW.jpg,Puutri,in,,0,1,0,https://x.com/Puutri/status/1874141376738398559,60249442,Puutri
1874141372984549575,Tue Dec 31 17:11:37 +0000 2024,0,eh ini ganti taun kenapa agak sedih ya???,1874141372984549575,,,in, ݁˖𖤐. 🇮🇩 ~ ENFP .☘︎ ݁˖,0,4,0,https://x.com/ochihongshi/status/1874141372984549575,1790278566606938112,ochihongshi
1874141372498010267,Tue Dec 31 17:11:37 +0000 2024,0,#zonauang Kalo pusing ngadepin hidup yang suka ngajakin becanda jangan sendirian makin pusing nanti ‍ mending ditemenin @candliic sambil konsultasi nyari jalan keluarnya https://t.co/PyM4Ifn5JK,1874141372498010267,,,in,,0,0,0,https://x.com/Lunaidre/status/1874141372498010267,4433331973,Lunaidre
1874139483807113628,Tue Dec 31 17:11:35 +0000 2024,1,@Petal1st1c sedang sedih tapi takpe kento ada,1874141364457541659,,Petal1st1c,in,,0,1,0,https://x.com/nanatochinagao/status/1874141364457541659,1776276987323326464,nanatochinagao
1874133195215823277,Tue Dec 31 17:11:35 +0000 2024,0,@harintwt awal tahun dah sedih,1874141364407197823,,harintwt,in,,0,0,0,https://x.com/loveroberi/status/1874141364407197823,1312628498960277506,loveroberi
1874141356844789847,Tue Dec 31 17:11:33 +0000 2024,0,Sedih.. :( https://t.co/R8Ej9Uf9Jd,1874141356844789847,https://pbs.twimg.com/media/GgJJobtbsAA2M1z.jpg,,in,"DNFWOC, DNSS. ",0,0,0,https://x.com/Taesanbebek/status/1874141356844789847,1434509403504345089,Taesanbebek
1874141355855012339,Tue Dec 31 17:11:33 +0000 2024,0,gaada promo apa apa kecewa,1874141355855012339,,,in,,0,0,0,https://x.com/ourwinme/status/1874141355855012339,1458347500574707713,ourwinme
1874064282998235260,Tue Dec 31 17:11:33 +0000 2024,0,@raasayshi @tubirfess Namanya jg org depresi mana mikir sampe sana,1874141355548844321,,raasayshi,in,,0,1,0,https://x.com/fleureclisse/status/1874141355548844321,1171812771056381952,fleureclisse
1874139193385079225,Tue Dec 31 17:11:32 +0000 2024,0,@sshxttygame sedih karena ngerasa waktu udah berlalu sejauh ini... sementara aku masih stuck di satu titik...,1874141350708519274,,sshxttygame,in,180715 241019 241026,0,1,0,https://x.com/gapunyabias/status/1874141350708519274,459014701,gapunyabias
1874141340621267275,Tue Dec 31 17:11:30 +0000 2024,0,Gak usah jutek gitu Mba ntar di jilatin dan disedot ini clitorisnya juga meringkih pasrah keenakan ,1874141340621267275,,,in,,0,0,0,https://x.com/barataverse/status/1874141340621267275,1687960859950395392,barataverse
1873985526182941020,Tue Dec 31 17:10:34 +0000 2024,0,@moraelx Sedih bgt kak,1874141107732599020,,moraelx,in,,0,0,0,https://x.com/indocringe_/status/1874141107732599020,1229486380473929728,indocringe_
1874141102850322675,Tue Dec 31 17:10:33 +0000 2024,0,awal taun baru dibuka dgn galau,1874141102850322675,,,in,,0,0,0,https://x.com/febwul28/status/1874141102850322675,1682797884377546753,febwul28
1874141099641729131,Tue Dec 31 17:10:32 +0000 2024,0,AAAAA YA ALLAH SEDIH BGTTTT ,1874141099641729131,,,in,He/him 24+. MDNI 🔞,0,0,0,https://x.com/percivalll_/status/1874141099641729131,1490545824325312513,percivalll_
1874141098370883896,Tue Dec 31 17:10:32 +0000 2024,0,Udahlah gue bukannya gamau move on tp gue stuck di 2016-2019 maaf yaAllah i m grateful kok bs smp sini tp feelsnya kek gmn gmn gitu aja dah sedih hamba tuh yaAllah makin tahun makin banyak tanggungan,1874141098370883896,,,in,My life is a folklore,0,0,0,https://x.com/orderofaphilly/status/1874141098370883896,1637122482531622913,orderofaphilly
1874141090137464875,Tue Dec 31 17:10:30 +0000 2024,0,selamat mengawali tahun baru dengan depresi fuck u hasumi keito ,1874141090137464875,,,in,⚠️ ketikannya gk ada filter,0,0,0,https://x.com/tianquankoibito/status/1874141090137464875,1485647796250484738,tianquankoibito
1874141085783777380,Tue Dec 31 17:10:29 +0000 2024,0,jujur resolusi ku sebenernya di tahun 2025 adalah bisa semangat sedekah dan konsisten puasa daud agak sedih tahun kemarin masih banyak yg bolong-bolong semoga makin rajin sholatnya ya Allah ga mepet2 ,1874141085783777380,,,in,,0,0,0,https://x.com/tdhe1975/status/1874141085783777380,1445418840813309953,tdhe1975
1874141083623682349,Tue Dec 31 17:10:28 +0000 2024,0,Liat petasan pas tahun baru bawaan nya sedih bukan karena terharu tapi teringat ppn 12% udah mulai berlaku bangke,1874141083623682349,,,in,zona perintis,0,0,0,https://x.com/jakeskena/status/1874141083623682349,1705403758346461184,jakeskena
1874141066712277102,Tue Dec 31 17:10:24 +0000 2024,0,Tiap pergantian tahun sebenernya sama aja tapi enggak tau kenapa bawaanya suka sedih,1874141066712277102,,,in,,0,0,0,https://x.com/caraeomel/status/1874141066712277102,1805200408283127808,caraeomel
1874134588249063747,Tue Dec 31 17:10:21 +0000 2024,0,@valwves kok sedih,1874141054582350317,,valwves,in,10 - 10,0,1,0,https://x.com/frahmanif/status/1874141054582350317,1834587340188401665,frahmanif
1874141044847370628,Tue Dec 31 17:10:19 +0000 2024,0,Gapapa. Gapapa banget soalnya klo nyoba sendiri gagal mulu,1874141044847370628,,,in,,0,0,0,https://x.com/amsty999/status/1874141044847370628,1481618134801223681,amsty999
1874140686980964418,Tue Dec 31 17:10:18 +0000 2024,0,2025 masih suka nangis di kamar mandi ternyata padahal bulan depan uda 24th tapi kalo sedih harus selalu disembunyiin,1874141041408016891,,sambatgosadbaca,in,Kota M ,0,0,0,https://x.com/sambatgosadbaca/status/1874141041408016891,1290896383440904192,sambatgosadbaca
1874141027109658979,Tue Dec 31 17:10:15 +0000 2024,3,happy new year! semoga tahun ini berkah dan ga banyak air mata sedih aamiin.,1874141027109658979,,,in,Malaysia,0,0,0,https://x.com/hardcastlenbla/status/1874141027109658979,1491894682464387078,hardcastlenbla
1874141026316857685,Tue Dec 31 17:10:15 +0000 2024,15,Refleksi 2024: pindah lagi (Nor to UK) dapat Uncon LoA buat adv degree udh mulai treatment penyakit lolos interview - tp gjd ambil lg udh mulai menikmati alam Scotland Gjd pindah krn terkendala internal gagal sim UK gajadi pulkam Indonesia lg ,1874141026316857685,,,in,North Sea,0,1,1,https://x.com/Adtarie/status/1874141026316857685,165640105,Adtarie
1874141023934505291,Tue Dec 31 17:10:14 +0000 2024,2,kok tbtb jadi sedih ya,1874141023934505291,,,in,항상찬열이편,0,0,0,https://x.com/LOEYELSX/status/1874141023934505291,1373046455418515462,LOEYELSX
1874141023901016297,Tue Dec 31 17:10:14 +0000 2024,0,GARA GARA NYOBA HELFUT TREND BJROT MALAH GAGAL KRN GA KE RECORD,1874141023901016297,,,in,don't stalk + ss.,0,0,0,https://x.com/pgnangis/status/1874141023901016297,1362777612582494217,pgnangis
1874141018976870866,Tue Dec 31 17:10:13 +0000 2024,0,Pergantian tahun tambah umur kenapa selalu sedih ya,1874141018976870866,,,in,,0,0,0,https://x.com/imtamagochi/status/1874141018976870866,1147402177737924608,imtamagochi
1874141018595221636,Tue Dec 31 17:10:13 +0000 2024,0,sedih udh thn 2025 tp kok gue masi gini' aja ya?,1874141018595221636,,,in,,0,0,0,https://x.com/slhorangca/status/1874141018595221636,1806972588989804544,slhorangca
1874141018016407664,Tue Dec 31 17:10:13 +0000 2024,0,Ga boleh sedih ga boleh nangis hrs membiasakan diri.,1874141018016407664,,,in,,0,0,0,https://x.com/m4uw1n/status/1874141018016407664,1534341459184427008,m4uw1n
1873593600371753345,Tue Dec 31 17:10:12 +0000 2024,0,@Frank8ean aku menyerah duluan trimakasih?,1874141016963637615,,Frank8ean,in,dnfwoc,0,1,0,https://x.com/ilamovingon/status/1874141016963637615,1794243929766047744,ilamovingon
1874141015315276081,Tue Dec 31 17:10:12 +0000 2024,0,happy new year taun ini sama kek sebelum'nya flat bahkan ga ada perayaan makan' bareng keluarga sedih si tapi gapapa...,1874141015315276081,,,in,"langit bogor, Altantis",0,0,0,https://x.com/linn4xi/status/1874141015315276081,1439751017256521732,linn4xi
1874138492013539597,Tue Dec 31 17:10:12 +0000 2024,0,@cursedkidd udah kecewa aja wil,1874141013868171765,,cursedkidd,in,,0,0,0,https://x.com/pixieext/status/1874141013868171765,1792249888186761216,pixieext
1874141009602634166,Tue Dec 31 17:10:11 +0000 2024,0,lebih sedih gak dapet voc shopee:[,1874141009602634166,,,in,I Liliana Venelopie,0,1,0,https://x.com/TaleOfSarang/status/1874141009602634166,1403409514762706951,TaleOfSarang
1874140999204954168,Tue Dec 31 17:10:08 +0000 2024,1,aku sedih bgttt kangen banget ya Allah,1874140999204954168,,,in,Bangtan♡,0,0,0,https://x.com/pjiminiepity/status/1874140999204954168,1003294840090648576,pjiminiepity
1874140991147663454,Tue Dec 31 17:10:06 +0000 2024,0,apdet 3 poin 0 ini ngeselin banget apdet dari jam 5 pagi sampe jam 12 siang masih ga bisa akhirnya re-install juga gagal mulu ngabisin kuota 50gb (wifi lagi error) dan selesainya jam 6 sore,1874140991147663454,,,in,N109 Zone,0,0,0,https://x.com/baby9yu_/status/1874140991147663454,1359900683583950849,baby9yu_
1874140989226713339,Tue Dec 31 17:10:06 +0000 2024,0,kok sedih yaa belumm siapp ,1874140989226713339,,,in,09 🌟,0,0,0,https://x.com/chimyeyunie/status/1874140989226713339,1834547247264243712,chimyeyunie
1873817710540579147,Tue Dec 31 17:10:05 +0000 2024,0,@tercogil knp ya pdal tgl 1 gw ultah lo bukanya ngerasa excited tapi perasaan bawaanya gelisah,1874140987423142177,,tercogil,in,,0,0,0,https://x.com/shendialfrzi/status/1874140987423142177,1745860236685312004,shendialfrzi
1874138983128870941,Tue Dec 31 17:10:04 +0000 2024,0,@nguestetik IH SEDIH BGT RASTY,1874140982884868497,,nguestetik,in,she/her,0,1,0,https://x.com/aisunflo/status/1874140982884868497,1287584537560510465,aisunflo
1874140107722416160,Tue Dec 31 17:10:03 +0000 2024,0,@lighthouseesh kaburu gagal,1874140978199835093,,purpsheather,in,,0,0,0,https://x.com/resqcue/status/1874140978199835093,1545341718966349824,resqcue
1874138049619366105,Tue Dec 31 17:10:03 +0000 2024,0,@ghosmter @centiljpg Sedih banget melihat fakta,1874140977310687325,,ghosmter,in,on-date.,0,0,0,https://x.com/dowoonsby/status/1874140977310687325,1430059552313987073,dowoonsby
1874140974383063335,Tue Dec 31 17:10:02 +0000 2024,0,Tahun lalu (2024) tepat di malam pergantian tahun aku malah sedih karena ada hal yang enggak mengenakan tapi siapa sangka di kemudian hari justru banyak hal-hal baik datang. Bisa dibilang 2024-ku 90% membahagiakan. Sekarang selamat datang 2025!,1874140974383063335,,,in,In a world that HE design,0,0,0,https://x.com/ilmamdn/status/1874140974383063335,345188155,ilmamdn
1874140974303371593,Tue Dec 31 17:10:02 +0000 2024,0,tapi rasanya kek sedih masuk 2025,1874140974303371593,,,in,,0,0,0,https://x.com/poyoniw/status/1874140974303371593,1666245407217979392,poyoniw
1874138854929948844,Tue Dec 31 17:10:01 +0000 2024,0,@brisizk AKU TADI NITIP BAKARIN JAGUNG MALAH GAK DAPET KECEWA BGT AKU,1874140969400242453,,brisizk,in,yaca @glamourfus,0,0,0,https://x.com/masihiduop/status/1874140969400242453,1556987112557543424,masihiduop
1874140966405496958,Tue Dec 31 17:10:00 +0000 2024,347,happy new year yaa @M_OlineJKT48 selalu semangatt untuk menggapai semua impian kamu di tahun ini jangan pernah menyerah aku selalu ada buat kamu dimana pun itu ~ 01/01/2025 ~ https://t.co/H2FF64sHwQ,1874140966405496958,https://pbs.twimg.com/media/GgJJRWIbYAE4vaP.jpg,,in,,1,0,57,https://x.com/fiiaja124/status/1874140966405496958,1772233478958129152,fiiaja124
1874140961791762570,Tue Dec 31 17:09:59 +0000 2024,0,Tahun Baru yang sesungguhnya belum terjadi ini baru kebahagiaan kecil kecil ️ . Nanti akan Kebahagiaan sejati gak akan hampa,1874140961791762570,,,in,"UI, Undip, UPN, ITB, Trisakti.",0,0,0,https://x.com/AbanGDistya/status/1874140961791762570,1622201166984802306,AbanGDistya
1874140959069667337,Tue Dec 31 17:09:59 +0000 2024,0,tahun baru malah sedih kocak,1874140959069667337,,,in,she/they,0,0,0,https://x.com/rindobu/status/1874140959069667337,1343381347167916032,rindobu
1874140951683481933,Tue Dec 31 17:09:57 +0000 2024,0,2025 gesss. Sedih gak sih?,1874140951683481933,,,in,,0,0,0,https://x.com/zkdrsn/status/1874140951683481933,983752541807652864,zkdrsn
1874140948168622391,Tue Dec 31 17:09:56 +0000 2024,8,#PerjalananTahun2025 Mengikhlaskan apa yg akan terjadi melepaskan yg tak patut digenggam mengusahakan yg mau diusahakan meninggalkan jika itu perlu dilakukan bukan karena tidak peduli lagi karena cukup kecewa dengan apa yg terjadi maka lebih baik Secukupnya. Welcome 2025.,1874140948168622391,,,in,"Pekalongan, Jawa Tengah",0,0,1,https://x.com/galihrp5095/status/1874140948168622391,1036839149322481664,galihrp5095
1874140943752061251,Tue Dec 31 17:09:55 +0000 2024,0,taun ini mw bleklis lagu galau,1874140943752061251,,,in,,0,0,0,https://x.com/heenamoroll/status/1874140943752061251,1384138458361339918,heenamoroll
1873936674352411087,Tue Dec 31 17:09:54 +0000 2024,0,@atikamldd harus terus semangat dan jangan menyerah,1874140939373162702,,atikamldd,in,"Kota Surabaya, Jawa Timur",0,0,0,https://x.com/ohygil/status/1874140939373162702,1935947137,ohygil
1874140654026346649,Tue Dec 31 17:08:46 +0000 2024,0,ga nyangka 2024 udsh tinggal kenangan aja sedih bgt ,1874140654026346649,,,in,salmine,0,0,0,https://x.com/doraemolor/status/1874140654026346649,1637467826590998528,doraemolor
1874140648779227433,Tue Dec 31 17:08:45 +0000 2024,0,dipikir pikir bonus gue bisa dipake nonton konser svt walaupun hrs nyari tiket tp jir kek bkn orientasi gue jd udh lah ya menyerah untuk bertemu para pemuda tampan tsb,1874140648779227433,,,in,"Bandung, Jawa Barat",0,0,0,https://x.com/showmeaan/status/1874140648779227433,996166378049564672,showmeaan
1874140643095924958,Tue Dec 31 17:08:43 +0000 2024,0,Ganti tahun tapi rasanya sedih,1874140643095924958,,,in,,0,0,0,https://x.com/0haej/status/1874140643095924958,1390646921438453762,0haej
1874140635592352231,Tue Dec 31 17:08:42 +0000 2024,7,teman-teman selamat tahun baru yaa. semoga di tahun ini banyak wishlist yang bisa tercapai. jangan lupa jaga kesehatan dan istirahat kalau sudah lelah nanti kalau sudah kuat lagi baru lanjut! semoga banyak hal baik juga di tahun 2025 ini. https://t.co/CSbVhS5FQ0,1874140635592352231,https://pbs.twimg.com/media/GgJI-chbYAAN1XY.jpg,,in,,0,2,1,https://x.com/biaa__an/status/1874140635592352231,1819011948257894400,biaa__an
1874140635135107455,Tue Dec 31 17:08:41 +0000 2024,1,RESOLUSI DITAHUN 2025 INI BISA MASAK SAYUR PLISSS BGTT CAPE GAGAL MULU MASAK SAYUR APA LAGI KANGKUNG,1874140635135107455,,,in,bamby's heart,0,1,0,https://x.com/alenyappingzone/status/1874140635135107455,1700193121521512449,alenyappingzone
1874140631012110844,Tue Dec 31 17:08:40 +0000 2024,0,kenapa ngeliatin kembang api feelnya malah sedih siih ‍,1874140631012110844,,,in,,0,0,0,https://x.com/YZning__/status/1874140631012110844,1683750955475664898,YZning__
1874139234577289299,Tue Dec 31 17:08:39 +0000 2024,0,@seraphopine resolusi tahun 2025 ga ngomong kasar langsung gagal dlm hitungan menit,1874140623131029614,,seraphopine,in,,0,1,0,https://x.com/ararrrrrr_/status/1874140623131029614,978255495554220033,ararrrrrr_
1874140623030411380,Tue Dec 31 17:08:39 +0000 2024,0,Sedih campur kecewa sih motifnya apa cobaaa sampe bohong begitu... Emang kenapa sih klo jujur ajar baru kemaren ke pantainya. Kan jd su'udzon,1874140623030411380,,,in,,0,0,0,https://x.com/wongayyu/status/1874140623030411380,1820815983055138816,wongayyu
1874140621725913455,Tue Dec 31 17:08:38 +0000 2024,3,Sama! Udah nyari sampe ke jakbar jakpus jaksel jaktim bogor interview offline online gak ada yang lolos. But i did it! Kantor cuma 10 menit dari rumah dan gak petantang petenteng dan bisa kpopan lagi dengan bahagia dan gak cemas https://t.co/27iAo1qsx2,1874140621725913455,https://pbs.twimg.com/media/GgJI9d5awAARhz5.jpg,,in,Jaehyun,0,0,0,https://x.com/Sweetnesscandyy/status/1874140621725913455,1191671835907067909,Sweetnesscandyy
1874140616688636265,Tue Dec 31 17:08:37 +0000 2024,0,Abis liat orang orang idupin kembang api... apa ya gue ngerasa sedih kek gak siap menjalani 2025... kek ya allah berat banget rasanya padahal belom dijalanin...,1874140616688636265,,,in,"Medan, Sumatera utara",0,0,0,https://x.com/97chrs_/status/1874140616688636265,2703575924,97chrs_
1874140605674381611,Tue Dec 31 17:08:34 +0000 2024,0,Kecewa ama shopee,1874140605674381611,,,in,,0,0,0,https://x.com/oakixzshy/status/1874140605674381611,1374330946766340096,oakixzshy
1874140601970729300,Tue Dec 31 17:08:34 +0000 2024,0,bahagia sedih stres frustasi ku di sini semua,1874140601970729300,,,in,,0,0,0,https://x.com/llenvel_/status/1874140601970729300,1739177499396120576,llenvel_
1874139906777166045,Tue Dec 31 17:08:32 +0000 2024,5,@discountfess aku gagal kak https://t.co/6Co28YFbz5,1874140596220420442,https://pbs.twimg.com/media/GgJI8LcaQAAM4xT.jpg,discountfess,in,,0,2,0,https://x.com/queenbeeinhere/status/1874140596220420442,1237184728186245120,queenbeeinhere
1874140596102934540,Tue Dec 31 17:08:32 +0000 2024,0,pertama kali awal tahun baru diawali dengan nangis karena sedih belum bisa achieve,1874140596102934540,,,in,,0,0,0,https://x.com/zahrayuri21/status/1874140596102934540,102937270,zahrayuri21
1874140586527383936,Tue Dec 31 17:08:30 +0000 2024,0,sedih bangett ga ada skrg,1874140586527383936,,,in,,0,0,0,https://x.com/chxoxolateice/status/1874140586527383936,1520574565063168000,chxoxolateice
1873992289212915973,Tue Dec 31 17:08:28 +0000 2024,0,@IrZamaritan kasian itu udh stres bgt,1874140579145335230,,IrZamaritan,in,"Malang, Jawa Timur",0,0,0,https://x.com/butirandebubang/status/1874140579145335230,1139039693037641733,butirandebubang
1874140572853952625,Tue Dec 31 17:08:27 +0000 2024,0,Waktu itu Jisung dibelain Taeyong pas dijahilin Yuta sekarang pasrah aja si adek,1874140572853952625,,,in,,0,0,0,https://x.com/cocamatch/status/1874140572853952625,1468891914501967879,cocamatch
1874140562066202996,Tue Dec 31 17:08:24 +0000 2024,0,kok agak sedihhh yaaa huhuhu di luar rame petasan kayaa feels soo lonely... aku sendirian di dalam kamar :') padahal ya gapapapa bjir!! TAPI TIBA TIBA SEDIHHHH ,1874140562066202996,,,in,she/her,0,0,0,https://x.com/secretsst_4/status/1874140562066202996,1771515158545973248,secretsst_4
1874014701920956917,Tue Dec 31 17:08:22 +0000 2024,0,@lunetfe Galau banget ya ayam nya,1874140554604532078,,lunetfe,in,+62,0,0,0,https://x.com/Nurulhaayati/status/1874140554604532078,1235783468522418176,Nurulhaayati
1874140554478711046,Tue Dec 31 17:08:22 +0000 2024,0,yg ke 21 aku gamau rayain. rasanya tuh sedih nyadar mkin nambah umur. mau balik ke umur belasan aja bisa ga sih,1874140554478711046,,,in,mostly day6 kadang enhypen,0,0,0,https://x.com/thelightion/status/1874140554478711046,1173154534509531137,thelightion
1874140553497239870,Tue Dec 31 17:08:22 +0000 2024,1,happy new year (sedih mau ldr lagi),1874140553497239870,,,in,,0,0,0,https://x.com/arstwikwok/status/1874140553497239870,1584856949744898049,arstwikwok
1874140551920120231,Tue Dec 31 17:08:22 +0000 2024,0,Akhir ini banyak like postingan tentang kitten yang gemes . Kitten dirumah malah mati sedih bangettt akhir tahun malah kitten gw mati Mikiii miss you so bad :'(,1874140551920120231,,,in,Indonesia,0,0,0,https://x.com/IndiePath_/status/1874140551920120231,1856044419893620736,IndiePath_
1874064229935743271,Tue Dec 31 17:08:21 +0000 2024,1,@convomf tahun baruan anak rantau di kos sendirian‍↕️,1874140551093911856,,convomf,in,,0,1,0,https://x.com/anothersidezv/status/1874140551093911856,1823175354254864384,anothersidezv
1874140549953052987,Tue Dec 31 17:08:21 +0000 2024,0,2025 cuma pgn keterima ptn &amp; ga bikin kecewa org org ‍️‍️‍️,1874140549953052987,,,in,,0,2,0,https://x.com/pawsonyouu/status/1874140549953052987,1344199005392105472,pawsonyouu
1874140548996751409,Tue Dec 31 17:08:21 +0000 2024,0,tahun ini gamau jd org yg excited sendirian lg,1874140548996751409,,,in,,0,0,0,https://x.com/ranauranaura/status/1874140548996751409,1721117603433975808,ranauranaura
1874140543036563688,Tue Dec 31 17:08:19 +0000 2024,0,Gue lagi tahun baru di rumah temen gue dan gue sedih banget sampai nangis damn,1874140543036563688,,,in,semi pub-rant. ,0,0,0,https://x.com/nightingers/status/1874140543036563688,1349390583647797249,nightingers
1874140540582977695,Tue Dec 31 17:08:19 +0000 2024,0,end up tengok bunga api kat the curve sebab terlalu kecewa makan dekat portload$:$&amp;:&amp;/ sebenarnya lapar sebab tak beli pape kat portload tu ingat nak makan kat kem kopi but then ayah suruh pergi tengok curve punya bunga api lagi worth it,1874140540582977695,,,in,,0,1,0,https://x.com/unaaahh/status/1874140540582977695,2409844148,unaaahh
1874140539358228529,Tue Dec 31 17:08:19 +0000 2024,0,sebal bgt diketawain mba2 sm mas2 disamping grgr excited sendirian ngeliatin kembang api,1874140539358228529,,,in,,0,0,0,https://x.com/apacobadeh/status/1874140539358228529,1742228349014163457,apacobadeh
1874006908908298259,Tue Dec 31 17:08:18 +0000 2024,0,@bnothill kecewa berat,1874140536178868448,,bnothill,in,minor,0,1,0,https://x.com/jjayyeoll/status/1874140536178868448,1608781630264737793,jjayyeoll
1874140524845928834,Tue Dec 31 17:08:15 +0000 2024,0,TMII ga pernah gagal klo kembang api. Bagussss bgt,1874140524845928834,,,in,BTS,0,0,0,https://x.com/JUNGK00KlEST/status/1874140524845928834,1288466474500161537,JUNGK00KlEST
1874140518785179694,Tue Dec 31 17:08:14 +0000 2024,0,ngl sedih sekali dengan orang orang yang bilang iisma is only for privileged people dan ga ada gunanya. padahal alumni iisma juga bukan baru iisma fighter. udah sedih aja bacanya huftt,1874140518785179694,,,in,,0,0,0,https://x.com/nadfiaz/status/1874140518785179694,1226530059353120768,nadfiaz
1874140504197390675,Tue Dec 31 17:08:10 +0000 2024,8,KOK SEDIH YHHH,1874140504197390675,,,in,"Sleman, Indonesia",0,1,0,https://x.com/intanmumet/status/1874140504197390675,1669494075098271745,intanmumet
1873972427174146421,Tue Dec 31 17:05:58 +0000 2024,1,@nitrvogen @bescybs Kok sedih gini deh tapi makasih banyak kakak itu berlaku buat kamu juga yaa,1874139949232251389,,nitrvogen,in,,0,1,0,https://x.com/zaappang/status/1874139949232251389,1493410859028455425,zaappang
1874139944689819833,Tue Dec 31 17:05:57 +0000 2024,0,sedih tbtb udh 2025.... berasa bgt makin lama makin tua + lebih byk tekanan,1874139944689819833,,,in,,0,0,0,https://x.com/jmrkella/status/1874139944689819833,1666797593568116736,jmrkella
1874098577292877986,Tue Dec 31 17:05:57 +0000 2024,0,@elviyulianthic Dowoon mah pasrah bangettt kak soalnya dia kan tidur pas sungbri makan ayam ,1874139943788044503,,elviyulianthic,in,fromjjiniya,0,1,0,https://x.com/fourever_youngk/status/1874139943788044503,1754795594735063040,fourever_youngk
1874139640716026189,Tue Dec 31 17:05:55 +0000 2024,0,@saarangiz Cieeeee akuuuu- makan croissant segede gaban sendirian ,1874139935311356352,,rylsarang,in, Bebemonsta,0,1,0,https://x.com/Rocra/status/1874139935311356352,4855496289,Rocra
1874139921965080847,Tue Dec 31 17:05:51 +0000 2024,0,tahun baru tapi rasanya sedih banget udah tahun 2025 aja,1874139921965080847,,,in,,0,0,0,https://x.com/asgarbanget/status/1874139921965080847,3274993411,asgarbanget
1874139918869594416,Tue Dec 31 17:05:51 +0000 2024,2,ih sedih udaj 2025 aku lg nemenin eyang skrg nonton tv pgn namgis huhu semoga eyang sehat2 terus dan cepet sembuh aamiin,1874139918869594416,,,in,,0,3,0,https://x.com/ryujintembalang/status/1874139918869594416,1285168177995866113,ryujintembalang
1874139918559306008,Tue Dec 31 17:05:51 +0000 2024,1,Thanks for everything 2024 .. Terimakasih semuanya .. Senang sedih bahagia air mata rasa sehat rasa sakit .. Semoga di 2025 akan jadi tahun bahagia buat kita semua keluarga kita diberi kesehatan dan panjang umur ,1874139918559306008,,,in,she/her,0,0,1,https://x.com/hiarckuniverse/status/1874139918559306008,1780971483554254848,hiarckuniverse
1874139907733815593,Tue Dec 31 17:05:48 +0000 2024,0,aaa berarti tahun ini gw umur 21 sedih banget ,1874139907733815593,,,in,,0,0,0,https://x.com/meliawio/status/1874139907733815593,1600147446969270272,meliawio
1874139905263374731,Tue Dec 31 17:05:47 +0000 2024,0,Thanks for the memory of 2024 good and bad memories you give it to me semoga di tahun ini sisanya cuma bahagia sedikit aja sedih-sedihnya. Sehat selalu keluarga sanak sodara teman-teman tercintaku rezeki lancar aamiin. Happy New Year Wish You All be Happy in this year ️‍,1874139905263374731,,,in,,1,0,0,https://x.com/_candybublue/status/1874139905263374731,1705915364947988480,_candybublue
1874139899856904265,Tue Dec 31 17:05:46 +0000 2024,0,Wadaaww 2024 jujur tahun yg seru sih. Temen2 baru tantangan baru mencoba beberapa hal baru. Doa-doa yg jujur selalu pasrah di akhir tahun 2023 ternyata dijawab lewat moment-moment baik. Semoga 2025 better dan satu yg dipanjatkan terus2an semoga bisa langsung ASN AAMIINN.,1874139899856904265,,,in,,0,0,0,https://x.com/redsrha/status/1874139899856904265,1175978914486738950,redsrha
1874139336540831941,Tue Dec 31 17:05:45 +0000 2024,0,@thisbeemark KAK BELOM DAPETTTT SEDIH AKU NANGIS,1874139893095694601,,thisbeemark,in,,0,0,0,https://x.com/zaeyoonlove/status/1874139893095694601,1447010537317933062,zaeyoonlove
1874139890784625020,Tue Dec 31 17:05:44 +0000 2024,0,Officially 28. Jujur sedih karena sisa umur gue semakin berkurang :(,1874139890784625020,,,in,,0,0,0,https://x.com/ffitaminsea/status/1874139890784625020,838467665165348864,ffitaminsea
1874138195937374225,Tue Dec 31 17:05:43 +0000 2024,0,@M_OlineJKT48 Sebagai seorang idol kamu nggak hanya menghibur tapi juga memberikan inspirasi. Semangatmu untuk terus berkembang dan menghadirkan yang terbaik selalu memotivasi kami para penggemar untuk juga tidak menyerah pada mimpi-mimpi kami.,1874139888603586780,,BarbequeOLine,in,,0,0,0,https://x.com/BarbequeOLine/status/1874139888603586780,1872218030912221184,BarbequeOLine
1874139885701128283,Tue Dec 31 17:05:43 +0000 2024,0,Hiksss makin sedih,1874139885701128283,,,in,jay🌹💗🐈‍⬛🌷,0,0,0,https://x.com/jjongraaa/status/1874139885701128283,1112918817460576256,jjongraaa
1874139885365584385,Tue Dec 31 17:05:43 +0000 2024,0,maaf kalo selalu bikin sedih maaf taun baruan nya jd ga spesial karna cowo satu ini taun baruan nya di bikin gamood karna tingkah cowo ini yang ga jelas maaf yaa ga berkesan bgt sm aku ,1874139885365584385,,,in,"Jakarta Selatan, DKI Jakarta",0,0,0,https://x.com/bryeannnnn/status/1874139885365584385,1871830173722820608,bryeannnnn
1874139880248561722,Tue Dec 31 17:05:41 +0000 2024,2,Tradisi awal tahun Happy New Year guys!!️ Bahagia selalu yaaa kaliann️ semoga tahun ini banyak hal baik yang terjadi. Apa yang terjadi di tahun lalu semoga jadi pelajaran dan evaluasi diri kita untuk menjadi pribadi yang lebih baik di tahun 2025 ini⭐ https://t.co/ZAgzzNiIze,1874139880248561722,https://pbs.twimg.com/media/GgJIScObYAY4r49.jpg,,in,,0,0,0,https://x.com/crushalu/status/1874139880248561722,769449009232556036,crushalu
1874139621246066870,Tue Dec 31 17:04:40 +0000 2024,0,better ku arsipkan dulu.. sedih banget wkwkw,1874139621246066870,,,in,CA/Rant — She/Her Legal!,0,0,0,https://x.com/strsnshine/status/1874139621246066870,703472430220619776,strsnshine
1874139613822148681,Tue Dec 31 17:04:38 +0000 2024,0,jadinya 2025 diawali dengan rasa galau,1874139615671837140,,glurmp,in,,0,0,0,https://x.com/glurmp/status/1874139615671837140,1197864882521030657,glurmp
1874139606947684475,Tue Dec 31 17:04:36 +0000 2024,0,banyak alesan anj ni syopi pengiriman gabisa lah ini lah itulah ujung2 gagal war,1874139606947684475,,,in,kwangya,0,0,0,https://x.com/karinakuning/status/1874139606947684475,1377302388587945985,karinakuning
1874139606754746494,Tue Dec 31 17:04:36 +0000 2024,0,Ini semarang tahun barunya hujan. Sedih kali,1874139606754746494,,,in,Her.,0,0,0,https://x.com/philowcalist/status/1874139606754746494,1579651205630152706,philowcalist
1874139600513647029,Tue Dec 31 17:04:35 +0000 2024,0,UDAH 2025!!!! tp kok sedih ya,1874139600513647029,,,in,she / her 06l,0,1,0,https://x.com/idylleric/status/1874139600513647029,1427673670080602114,idylleric
1874139598659739794,Tue Dec 31 17:04:34 +0000 2024,0,kok tahun baru vibesnya sedih yhh ,1874139598659739794,,,in,forever monday,0,1,0,https://x.com/apaa/status/1874139598659739794,37133954,apaa
1874139598328303757,Tue Dec 31 17:04:34 +0000 2024,0,GUA MAKANNYA SEMENIT GAGAL GA YA? gua ampe huek huek anjir,1874139598328303757,,,in,127•HOLOMOLO25,0,0,0,https://x.com/hcfllsn62/status/1874139598328303757,1864695217221455873,hcfllsn62
1874139597741187548,Tue Dec 31 17:04:34 +0000 2024,0,Agak sedih ga ada Ade Ade aku yg ikut malam tahun baru nemenin mama Krena Ade Ade mama pada dirumah .. ya itu lah hidup proses makin besar kita akan liat banyak yg menghilang sibuk dengan hidupnya,1874139597741187548,,,in,Di Bawah Kamu,0,0,0,https://x.com/lajangdanjalang/status/1874139597741187548,1365945629143429127,lajangdanjalang
1874138454034145696,Tue Dec 31 17:04:34 +0000 2024,0,@risolmozz gatau gw sedih,1874139596130513030,,risolmozz,in,,0,1,0,https://x.com/spicyew/status/1874139596130513030,1721862658704695296,spicyew
1874139591068049458,Tue Dec 31 17:04:32 +0000 2024,0,Kok ada rasa sedih yaa menyambut thn baru,1874139591068049458,,,in,LFC,0,2,0,https://x.com/yourcontrolla/status/1874139591068049458,1592335609363714049,yourcontrolla
1874139165040009643,Tue Dec 31 17:04:32 +0000 2024,1,@chaqueee_ terima kasih juga untuk diriku sendiri yang tidak menyerah sampai hari ini. welcome 2025 resolusi-nya ga muluk muluk cukup melampaui apa yang sudah kita capai di 2024 gaperlu keterlaluan yang penting ada perkembangan. keep on our way,1874139590757666984,,ferdiiar,in,"Semarang, Jawa Tengah",0,0,0,https://x.com/ferdiiar/status/1874139590757666984,1218539118050738176,ferdiiar
1873309422216528104,Tue Dec 31 17:04:32 +0000 2024,0,@cciyiiie @bryndzoveh @shrlooji Kasian bgt yang ga laku dan kesepian https://t.co/49puJ8f4T6,1874139588970897870,https://pbs.twimg.com/media/GgJIBO6bYAICkSE.jpg,cciyiiie,in,,0,1,0,https://x.com/heimlichmaneuv/status/1874139588970897870,1276341826614710272,heimlichmaneuv
1874010221229858967,Tue Dec 31 17:04:30 +0000 2024,0,@lifemessageee karena udah kecewa banget ya,1874139581349785988,,lifemessageee,in,,0,0,0,https://x.com/orilookstore/status/1874139581349785988,447704160,orilookstore
1874139574022398078,Tue Dec 31 17:04:28 +0000 2024,0,Ya Allah kenapa kalau ganti tahun rasanya sedih aja gitu Umur tambah tua pencapaian masih itu-itu saja dan waktu berlalu begitu cepat dari tahun sebelumnya.,1874139574022398078,,,in,"Kota Semarang, Jawa Tengah",0,0,0,https://x.com/letsseeworlds/status/1874139574022398078,395776088,letsseeworlds
1874139572449546490,Tue Dec 31 17:04:28 +0000 2024,0,besok enak nya kemana ya sendirian,1874139572449546490,,,in,,0,1,0,https://x.com/inijakuy/status/1874139572449546490,1541928698261413888,inijakuy
1874139565503783189,Tue Dec 31 17:04:26 +0000 2024,0,2024 such a great year for me walaupun akhir tahun sedikit sedih (boong sedih banget). Tapi super happy karena dari awal tahun ditemenin sama mantanku yang yahud itu yang selalu bersama susah seneng sama aku. Hampir 75% happy aku di tahun ini juga karena dia.,1874139565503783189,,,in,dnf,0,1,0,https://x.com/meihourly/status/1874139565503783189,437280137,meihourly
1874139412914987297,Tue Dec 31 17:03:50 +0000 2024,0,Sangat merasa bersalah klu menikmati langit yang penuh kembang api sementara kucing ku diluar sana ketakutan ,1874139412914987297,,,in,Little Whinging,0,0,0,https://x.com/so_yummyyy/status/1874139412914987297,1613030278573993986,so_yummyyy
1873996196987208109,Tue Dec 31 17:03:50 +0000 2024,0,@jankasikendor sedih banget sih ini,1874139410985607250,,jankasikendor,in,,0,0,0,https://x.com/orilookstore/status/1874139410985607250,447704160,orilookstore
1874139405105193331,Tue Dec 31 17:03:48 +0000 2024,0,masih gemeterannnnn siaaal gabisa nonton kembang api aaaa sedih,1874139405105193331,,,in,,0,0,0,https://x.com/anggitarahaha/status/1874139405105193331,1442414904,anggitarahaha
1874139397022715933,Tue Dec 31 17:03:46 +0000 2024,0,selamat tahun baru semoga tesisku kelar tahun ini. Amen,1874139397022715933,,,in,,0,0,0,https://x.com/mileskv_/status/1874139397022715933,1452069791242481664,mileskv_
1874139393604411420,Tue Dec 31 17:03:45 +0000 2024,0,darderdor suara petasan (kaget),1874139393604411420,,,in,Naraya Shaletta A,0,0,0,https://x.com/toowthless/status/1874139393604411420,785242474339930112,toowthless
1874139390924231080,Tue Dec 31 17:03:45 +0000 2024,5,harusnya seneng ga sih ganti tahun ini mah malah sedih..,1874139390924231080,,,in,,0,9,0,https://x.com/bubbiiieuu/status/1874139390924231080,1428143806474448897,bubbiiieuu
1874139389921767817,Tue Dec 31 17:03:45 +0000 2024,0,Gw takut sm suara ledakan kembang api ini mana gw sendirian lagi first time dalam hidup gw tahun baru sendirian l,1874139389921767817,,,in,,0,0,0,https://x.com/mhduhita/status/1874139389921767817,1544344227848790017,mhduhita
1873727697584857107,Tue Dec 31 17:03:44 +0000 2024,0,@kaedescara AKU BARU LIAT INI HEHEH AAMIIN MAKASII YA SAYANG semoga kamu mimpi liat ivantill menikah,1874139388722242007,,kaedescara,in,"unlabeled, legal.",0,0,0,https://x.com/pingksan/status/1874139388722242007,1771932636732346368,pingksan
1874139374721646709,Tue Dec 31 17:03:41 +0000 2024,0,First time tahun baru sendirian gua,1874139374721646709,,,in,xxx,0,0,0,https://x.com/greyeunoia/status/1874139374721646709,965921643561304064,greyeunoia
1874139371613675896,Tue Dec 31 17:03:40 +0000 2024,2,harapan 2025 ibadah dikencengin kerjaan dimatengin finansial distabilin niat baik diwujudin galau-galauan diilangin.,1874139371613675896,,,in,Radiator Springs Route 66,0,0,0,https://x.com/amiphuu/status/1874139371613675896,502661922,amiphuu
1874139369092899093,Tue Dec 31 17:03:40 +0000 2024,0,Gagal semua,1874139369092899093,,,in,,0,0,0,https://x.com/AidinarP/status/1874139369092899093,1589346052494479360,AidinarP
1874139346787590618,Tue Dec 31 17:03:34 +0000 2024,0,denger kembang api bukannya seneng gue malah sedih,1874139346787590618,,,in,,0,0,0,https://x.com/positipiti/status/1874139346787590618,940601197,positipiti
1874139342098334070,Tue Dec 31 17:03:33 +0000 2024,0,Gagal w makan anggur di bawah meja 22 detik itu. Semenit aja ga kelar ,1874139342098334070,,,in,"KPOP, GENSHIN, LILIN, REPEAT",0,0,0,https://x.com/KLEEyengan/status/1874139342098334070,936962809023184898,KLEEyengan
1874138623249096730,Tue Dec 31 17:03:33 +0000 2024,0,@hanzamerta SLAMAT BERTAHAN HIDUP GUSY /sedih,1874139340949119129,,hanzamerta,in,🇮🇩,0,0,0,https://x.com/piepinn/status/1874139340949119129,1391372873126715392,piepinn
1874139340592521714,Tue Dec 31 17:03:33 +0000 2024,3,Aku gabisa ngucapin apa apa selain terimakasih sudah mau menemani aku di tahun kemarin dan tolong tetap terima aku di tahun ini juga ya kalian dan tentu saja aku sudah sangat hebat bisa bertahan untuk tidak menyerah dan terus berjuang demi mewujudkan mimpi yg tertunda,1874139340592521714,,,in,"Shiogama-shi, Miyagi",0,0,0,https://x.com/watashituaku/status/1874139340592521714,1261302714643824640,watashituaku
1874139334770909687,Tue Dec 31 17:03:31 +0000 2024,0,Makasih kaga new year sendirian gue malem ini https://t.co/WTJzQecTLj,1874139334770909687,https://pbs.twimg.com/media/GgJHyuMbYAQ3-k1.jpg,,in,Anaknya bapak Andi,0,0,0,https://x.com/SirJeonjjk/status/1874139334770909687,1797328688859815936,SirJeonjjk
1874066584941281739,Tue Dec 31 17:03:29 +0000 2024,2,@OposisiCerdas Tampang cemas tdk bs disembunyikan,1874139325023346911,,OposisiCerdas,in,,0,0,0,https://x.com/AyahSyafar/status/1874139325023346911,792032600143441920,AyahSyafar
1874139310313922732,Tue Dec 31 17:03:26 +0000 2024,0,pokoknya taun ini kamu cuma boleh bahagia ya han gaboleh sedih sedih lagi,1874139310313922732,,,in,🐈‍⬛️ ,0,0,0,https://x.com/hongjjanggus/status/1874139310313922732,1173278773958955008,hongjjanggus
1874139305121288420,Tue Dec 31 17:03:24 +0000 2024,0,sedih ya cok (dikit),1874139305121288420,,,in,,0,1,0,https://x.com/ocello0o/status/1874139305121288420,1733844972313649152,ocello0o
1874138524670407000,Tue Dec 31 17:03:24 +0000 2024,0,@minwonisius boi sedih gweh ,1874139302093087155,,minwonisius,in,🛋🛏️,0,1,0,https://x.com/kimmingguri/status/1874139302093087155,1169219815296225281,kimmingguri
1874139156919837044,Tue Dec 31 17:02:49 +0000 2024,1,Happy new year guys semoga apa yang kalian inginkan bisa tercapai semuanya di tahun 2025. Aamiin,1874139156919837044,,,in,,0,0,0,https://x.com/sunflolla/status/1874139156919837044,1139355549525393408,sunflolla
1874119865323446590,Tue Dec 31 17:02:48 +0000 2024,0,@jayzpedia REVIEW JUJUR SANGAT SUSAH tahun depan gak lagi lagi sepertinya gagal,1874139153279180900,,jayzpedia,in,she,0,1,0,https://x.com/avocandoy/status/1874139153279180900,1531553312209633281,avocandoy
1874138700579541422,Tue Dec 31 17:02:47 +0000 2024,0,@i_m_mortal_ sedih bgt sempet loading pas pilih voc,1874139149789520134,,i_m_mortal_,in,all around the world,0,0,0,https://x.com/littlecosmicgal/status/1874139149789520134,800320981,littlecosmicgal
1874139147491041593,Tue Dec 31 17:02:47 +0000 2024,0,happy new year moots wlaw kita dh jarang interact.. hums sedih,1874139147491041593,,,in,atiny,0,0,0,https://x.com/Poaradigm/status/1874139147491041593,1390609301278912514,Poaradigm
1874139139849019846,Tue Dec 31 17:02:45 +0000 2024,0,Udah 2025 kenapa aku sedih? alhamdulillah masih dikasih rezeki bernafas dengan baik,1874139139849019846,,,in,Indonesia,0,0,0,https://x.com/chirajoon/status/1874139139849019846,1046379197231333381,chirajoon
1874139133586870649,Tue Dec 31 17:02:43 +0000 2024,0,sedih jir aku ga bisa ikut puasa rajab soalnya baru red day kemarin lusa,1874139133586870649,,,in," rl thingy, dnf/dnss‼️",0,1,0,https://x.com/cryzstall/status/1874139133586870649,1810259333596471296,cryzstall
1874139133012300239,Tue Dec 31 17:02:43 +0000 2024,0,Di tahun 2025 gua ga mau berharap lebih selebih nya cuman bisa pasrah dan semoga gua di tahun ini di kasih kesempatan buat memperbaiki kesalahan di tahun kemaren #I just act and I don't know where I'm going,1874139133012300239,,,in,Galaksi Bima Sakti,0,0,0,https://x.com/PellYudi/status/1874139133012300239,1578367346389012481,PellYudi
1874139128956412143,Tue Dec 31 17:02:42 +0000 2024,9,Happy New Year Semoga 2025 lelah kita menjadi 1M ya by jangan lupa bahagia kalian semua ,1874139128956412143,,,in,she/her ❀ 20+ ,0,1,0,https://x.com/punyakazuya/status/1874139128956412143,1828681412805029889,punyakazuya
1874139087990644914,Tue Dec 31 17:02:41 +0000 2024,0,Sedih banget,1874139122438476239,,Charlx_e,in,,0,0,0,https://x.com/Charlx_e/status/1874139122438476239,1714298393303101440,Charlx_e
1874139120760742171,Tue Dec 31 17:02:40 +0000 2024,0,kok gue sedih ya 2024 berakhir : (,1874139120760742171,,,in,"25, is best. 🔞",0,2,0,https://x.com/suiecide/status/1874139120760742171,764127551304273920,suiecide
1874139119842189346,Tue Dec 31 17:02:40 +0000 2024,0,huhuhuhu sedih bgt biasanya tgl 31 nonton ini ,1874139119842189346,,,in,she/her 06's,0,0,0,https://x.com/hyunjinrawrr/status/1874139119842189346,1303849578781798400,hyunjinrawrr
1874139117220749498,Tue Dec 31 17:02:40 +0000 2024,1,Ga bisa berkata-kata aku tuh setiap nonton video mereka begini. Happy banget tapi bercampur sedih pengen ada diantara fans yang lain yang nontonin mereka secara langsung.. a pokonya sedih banget gak bisa lihat secara face to face hanya bisa lihat dari hape gini...️ https://t.co/EOiq1MmYQS,1874139117220749498,https://pbs.twimg.com/ext_tw_video_thumb/1874139039798091778/pu/img/Yj7gErGx5IQOQik8.jpg,,in,"Papua Barat, Indonesia",1,0,0,https://x.com/EkiAmelia3/status/1874139117220749498,1329656833569484800,EkiAmelia3
1874139102725165075,Tue Dec 31 17:02:36 +0000 2024,0,Kucingku pada stres suara kembang api :(,1874139102725165075,,,in,,0,0,0,https://x.com/alifabcdefg/status/1874139102725165075,1548329901106688003,alifabcdefg
1874139097444606288,Tue Dec 31 17:02:35 +0000 2024,0,WELCOME NEW LIFE 2025 slamat tinggal hidup penuh dngan masalah kesedihan dan lelah di 2024 jngan ktemu gua lagi ya #HappyNewYear2025,1874139097444606288,,,in,Hoshi.Haechan,0,0,0,https://x.com/y_hhnunaa/status/1874139097444606288,734936153363648512,y_hhnunaa
1874139093623542167,Tue Dec 31 17:02:34 +0000 2024,0,Aneh banget biasanya taun baruan chill banget ini kenapa nangis bombay Apa karena sendirian ga dirumah ga sama keluarga literally sendiri di kamar kosan. Anjirlah sedihnya ada banget ,1874139093623542167,,,in,,0,0,0,https://x.com/feb9518/status/1874139093623542167,2368538167,feb9518
1874139090242986009,Tue Dec 31 17:02:33 +0000 2024,0,gw beneran se gabisa natap langit bgt yaallah kyk gelisah sendiri,1874139090242986009,,,in,,0,1,0,https://x.com/firemisfhii/status/1874139090242986009,1688751380583120896,firemisfhii
1874138892745814383,Tue Dec 31 17:02:31 +0000 2024,0,biar ga sedih ya ky dulu dia sempet curcol ke mantannya cedih nda ada yg ucapin dr keluarga krn itu HARAM BRO WHAT DO U EXPECT after moving to salafi schools,1874139082936508689,,ehsendirianaja,in,x,0,0,0,https://x.com/ehsendirianaja/status/1874139082936508689,1863964413994393600,ehsendirianaja
1874139064821309713,Tue Dec 31 17:02:27 +0000 2024,0,Udah tahun baru (lagi) aja perasaan baru kemarin tahun barunya sendirian dikos gaada siapa siapa lagi lihatin kembang api dibalkon kos Tapi 2024 mantappppp masih bertahan sampe sekarang dan gila adalah pencapaian terbesar ditahun 2024. Happy new year 2025 ,1874139064821309713,,,in,,0,0,0,https://x.com/jajan2000/status/1874139064821309713,1140628092265717760,jajan2000
1874024147212509435,Tue Dec 31 17:02:26 +0000 2024,0,@ofcstoredress coba lagi kalau gagal,1874139061302255669,,ofcstoredress,in,,0,0,0,https://x.com/cacagula/status/1874139061302255669,1326796441,cacagula
1874138670728700104,Tue Dec 31 17:01:07 +0000 2024,0,Kira (dan tiga asisten beban) vs Near &amp; Mello (dan tim yang sangat bisa diandalkan). Agak kecewa sebetulnya apalagi Near terkesan terlalu mudah menyelesaikan semua pertanyaan dan menarik kesimpulan dengan tepat tanpa keliru. Dia punya banyak privilese dari kerja keras L ,1874138729616642209,,lembarperkamen,in,,0,1,0,https://x.com/lembarperkamen/status/1874138729616642209,1872679701464199168,lembarperkamen
1874011339028623698,Tue Dec 31 17:01:06 +0000 2024,0,@chikalofbatagor sudah di hapus cika syg,1874138726248702322,,chikalofbatagor,in,"unlabeled, legal.",0,0,0,https://x.com/pingksan/status/1874138726248702322,1771932636732346368,pingksan
1874138459943952563,Tue Dec 31 17:01:04 +0000 2024,0,*dr aku yg sendirian di rumah denger petasan yg sgt darderdor di luar sambil ngestalkin linked in org org,1874138717683851701,,xxvshan,in,,0,0,0,https://x.com/xxvshan/status/1874138717683851701,1370465167562051585,xxvshan
1874138713820971268,Tue Dec 31 17:01:03 +0000 2024,0,sedih,1874138713820971268,,,in,,0,0,0,https://x.com/emauelideyea/status/1874138713820971268,1437046540829220865,emauelideyea
1874137062041116775,Tue Dec 31 17:01:03 +0000 2024,0,Kalo lagi sedih alay banget aku pasti ntar di masa mendatang kalo baca ini geli wkwk,1874138711925153821,,yarahyanor,in,"East Borneo, Indonesia",0,0,0,https://x.com/yarahyanor/status/1874138711925153821,1102517264220282880,yarahyanor
1874138700407247251,Tue Dec 31 17:01:00 +0000 2024,0,Selamat Tahun Baru 2025! Persiapkan diri untuk menapaki jejak langkah baru asa baru dan semangat baru. Jangan pernah menyerah meski mimpi dan harapan belum terwujud. #eddywijaya #edshareon #quote #tahunbaru #tahunbaru2025 #harapan #sukses #itu #hanya #masalah #waktu https://t.co/ynTI2CDyzk,1874138700407247251,https://pbs.twimg.com/media/GgEV_xZbYAMsvmy.jpg,,in,,0,0,0,https://x.com/EdshareON/status/1874138700407247251,1694952114051821569,EdshareON
1874138698201383231,Tue Dec 31 17:01:00 +0000 2024,0,2025 nanti udah lebih banyak yang meluk dan ngerangkul. (janji sama diri sendiri harus ditepatin yaaa) ga boleh bikin kecewa lagi pokonya !!!!,1874138698201383231,,,in,,0,0,0,https://x.com/ninuninanana/status/1874138698201383231,1740951717389434880,ninuninanana
1874053487572775043,Tue Dec 31 17:00:59 +0000 2024,0,@NANNAAOOO yaampun sedih ,1874138694762033401,,NANNAAOOO,in,,0,0,0,https://x.com/l0velyroese/status/1874138694762033401,1810932409195712515,l0velyroese
1874138693596045813,Tue Dec 31 17:00:59 +0000 2024,0,selamat taun baru 2️⃣0️⃣2️⃣5️⃣ sekian kalinya taun baru sendirian ga ngapa'in semoga masih kuat menjalani sisa hidup ,1874138693596045813,,,in,land of dawn,0,0,0,https://x.com/nagiseishiro97/status/1874138693596045813,3152566994,nagiseishiro97
1874138692404863442,Tue Dec 31 17:00:58 +0000 2024,7,happy newyear moots kuu aku ngerayain di kamar aja karna ga ada yang spesial dipergantian tahun ini. aku malah sedih harus bertambah umurnya ️ tapi semoga tahun ini menjadi tahun terbaik kita dibanding tahun² sebelumnya ya ️,1874138692404863442,,,in,not collector,0,4,0,https://x.com/roserecette/status/1874138692404863442,1867985671941750784,roserecette
1874064282998235260,Tue Dec 31 17:00:57 +0000 2024,0,@fleureclisse @tubirfess Exnya depresi trs masih punya otak buat nyelingkuhin org disaat org kalo diselingkuhin jg bisa jd depresi?,1874138687220703347,,fleureclisse,in,mom of 10+1,0,1,0,https://x.com/raasayshi/status/1874138687220703347,1204090006790262787,raasayshi
1874138684922184153,Tue Dec 31 17:00:56 +0000 2024,0,sedih tau,1874138684922184153,,,in,,0,0,0,https://x.com/louvingmark/status/1874138684922184153,1415604638502449153,louvingmark
1874138666291126740,Tue Dec 31 17:00:56 +0000 2024,0,ps: yg ga ada di foto + vid recap moots jgn sedih ! soalnya aku sayang SEMUA mutzz kuu! ^0^ soon aku bikin template kek gini lagii kokk! thank u yaa udah mau berteman dan menemaniku di sepanjang tahun 2024! ,1874138681113796691,,mizuviece,in,sʜᴇ ⋆𐙚₊ ʜᴇʀ — 𝗜𝗡𝗙𝗝˙˖ ᯓ★,0,0,0,https://x.com/mizuviece/status/1874138681113796691,1475490991767363584,mizuviece
1874138680937594952,Tue Dec 31 17:00:56 +0000 2024,0,APASIHH KOK SEDIH BANGETTT DENGER PETASAN,1874138680937594952,,,in,,0,0,0,https://x.com/hwanyoomiie/status/1874138680937594952,1703410293307805696,hwanyoomiie
1874138678215540739,Tue Dec 31 17:00:55 +0000 2024,3,Hepi niu yir shbt smg kita semua sehat,1874138678215540739,,,in,far away,0,3,0,https://x.com/gorgoeuss/status/1874138678215540739,1813263485079592962,gorgoeuss
1874107458295390349,Tue Dec 31 17:00:55 +0000 2024,0,@meinmokhtar carsome bole beli kereta kita ke kalau belum habis bayar?,1874138677049450858,,meinmokhtar,in,,0,1,0,https://x.com/HannaGelisah/status/1874138677049450858,1160894891880112128,HannaGelisah
1874138676391010397,Tue Dec 31 17:00:54 +0000 2024,0,sedih bgt tahun baru,1874138676391010397,,,in,interior design fsrd,0,1,0,https://x.com/KAEDHR29/status/1874138676391010397,1322087405101309957,KAEDHR29
1874138669826925020,Tue Dec 31 17:00:53 +0000 2024,8,HAPPY NEW YEAR 2025!!!! seneng bgt di 2024 ini bisa bnykk bertemu dgn teman2 baru jgn lelah utk berbuat kebaikan ya guys!! thankyou udh nemenin ak gk nyangka udh 1 tahun gk ngetweet semoga aku bisa bertemu dgn lebih banyak orang &amp; membuat pengalaman baru love u guys sm ,1874138669826925020,,,in,Earth,0,1,0,https://x.com/N_Nataliee3/status/1874138669826925020,1503173441796464641,N_Nataliee3
1874138583646486612,Tue Dec 31 17:00:33 +0000 2024,0,Aku juga minta maaf kalau aku ada kesalahan yang disengaja maupun tidak disengaja.... Kalau selama ini ternyata ada ketikan aku yang buat kalian sakit hati sedih tersinggung ataupun engga nyaman aku minta maaf ya guiys,1874138587928944735,,pacar3nnn,in,di samping Bang Thana ,0,0,0,https://x.com/pacar3nnn/status/1874138587928944735,1579706690874015745,pacar3nnn
1874138578680504565,Tue Dec 31 17:00:31 +0000 2024,2,Selamat tahun baru @AdelRevaaa semoga makin bahagia selalu sehat dan makin sukses dikarir mu sekarang. Terima kasih 2024 nya bahagia ataupun sedih!,1874138578680504565,,,in,8,0,0,0,https://x.com/giraffecte/status/1874138578680504565,1494481290133131265,giraffecte
1874124063943385459,Tue Dec 31 17:00:30 +0000 2024,0,@flordellirio GA GA GA LAGU GALAU ITU,1874138574637113845,,flordellirio,in,,0,0,0,https://x.com/warw3rw0rr/status/1874138574637113845,1765751232612974592,warw3rw0rr
1874105688148107298,Tue Dec 31 17:00:30 +0000 2024,0,@HOTDESlRE ᅠ Dengan kepergiannya kala itu tangisan sedu dan raungan nestapa mengisi ruang hampa bersamaan dengan menjauhnya mobil Zidane dan turunnya rinai deras yang mengguyur bumi di malam tahun baru. Kali ini Zidane meninggalkannya. ᅠ,1874138573018194055,,oceansnoir,in,,0,1,1,https://x.com/oceansnoir/status/1874138573018194055,186859595,oceansnoir
1874138568630960216,Tue Dec 31 17:00:29 +0000 2024,0,Terima kasih juga kepada diriku sendiri yg bisa bertahan di tahun 2024 tahun ini aku hampir menyerah di pendidikan tapi usaha doa serta ucapan keras dari keluarga bisa membantuku menyelesaikan pendidikan pas 4 tahun Semangat untuk semuanya yang masih berjuang,1874138571390803991,,fhnmandaxx,in,Indonesia,0,1,0,https://x.com/fhnmandaxx/status/1874138571390803991,1059950281,fhnmandaxx
1874138569339781324,Tue Dec 31 17:00:29 +0000 2024,2,happy new year semuanyaa sayangkuu semoga di tahun 2025 ini kita happy terus ya jangan sedih ,1874138569339781324,,,in,arsip 》,0,0,0,https://x.com/rabbitwlfie/status/1874138569339781324,1701485844409069568,rabbitwlfie
1873909970452021594,Tue Dec 31 17:00:28 +0000 2024,0,@GSPEnts Hm. Dr saya ninggalin 2024 itu berat. Istilahnya apa ya... We need to grow up tp belum siap terus. Sampai mikir sampai kapan mau gini terus? muter di kepala. Tapi ya udah. Welcome 2025.. Sedih senang just temporary. We listen we dont judge next tweet,1874138567460667701,,GSPEnts,in,Contact Person ➡️,0,1,0,https://x.com/im_Linyi/status/1874138567460667701,2868313125,im_Linyi
1874138556761071955,Tue Dec 31 17:00:26 +0000 2024,0,ko sedih ya ,1874138556761071955,,,in,,0,0,0,https://x.com/whovry/status/1874138556761071955,932767479771947009,whovry
1874138554923966932,Tue Dec 31 17:00:25 +0000 2024,0,sedih tahun baru sudah nggak lagi sama gapapa belajar untuk mengikhlaskan,1874138554923966932,,,in,"bts,svt,illit ♡ patpran ⑅˚₊",0,0,0,https://x.com/arezau/status/1874138554923966932,2193792109,arezau
1874138542173220871,Tue Dec 31 17:00:22 +0000 2024,0,Happy New Year Guys Semoga Tuhan Bimbing Kita Terus Untuk Maju Dan Tak mengenal Menyerah Terus Maju untuk Masa depan yg Lebih Baik #HappyNewYear2025 #Islam https://t.co/qZd05H7tBE,1874138542173220871,https://pbs.twimg.com/ext_tw_video_thumb/1874138503061372928/pu/img/5UmKgQA8RalInZtJ.jpg,,in,Indonesia,0,0,0,https://x.com/Sonic_Zephyr62/status/1874138542173220871,1839677620541366272,Sonic_Zephyr62
1874138540780773821,Tue Dec 31 17:00:22 +0000 2024,0,2025 kompetensi kontrol emosional aku semakin indah dan smooth. bukan perihal amarah saja emosi kecewa sedih bahkan bahagia yang tidak berlebihan. ingin semakin seimbang unsur kehidupan &lt;3,1874138540780773821,,,in,,0,0,0,https://x.com/ikanikanlembut/status/1874138540780773821,1392390151481954305,ikanikanlembut
1874138537303695428,Tue Dec 31 17:00:21 +0000 2024,1,happy new year bocah bocah kesepian,1874138537303695428,,,in,"Jakarta Capital Region, Indonesia",0,4,0,https://x.com/sincheri/status/1874138537303695428,781000026654928896,sincheri
1874138516638302552,Tue Dec 31 17:00:16 +0000 2024,0,belum pape dah sedih dah tapi takpelah life must go on,1874138516638302552,,,in,,0,0,0,https://x.com/gadisjelit4/status/1874138516638302552,1049599062,gadisjelit4
1874138512444006424,Tue Dec 31 17:00:15 +0000 2024,0,Mengawali 2025 dengan sek aku ngising ,1874138512444006424,,,in,,0,0,0,https://x.com/pengumpulgalau/status/1874138512444006424,1622532161172824065,pengumpulgalau
1874138512263676099,Tue Dec 31 17:00:15 +0000 2024,1,kmu knpa manis bgt yh ih NANGIS NII huhuuuu syg chaca banyak banyakk AAAAAAAAAAA g tau deh aq terharu terimakasi kembali chaca sayangkuu semoga 2025 banyak happynya yh nnti klo lgi sedih kita sambat aja bareng dsini iyh wuvyuuuuu ,1874138512263676099,,,in,Hufflepuff ,0,1,0,https://x.com/sfxtyls/status/1874138512263676099,1328950256197902336,sfxtyls
1874137113895350438,Tue Dec 31 16:54:42 +0000 2024,0,Sedih banget.,1874137113895350438,,,in,Japan,0,0,0,https://x.com/aesthified/status/1874137113895350438,1783830428975345664,aesthified
1873972517737816145,Tue Dec 31 16:54:42 +0000 2024,0,@islah_bahrawi Kan pake pengacara.. coba hartanya semua di sita.. jika terbukti bersalah..,1874137113828221247,,islah_bahrawi,in,jakarta,0,0,0,https://x.com/wahyu_sulistio/status/1874137113828221247,476656864,wahyu_sulistio
1874118920053112854,Tue Dec 31 16:54:37 +0000 2024,0,@hawraeith semoga beneran engga sedih ya kak buat ke depannya,1874137093011829093,,hawraeith,in,hyunsung jeongseo ♡,0,0,0,https://x.com/rcxflower/status/1874137093011829093,1504014423865774080,rcxflower
1874137064238965022,Tue Dec 31 16:54:30 +0000 2024,1,Malah sedih tai,1874137064238965022,,,in,,0,2,0,https://x.com/honeyylime/status/1874137064238965022,1252550286452785152,honeyylime
1874137057326752120,Tue Dec 31 16:54:28 +0000 2024,0,kenapa sedih banget dah,1874137057326752120,,,in,NEOCITY,0,0,0,https://x.com/jaewpizz/status/1874137057326752120,1697955399167873024,jaewpizz
1874137055397372234,Tue Dec 31 16:54:28 +0000 2024,0,sedih bgt,1874137055397372234,,,in,free palestine,0,0,0,https://x.com/bvtterrcupp/status/1874137055397372234,967949610,bvtterrcupp
1874129049469280318,Tue Dec 31 16:54:26 +0000 2024,0,@fullsun_ia GALAU BERAT BJIRR ah akainu anjing,1874137045834297720,,fullsun_ia,in,,0,0,0,https://x.com/mengkuroo/status/1874137045834297720,1513114678498820097,mengkuroo
1874137043690995911,Tue Dec 31 16:54:25 +0000 2024,0,Jinwoo beneran butuh banyak bantuan sedih banget gue ,1874137043690995911,,,in,LUCY ISLAND,0,0,0,https://x.com/bit10vely/status/1874137043690995911,1403961927278030848,bit10vely
1874137038804705379,Tue Dec 31 16:54:24 +0000 2024,0,Ikutan sedih karena gua lebih tua 2 bulan dari unak ,1874137038804705379,,,in,Twiceland,0,0,0,https://x.com/gyuvinpadang/status/1874137038804705379,1591764439480832000,gyuvinpadang
1874136906898039048,Tue Dec 31 16:54:24 +0000 2024,0,@englishfess_ mins ak pasrah dakh,1874137037252813091,,englishfess_,in,,0,0,0,https://x.com/tytnphile/status/1874137037252813091,786688394512531457,tytnphile
1874116769302163784,Tue Dec 31 16:54:20 +0000 2024,0,@Dialupanama aku udah all in ke sylus dah gabisa top up jadi pasrah banget semoga pulang yawa,1874137022933459156,,Dialupanama,in,@ 's sbt acc,0,1,0,https://x.com/fleuvery/status/1874137022933459156,1433379075293278209,fleuvery
1874137021863911918,Tue Dec 31 16:54:20 +0000 2024,0,Untungnya dia mau nemenin kalo gak bakal kesepian dan kepikiran terus aku makasih buat effort mu yg besar jarak jauh bahkan hujan juga ditrabas aja️ https://t.co/7N6pFE3L3S,1874137021863911918,https://pbs.twimg.com/media/GgJFjGAaoAAgb09.jpg,,in,"yeontae, jjukkyu",0,0,0,https://x.com/yeonjuniewife/status/1874137021863911918,1311648228962570240,yeonjuniewife
1873960495914643949,Tue Dec 31 16:54:19 +0000 2024,0,@gayung_aer gak ada musik hampa banget rasanya,1874137017271083414,,gayung_aer,in,Isekai,0,0,0,https://x.com/Moohd_Ilham/status/1874137017271083414,1640699580,Moohd_Ilham
1874137015626981809,Tue Dec 31 16:54:18 +0000 2024,1,Berterima kasih kepada 2024 Aku banyak belajar Banyak hal terjadi di tahun ini Dari sedih bahagia takut dan segala emosi lainnya Jadilah lebih baik wahai aku,1874137015626981809,,,in,,0,0,0,https://x.com/ndekisekk/status/1874137015626981809,1408439695067947015,ndekisekk
1874137015043973285,Tue Dec 31 16:54:18 +0000 2024,0,lelah ckali hari ini,1874137015043973285,,,in,,0,0,0,https://x.com/keykaikeisly/status/1874137015043973285,1592722606775447553,keykaikeisly
1874137005761990890,Tue Dec 31 16:54:16 +0000 2024,1,TERAKHIR!!!! ketua janji di 2025 tidak akan galau-galau lagi https://t.co/yoFLglr3JC,1874137005761990890,https://pbs.twimg.com/media/GgJFrMibAAAuA1Y.jpg,,in,historia'24,0,1,0,https://x.com/gumapusing/status/1874137005761990890,3221280644,gumapusing
1874136996761018573,Tue Dec 31 16:54:14 +0000 2024,0,God help me. Isn't to much for me? I can't handle this anymore. Kenapa rasanya sedih banget ya pergantian tahun kali ini rasanya nyesek dan bener bener masih ketinggalan di 2024 the memories....,1874136996761018573,,,in,del adel,0,0,0,https://x.com/minjibatak/status/1874136996761018573,1769336034675052544,minjibatak
1874123774981005563,Tue Dec 31 16:53:46 +0000 2024,0,@yamsbby hepi niw yir juga cintaku,1874136879320461802,,gesuguto,in,"unlabeled, legal.",0,1,0,https://x.com/pingksan/status/1874136879320461802,1771932636732346368,pingksan
1874136874425741422,Tue Dec 31 16:53:45 +0000 2024,37,Gua merasa 2024 cukup berat tapi kenal kalian disini bikin semuanya terasa lebih ringan. So thank you so much for being my friends. Tolong sehat selalu ya semoga tahun berikutnya banyak hal baik buat kita semua. Sedih dan sakitnya dihilangnya. Tolong tetap bertahan!,1874136874425741422,,,in,DNF. DNS. DNSS,0,0,8,https://x.com/Maldevvan/status/1874136874425741422,1788897007010197504,Maldevvan
1873987604041130248,Tue Dec 31 16:53:43 +0000 2024,0,@polixci galau gabit gmn ddh,1874136867932938321,,polixci,in,,0,0,0,https://x.com/kerasbos29/status/1874136867932938321,76617387,kerasbos29
1874135956099653939,Tue Dec 31 16:53:41 +0000 2024,0,@rasyaaaashhhh SEDIH BGTTTT,1874136858999087609,,rasyaaaashhhh,in,5almine,0,1,0,https://x.com/cegiluhuy/status/1874136858999087609,1601833079886458880,cegiluhuy
1874136308228251976,Tue Dec 31 16:53:40 +0000 2024,0,2024 ya lumayanlah walau ada stres-stresnya juga ,1874136854452461809,,babygyuwie,in,kinda selective.,0,0,0,https://x.com/babygyuwie/status/1874136854452461809,1323780202774687744,babygyuwie
1874136773938602181,Tue Dec 31 16:53:39 +0000 2024,0,@englishfess_ Pasrah ya Allah,1874136850979492148,,englishfess_,in,,0,0,0,https://x.com/satulusnara/status/1874136850979492148,1350127133130014722,satulusnara
1874136846491656469,Tue Dec 31 16:53:38 +0000 2024,6,Terimakasih atas Kerja kerasmu di Tahun 2024 ini @C_OnielJKT48 Trmksh sudah Menjadi Alasan aku Untuk Terus Mengagumimu hingga hari ini Jgn lupa slalu Percaya diri Percaya Proses jgn Pantang Menyerah &amp; Raih semua keinginanmu yg belum Tercapai Happy New Year Myluv https://t.co/jRZDS3xVKJ,1874136846491656469,https://pbs.twimg.com/media/GgJFh3WaAAANNdw.jpg,,in,,0,1,0,https://x.com/RofiFjkt/status/1874136846491656469,1727950740931678208,RofiFjkt
1874113109440553429,Tue Dec 31 16:53:38 +0000 2024,0,@insomniaczs Galau anjirrr seneng akhirnya dia nikah tapi sedih anjir ditinggal nikah ,1874136845082317136,,insomniaczs,in,,0,1,0,https://x.com/_vermell/status/1874136845082317136,762252862822846464,_vermell
1874118382834053520,Tue Dec 31 16:53:37 +0000 2024,0,@xcgydt ayo bangun udah 2029 nih,1874136841672356211,,xcgydt,in,"Kota Semarang, Jawa Tengah",0,1,0,https://x.com/TertawaGelisah/status/1874136841672356211,1716286414017753088,TertawaGelisah
1874136837293555935,Tue Dec 31 16:53:36 +0000 2024,0,Akhir tahun 2023 aku gk tahun baruan di rumah soalnya nonton konser sama sepupu ternyata gk cocok di aku yg biasa di rumah tbtb konseran bikin pusing ya walaupun seru mksh bnyk ya kak. Tapi ada sedih di sela-sela petasan nyala soalnya inget bgt 2thn lalu tahun baruan-,1874136837293555935,,,in,Rumah sakit jiwa ,0,1,0,https://x.com/emihsakura/status/1874136837293555935,2290689764,emihsakura
1874136834240110901,Tue Dec 31 16:53:35 +0000 2024,7,Iyaa tahun ini aku berenti manggil dia buzz cut gagal ,1874136834240110901,,,in,Indonesia 🇮🇩,0,1,0,https://x.com/BarcaaInside/status/1874136834240110901,1709915937330335744,BarcaaInside
1874136815709675898,Tue Dec 31 16:53:35 +0000 2024,10,ngomong serius ke hobin cincin ini tuh buat kamu bin. yang aku lakuin kemaren sama sekretaris aku itu cuman latihan. soalnya aku gamau gagal pas ngelamar kamu. tapi ternyata beneran gagal planningnya. hobin bingung. makin bingung liat memar di bibir taejin bekas dia kemaren.,1874136832176513031,,gimmegimmyluv,in,salty & homophobic stay away❗,1,1,0,https://x.com/gimmegimmyluv/status/1874136832176513031,1679817074246582274,gimmegimmyluv
1873992314223464689,Tue Dec 31 16:53:35 +0000 2024,0,@ayubsr Pasrah aja deh,1874136831828345199,,ayubsr,in,,0,0,0,https://x.com/indocringe_/status/1874136831828345199,1229486380473929728,indocringe_
1874136815709675898,Tue Dec 31 16:53:34 +0000 2024,9,dari saku jasnya dan langsung dia pasangin di jari manis hobin. ANJING LO YA! LO PIKIR LO NGAP HMPH! pas di jam 00.00 taejin kokop tuh bibir hobin sampe dia gabisa ngoceh lagi. hobin ngeberontak tapi gagal soalnya tenaga taejin lebih kuat dari dia. beres ciuman taejin ,1874136829190168903,,gimmegimmyluv,in,salty & homophobic stay away❗,0,1,0,https://x.com/gimmegimmyluv/status/1874136829190168903,1679817074246582274,gimmegimmyluv
1874136826228924577,Tue Dec 31 16:53:33 +0000 2024,0,STRES KATA GUE MAH STRES #SiamParagonCountdown2025xPondPhuwin,1874136826228924577,,,in,,0,0,0,https://x.com/ppnaravit23/status/1874136826228924577,1468116733768593410,ppnaravit23
1874136558393270432,Tue Dec 31 16:53:32 +0000 2024,0,3. terimakasih kpda nct khususnya nct dream terkhususnya lgi lee jeno karna telah menjadi obat dikala saya merasa sedih dan kesepian 4. terimakasih kpda chen zheyuan karna telah hadir disaat penulis putus cinta sehingga saya malah tidak merasa galau dan malah jatuh cinta,1874136820642157026,,the1ndonlyjn,in,,0,1,0,https://x.com/the1ndonlyjn/status/1874136820642157026,1770821588914479104,the1ndonlyjn
1873763044318445794,Tue Dec 31 16:53:30 +0000 2024,0,@vierasalsabilla Huaa sedih sis kalo diceritain‍,1874136812798795906,,vierasalsabilla,in,💜,0,1,0,https://x.com/rvlvtjsy/status/1874136812798795906,1693190388,rvlvtjsy
1874136811288813873,Tue Dec 31 16:53:30 +0000 2024,0,anjg 7 menit sebelum 2025 dan aku mendadak sedih grgr liat pluemon ,1874136811288813873,,,in,,0,0,0,https://x.com/prettymuchamix/status/1874136811288813873,1336568655673323523,prettymuchamix
1874136159481381066,Tue Dec 31 16:53:30 +0000 2024,0,ga nyangka tahun baru ini di kota orang sendirian sedih sih ya tp ya mau gmn lg wkwkwk tp seneng tahun ini banyak cerita banyak wajah yg bisa aku inget,1874136810982666594,,SpringJB27,in,Indonesia,0,1,0,https://x.com/SpringJB27/status/1874136810982666594,906122916756054018,SpringJB27
1874136797443481937,Tue Dec 31 16:53:26 +0000 2024,0,Aslinya aku sedih bgt ini malem tahun baruan sendiri ditinggal keluarga liburan gara masih kerja dan cuti habis dipake cy maren,1874136797443481937,,,in,badut area,0,1,0,https://x.com/chubooyaa/status/1874136797443481937,1240200730574589952,chubooyaa
1873688005006790897,Tue Dec 31 16:53:26 +0000 2024,1,@raiinarai @bescybs Kakaaakmakasih banyak yaaa semoga kedepannya kakak banyak senyumnya jangan keseringan sedih atau galau yaa,1874136793614082102,,raiinarai,in,,0,1,0,https://x.com/zaappang/status/1874136793614082102,1493410859028455425,zaappang
1874136785489715329,Tue Dec 31 16:53:24 +0000 2024,0,tahun baru nya galau,1874136785489715329,,,in,Indonesia,0,0,0,https://x.com/fuckkstatistics/status/1874136785489715329,915539191554965504,fuckkstatistics
1874136781865546059,Tue Dec 31 16:53:23 +0000 2024,206,JENDS pacarku tahun baruan sama mantan nya di kotanya(LDR) sedih banget liat aja nanti pas dah masuk kuliah gw ancurin kampus belakang,1874136781865546059,,,in,,31,82,8,https://x.com/unsoedmfs/status/1874136781865546059,1855834355165544448,unsoedmfs
1874123774981005563,Tue Dec 31 16:53:22 +0000 2024,0,@chikalofbatagor duluan ya,1874136779332411888,,chikalofbatagor,in,"unlabeled, legal.",0,0,0,https://x.com/pingksan/status/1874136779332411888,1771932636732346368,pingksan
1874136698243998207,Tue Dec 31 16:53:20 +0000 2024,9,lagi udah masuk taun baru. hobin nangis dikit soalnya dia sama taejin udah ada planning buat malem taun baru tapi gegara kejadian kemaren jadi gagal. boro boro ngerayain malem taun baru yang ada juga udah keburu putus. pas hobin sibuk nyekain air mata bel apartnya bunyi.,1874136772302823906,,gimmegimmyluv,in,salty & homophobic stay away❗,0,1,0,https://x.com/gimmegimmyluv/status/1874136772302823906,1679817074246582274,gimmegimmyluv
1874136698243998207,Tue Dec 31 16:53:20 +0000 2024,8,dan langsung nahan hobin pergi. tapi karena hobin kelewat murka ditonjoklah muka taejin sampe nabrak meja resepsionis. seisi kantor langsung liat drama itu men. tapi hobin yang udah kecewa ga peduli samsek. dan disinilah dia rebahan sambil ngatain taejin. jam 23.50 bentar ,1874136769492648169,,gimmegimmyluv,in,salty & homophobic stay away❗,1,1,0,https://x.com/gimmegimmyluv/status/1874136769492648169,1679817074246582274,gimmegimmyluv
1874136766887890953,Tue Dec 31 16:53:19 +0000 2024,0,Berat banget lawan 2024 sendirian tapi untunglah bisa bertahan. Ga ada yg spesial.,1874136766887890953,,,in,Makati City,0,0,0,https://x.com/Jaquine666/status/1874136766887890953,1110883716,Jaquine666
1874136764027441504,Tue Dec 31 16:53:18 +0000 2024,0,Thx tahun 2024 tahun yg gua ga tahu gua ngapain tahun yang iri melihat kesuksesan teman dan orang tahun yg banyak sedih nya dan masih banyak lagi. 2025? Ntahlah ga tau semoga bisa dapet kerja mau nyoba ke tanah jawa ngejar cita-cita dan menemukan kebahagian aamiinn.,1874136764027441504,,,in,"Pesisir Selatan, Sumatera Bara",0,0,0,https://x.com/MirAcle__098/status/1874136764027441504,1189959402834423808,MirAcle__098
1874136758843302319,Tue Dec 31 16:53:17 +0000 2024,0,kenapa sedih gt ya.. ga kerasa setahun ini gua lewatin bener bener bareng sama seventeen :( seneng sedih marah semuanya bareng sama seventeen,1874136758843302319,,,in,homophobic dni,0,0,0,https://x.com/seokmint__/status/1874136758843302319,1601435779175022592,seokmint__
1874136746524631117,Tue Dec 31 16:53:14 +0000 2024,0,Sedih,1874136746524631117,,,in,,0,0,0,https://x.com/teapoyakhi/status/1874136746524631117,1274953211862872064,teapoyakhi
1874116769302163784,Tue Dec 31 16:53:13 +0000 2024,0,@fleuvery Semogaa iaa kekejar sampai tanggal 20 kalo ngga yaudah pasrah aku top up aja tetep positif pulang ,1874136739625001313,,fleuvery,in,,0,1,0,https://x.com/Dialupanama/status/1874136739625001313,100951283,Dialupanama
1874136736957333777,Tue Dec 31 16:53:12 +0000 2024,1,2024 tu taun yg berharga banget buatku jd aku sedih bgt ninggalin tahun ini.. bentar lg juga taun naga bakal selesai,1874136736957333777,,,in,,0,0,0,https://x.com/allemmagne/status/1874136736957333777,1799476784926494720,allemmagne
1874136731131535435,Tue Dec 31 16:53:11 +0000 2024,5,sendirian kek orang bego plonga plongo wkwk https://t.co/IJAcVKPGTc,1874136731131535435,https://pbs.twimg.com/ext_tw_video_thumb/1874136699976269824/pu/img/Vf2axycOCJ5LvxQW.jpg,,in,Rant,0,0,0,https://x.com/xianyingsia/status/1874136731131535435,1673661748711247872,xianyingsia
1874136729156018298,Tue Dec 31 16:53:10 +0000 2024,0,YA ALLAH GALAU BRUTAL,1874136729156018298,,,in,Indonesia,0,0,0,https://x.com/fuckkstatistics/status/1874136729156018298,915539191554965504,fuckkstatistics
1874136725834129759,Tue Dec 31 16:53:09 +0000 2024,0,tahun baruku nangisin kamu kakk. aku decline semua ajakan temenku. rasanya aku ga sanggup harus pura pura kuat pas aku rasanya kosong hampa 6 bulan ini ga ketemu kakak. kakak disana ngapain? aku kangen bangetttt,1874136725834129759,,,in,,0,0,0,https://x.com/meymeimeng/status/1874136725834129759,1406805942562267139,meymeimeng
1874136720423477373,Tue Dec 31 16:53:08 +0000 2024,0,Langkahku semakin ringan karena tidak ada lagi berbagai jenis topeng yang aku simpan di pundakku. Langkahku semakin terarah karena ada hal baru yang aku nanti setiap harinya. Langkahku menemukan ritmenya karena aku tahu aku punya teman yang tidak akan meninggalkanku sendirian.,1874136720423477373,,,in,,0,1,0,https://x.com/iyainiT/status/1874136720423477373,1480939420526153729,iyainiT
1874133495968391398,Tue Dec 31 16:53:04 +0000 2024,0,@deadpoetica pantang menyerah,1874136702127923496,,romanholiden,in,,0,0,0,https://x.com/meiloddy/status/1874136702127923496,4415437216,meiloddy
1874136697040212281,Tue Dec 31 16:53:03 +0000 2024,27,Selamat tahun baru nggih semua mbak lun mau minta sepuro yang banyak misal sempat membuat kalian kecewa atau marah semoga panyuwun sedoyo di jabah gusti agung sehat selalu kalian nggih. Sayang kalian sak jagad dunyo segoro ,1874136697040212281,,,in,,0,6,0,https://x.com/Kumarainaluna07/status/1874136697040212281,1251499696851304449,Kumarainaluna07
1874136693466685516,Tue Dec 31 16:53:02 +0000 2024,0,Tinggalin si galau marah-marah sedih ovt gaya hidup buruk dan segala hal buruk di tahun 2024 Bawa yang seneng senengnya aja,1874136693466685516,,,in,,0,0,0,https://x.com/ndekisekk/status/1874136693466685516,1408439695067947015,ndekisekk
1874130214546268516,Tue Dec 31 16:53:02 +0000 2024,0,Jujur sedih tapi ntahlah semenjak sudah melewati cobaan perskripsian itu aku jadi lebih legowo aja. Ya kadang masih tiba2 muncul penyesalan tapi yaudahlah aku ngerasa udah berusaha semampuku (pas test aku juga lagi ga enak badan)️,1874136693160501699,,aphrodivez,in,,0,1,0,https://x.com/aphrodivez/status/1874136693160501699,1841471493353648130,aphrodivez
1874136689050083732,Tue Dec 31 16:53:01 +0000 2024,0,bkn krn g sedih tp udh terbiasa,1874136689050083732,,,in,,0,0,0,https://x.com/mybarokah/status/1874136689050083732,1811258996529238016,mybarokah
1874136688827785327,Tue Dec 31 16:53:01 +0000 2024,0,suka lagu ini dibawain sama Giselle gimana gak stres gua,1874136688827785327,,,in,,0,0,0,https://x.com/SIRHARUT0/status/1874136688827785327,1021542846308835328,SIRHARUT0
1874051541143085302,Tue Dec 31 16:53:01 +0000 2024,0,@CNNIndonesia You know nothing sir. Dirimu sendirian ditertawakan pembantu2mu.,1874136688706134506,,CNNIndonesia,in,,0,0,0,https://x.com/madooasli/status/1874136688706134506,2525094465,madooasli
1874123774981005563,Tue Dec 31 16:53:00 +0000 2024,0,@Kie318_ hepi niw yir juga kie pembkp till,1874136685715599431,,Kie318_,in,"unlabeled, legal.",0,1,0,https://x.com/pingksan/status/1874136685715599431,1771932636732346368,pingksan
1874035647088124105,Tue Dec 31 16:52:59 +0000 2024,0,@Santi_nya Udah lelah bgt haha,1874136681181515842,,Santi_nya,in,,0,0,0,https://x.com/Bersajak_id/status/1874136681181515842,1425024835294355458,Bersajak_id
1874136678551671270,Tue Dec 31 16:52:58 +0000 2024,4,happy new year @Freya_JKT48 @Kimmy_JKT48 terima kasih atas kerja kerasnya di tahun 2024. mari kita hajar tahun 2025 dengan semangat meskipun nanti sambil nangis mengeluh marah dll tapi ga boleh menyerah ya! yakinlah dan tetap percaya bersama kita pasti bisa wujudkan,1874136678551671270,,,in,,0,0,0,https://x.com/mandosxyz/status/1874136678551671270,1677515146615480321,mandosxyz
1874134410662207828,Tue Dec 31 16:52:57 +0000 2024,0,Campur antara amazed liat Madinah seneng sedih kok kayak banyak dosa ya gue ga percaya kalo ada disini. Kesabaran gue yg setipis tisu ini tiba-tiba jadi tebel? Dan itu tuh reflex aja gitu bahkan ga gue niatin ,1874136673627603065,,salmonsashimi_,in,,0,1,0,https://x.com/salmonsashimi_/status/1874136673627603065,950049906,salmonsashimi_
1874133595092378060,Tue Dec 31 16:52:56 +0000 2024,0,@galat3aa kecewa gaada party ayah,1874136670536339866,,galat3aa,in,kimmoy,0,0,0,https://x.com/Joo_Josee/status/1874136670536339866,1512711068615077890,Joo_Josee
1874010873247007165,Tue Dec 31 16:52:56 +0000 2024,0,@crawbling Jadi sedih kan,1874136668477022483,,crawbling,in,Bali,0,0,0,https://x.com/zialagi/status/1874136668477022483,1794403081075232768,zialagi
1874135255260815684,Tue Dec 31 16:52:55 +0000 2024,0,terus yg yang euiji foto sm dowoon tp ga kepencet pokoknya lore komeng dia setiap pake jersey gratisan (yg keempat sedih sih) https://t.co/lDo91Z79QF,1874136667218731392,https://pbs.twimg.com/media/GgJFXGMbEAAlBav.jpg,mundeukie,in,🥁🎸🏐,0,0,0,https://x.com/mundeukie/status/1874136667218731392,1688397193,mundeukie
1874136662156136792,Tue Dec 31 16:52:54 +0000 2024,0,Wn. bye bye 2024 Makasih buat semua peristiwa baik ataupun sedih setahun ini makasih untuk pelajaran hidup setahun ini terimakasih untuk semua hal. Hati hati dijalan ya tolong dibawa hal hal jelek atau sedihnya ya biar tenang di masa lalu Terimakasih untuk semuanya //,1874136662156136792,,,in,,0,0,0,https://x.com/wonyoutg/status/1874136662156136792,533448511,wonyoutg
1874136661271208064,Tue Dec 31 16:52:54 +0000 2024,0,kenapa ya jadi yatim tuh sedih banget? kayak.. setiap kali melewati tahun baru harus nangis dulu karna beda banget dgn tahun tahun sebelum nya pas ada bapak.,1874136661271208064,,,in,,0,1,0,https://x.com/ddeysecretly/status/1874136661271208064,1713407918903840768,ddeysecretly
1874132926130159616,Tue Dec 31 16:52:54 +0000 2024,1,@vividnyansquad @ProsekaFess Kak makasihhh bnyak ya udah jelasin panjang lebar tpi sy akhirnya menyerah karna gasanggup makasih bnyk kak ini penyakit gasabaran mau bli prempass JP tpi gamungkin orang biasa aku beli ngelayanin aku jam segini,1874136660533010812,,vividnyansquad,in,Protagonist syndrom,0,0,0,https://x.com/catgodfan/status/1874136660533010812,1364235929653682182,catgodfan
1874133730304156111,Tue Dec 31 16:52:52 +0000 2024,1,@raesmwol happy new year. terimakasih udah jalani 2024 ini dengan baik dan penuh kesabaran. ga menyerah walaupun lagi capek capek nya. terimakasih juga karena udah selalu coba jadi yang lebih baik dari diri kamu yang kemarin. semoga kamu bahagia terus soalnya kamu cantik kalau senyum.,1874136654996529628,,raesmwol,in,,0,1,0,https://x.com/jethngs/status/1874136654996529628,1581973137335672832,jethngs
1874133214643790325,Tue Dec 31 16:52:52 +0000 2024,0,@Aralie_JKT48 malamm ayiee habis makan makan nich. ayeyyyy. selamat menghitung menit huhuhu sedih. kutunggu olll awal 2025 hehe ,1874136651993407856,,Aralie_JKT48,in,,0,0,0,https://x.com/masarkham08/status/1874136651993407856,1309048878298267648,masarkham08
1874136645412544717,Tue Dec 31 16:52:50 +0000 2024,0,31 desember 2024. Waktu hampir habis tp malah punya rasa kecewa. Sekali 2x 3x. Katanya ga boleh cerita ke orang tp nangis dikit boleh dong.,1874136645412544717,,,in,,0,0,0,https://x.com/fathianave/status/1874136645412544717,2433763237,fathianave
1873992314223464689,Tue Dec 31 16:52:50 +0000 2024,0,@ayubsr pasrah aja deh,1874136642975592505,,ayubsr,in,"Bandung, Jawa Barat",0,0,0,https://x.com/sebatashatimu/status/1874136642975592505,1424296746050416640,sebatashatimu
1874136590559436851,Tue Dec 31 16:52:49 +0000 2024,0,paisss n mas pais temen mabar ampe grading nih kwkwkw tensu ya 2024 ku jadi stres karna game candaaa gapapa seneng bisa kenal kalian di 2024 mas pais terutama eh kita kenal kapan ya mas lupa anjay.,1874136638529691893,,R_Cyl69,in,"Lampung Tengah, Lampung",0,1,0,https://x.com/R_Cyl69/status/1874136638529691893,1738212470618206208,R_Cyl69
1874136396711289273,Tue Dec 31 16:52:48 +0000 2024,0,Nangis terharu vs nangis sedih,1874136634964480065,,BucinKoyuki_dll,in,,0,0,0,https://x.com/BucinKoyuki_dll/status/1874136634964480065,1272163507769708548,BucinKoyuki_dll
1874136631290322959,Tue Dec 31 16:52:47 +0000 2024,0,Fikir balik apa yang aku hadap tahun ni Al sorang yang ada through my thick and thin,1874136631290322959,,,in,,0,0,0,https://x.com/lelah_jiwaqu/status/1874136631290322959,1041222491425787904,lelah_jiwaqu
1874136623954403444,Tue Dec 31 16:52:45 +0000 2024,0,Gua tau kok elu kasih tahu hubungan kita ke semuanya cuman w diem selama ini w diem untuk menjaga omongan luar mengenai hubungan kita gua mau lindungin ELU dari itu. Tapi dengan lu membeber ke semua komunitas yang ada dengan alasan curhat si... Gua kecewa si jujur,1874136623954403444,,,in,Secret,0,1,0,https://x.com/lilwhite710/status/1874136623954403444,1081192130524065793,lilwhite710
1874136623463752002,Tue Dec 31 16:52:45 +0000 2024,0,Dari jam 8 malem udh dikamar kruntelan sambil vc ponakan yg mulai pinter banyak hal. Sebahagia itu aku ngeliat dia tumbuh baik dan penuh kasih sayang. Tidak ada perayaan Aku sendirian dirumah sebesar ini huhu Kanan kiri pd liburan dan suasana bener2 sunyi.,1874136623463752002,,,in,,0,0,0,https://x.com/yoonna9388/status/1874136623463752002,1089441247062683648,yoonna9388
1874136621744087215,Tue Dec 31 16:52:45 +0000 2024,0,sedih sih gatau sedih aja,1874136621744087215,,,in,Your walls,0,0,0,https://x.com/RilNoFek/status/1874136621744087215,1648187421094445059,RilNoFek
1874136616027250966,Tue Dec 31 16:52:43 +0000 2024,0,riki sorry ya tapi gue agak kecewa lu ga nunjukin abs,1874136616027250966,,,in,🔕,0,0,0,https://x.com/sunghoonatto/status/1874136616027250966,1595434406365519874,sunghoonatto
1873971644093653171,Tue Dec 31 16:52:38 +0000 2024,0,@ohmydull Sungguh lelah sekali,1874136596204978663,,ohmydull,in,Tgl,0,0,0,https://x.com/izaenn_/status/1874136596204978663,1184747579419938816,izaenn_
1874066584941281739,Tue Dec 31 16:52:38 +0000 2024,1,@OposisiCerdas Tertawa lepas hati cemas ,1874136593642230086,,OposisiCerdas,in,,0,0,0,https://x.com/ds26081976/status/1874136593642230086,1756273369455173632,ds26081976
1874079000437625095,Tue Dec 31 16:52:37 +0000 2024,0,@xquitavee @CNNIndonesia @jokowi Lu kecewa ya jokowi bukan juaranya?,1874136591561867758,,xquitavee,in,,0,0,0,https://x.com/MukeloR77689/status/1874136591561867758,1715719403374014464,MukeloR77689
1874136588353233220,Tue Dec 31 16:52:37 +0000 2024,0,gue stres banget suara kembang api ,1874136588353233220,,,in,"nolita, north little tanabang",0,1,0,https://x.com/nastygoyeng/status/1874136588353233220,973892475415707648,nastygoyeng
1874017761359519943,Tue Dec 31 16:52:36 +0000 2024,0,@Nurulhaayati sedih bngtt yh,1874136586516127793,,Nurulhaayati,in,,0,0,0,https://x.com/youadams_/status/1874136586516127793,724300953709502464,youadams_
1874136584544788541,Tue Dec 31 16:52:36 +0000 2024,1,Terimakasih keluarga kecilll dah live malem ini buat aku yg sendirian ini berasa rameeeee dan seruuu https://t.co/1qkAs0h7ix,1874136584544788541,https://pbs.twimg.com/media/GgJFSpEbEAASX8F.jpg,,in,Kalteng-Jatim,0,0,0,https://x.com/txtdricindy/status/1874136584544788541,2920223766,txtdricindy
1874123774981005563,Tue Dec 31 16:52:35 +0000 2024,1,@jjayyeoll hepi niw yir juga el,1874136580849623239,,jjayyeoll,in,"unlabeled, legal.",0,0,0,https://x.com/pingksan/status/1874136580849623239,1771932636732346368,pingksan
1874136578916049159,Tue Dec 31 16:52:34 +0000 2024,0,Tdi ngomongin ini sm mas Jadi kepikiran trus takut sendirian Ya Allah jadiin mas teman sehidup semati ku aku takut sendirian takut gak ada mas,1874136578916049159,,,in,Indonesia,0,0,0,https://x.com/mcufreeze/status/1874136578916049159,428990593,mcufreeze
1874136576630153479,Tue Dec 31 16:52:34 +0000 2024,0,mas crush yg ngefriendzonein w dah ada cewek tapi cakepan w daripada ceweknya bingung mau sedih or seneng,1874136576630153479,,,in,,0,0,0,https://x.com/avxvies/status/1874136576630153479,1505578898070794240,avxvies
1874008880524779949,Tue Dec 31 16:52:33 +0000 2024,0,@mrstoonee Udah pasrah aja deh,1874136571966087534,,mrstoonee,in,Bali,0,0,0,https://x.com/zialagi/status/1874136571966087534,1794403081075232768,zialagi
1874136374179487985,Tue Dec 31 16:51:46 +0000 2024,0,Ya Allah kok malem ini gelisah banget ya,1874136374179487985,,,in,,0,0,0,https://x.com/fwiyak/status/1874136374179487985,1746369013851340800,fwiyak
1874136360128569415,Tue Dec 31 16:51:43 +0000 2024,0,Punya clan tapi ga pada attack gua semua tuh pindah² akun biar war clan berjalan. Setelah Fathur memutuskan untuk menempuh hidup baru sekali lagi gua kehilangan sosok itu dan belom ada lagi. Tapi hubungan gua sama dia masih tetep terjaga meski cuma lewat online. Sedih kali ah,1874136365623111765,,japenns,in,"East Nusa Tenggara, Indonesia",0,0,0,https://x.com/japenns/status/1874136365623111765,729077870,japenns
1874134849323515978,Tue Dec 31 16:51:43 +0000 2024,1,@easy3pick aku sendirian 99% problem with kale jdi 100% problem ,1874136362506739774,,bigwinc,in,,0,0,0,https://x.com/najaeminlop/status/1874136362506739774,1530862251028013056,najaeminlop
1874136360128569415,Tue Dec 31 16:51:43 +0000 2024,0,Dia bawa laptop yang isinya ada game PES dia download film film seru yg udah pernah dia tonton buat ngasih unjuk gua kalo gua harus nonton ini karna menurut dia seru bgt. Sampe game mobile legend itu dia yang ngenalin gua 2016 karna dia gedeg liat gua maen COC sendirian.,1874136362062143870,,japenns,in,"East Nusa Tenggara, Indonesia",0,1,0,https://x.com/japenns/status/1874136362062143870,729077870,japenns
1874133572791263390,Tue Dec 31 16:51:41 +0000 2024,0,@imanusman Utamanya #imkevin yg dg konsisten akhirnya menjuarai byk lomba ditengah banyak kegagalan sblmnya yg dia alami g buat dia patah semangat &amp; menyerah. Thats why aku mengidolakan kevin. Sedikit banyak yg dialami kevin sm kyk yg kualami. Aku belajar banyak hal dari kevin thx vin~,1874136355414114423,,iam_plutooo,in,,0,1,0,https://x.com/iam_plutooo/status/1874136355414114423,1180684053592231936,iam_plutooo
1870655895828664387,Tue Dec 31 16:51:39 +0000 2024,0,@sheachandesu Aku galau kalau akhir bulan ajaa,1874136347382054958,,sheachandesu,in,non-committal,0,1,0,https://x.com/forevelynnn/status/1874136347382054958,1859968591699079168,forevelynnn
1874136345310085247,Tue Dec 31 16:51:39 +0000 2024,0,demi Allah aku sedih bgt,1874136345310085247,,,in,,0,0,0,https://x.com/pielaaaaaaa/status/1874136345310085247,1274267229060653056,pielaaaaaaa
1874127279422661078,Tue Dec 31 16:51:38 +0000 2024,0,@YellowZayyy Setuju Kalo nikah taunya dpt yg ga dukung hobi kan sedih yakk ,1874136344487973123,,ayyrchivezyjsh,in,,0,1,0,https://x.com/uput23/status/1874136344487973123,1687031779893583872,uput23
1874136343288443310,Tue Dec 31 16:51:38 +0000 2024,0,setelah galau panjang akhirnya jajan pls open po lagi bulan depan https://t.co/1zWdjKGKlg,1874136343288443310,https://pbs.twimg.com/media/GgJFD6xbYAUO6ZH.jpg,,in,🚪♡,0,0,0,https://x.com/MYlJNGJAE/status/1874136343288443310,1857262799266914304,MYlJNGJAE
1874136337441493465,Tue Dec 31 16:51:37 +0000 2024,0,Kok gua bawaannya sedih ya menyambut 2025 ini,1874136337441493465,,,in,Indonesia,0,0,0,https://x.com/gyujsuh/status/1874136337441493465,1114044705317113857,gyujsuh
1874136322480427359,Tue Dec 31 16:51:33 +0000 2024,0,Paling males kalau live di facebook tuh kalau di tab mesti gak highres... kalo di hp bisa highres tapi ngeselin pas full layar in jadinya gak bisa center. Ntahlah stres wkwkkw,1874136322480427359,,,in,,0,0,0,https://x.com/fidahRukTetawan/status/1874136322480427359,1196349696421138432,fidahRukTetawan
1874133134352277579,Tue Dec 31 16:51:33 +0000 2024,0,sayang kamu bilang kamu mencintaiku lalu mengapa kamu pergi? apa kamu memang tidak pernah secinta itu? sayang mereka bilang jika kamu benar-benar mencintaiku maka kamu akan berjuang. lalu mengapa kamu menyerah? apa aku masih belum cukup menjadi sosok yang kamu butuhkan?,1874136320261698047,,_hysunshine,in,,0,1,0,https://x.com/_hysunshine/status/1874136320261698047,1588489697977737219,_hysunshine
1874114028475498671,Tue Dec 31 16:51:30 +0000 2024,0,@gigigitz Gk ada yg gagal selfienya kak kyknya hoon jg dehh,1874136310493176102,,gigigitz,in,EN– 240818,0,1,0,https://x.com/blueglxies/status/1874136310493176102,1255111473786806284,blueglxies
1874064229935743271,Tue Dec 31 16:51:30 +0000 2024,0,@convomf +sendirian ,1874136310467932443,,convomf,in,dnf.,0,0,0,https://x.com/valeriazyee/status/1874136310467932443,1829373170388029440,valeriazyee
1874136286841495869,Tue Dec 31 16:51:30 +0000 2024,0,Oke kayanya udah cukup ya story telling nya Aku juga mau ngucapin terima kasih untuk diri aku sendiri. Terima kasih karena telah tumbuh sampai saat ini. Terima kasih karena tidak pernah menyerah. Terima kasih karena telah menjadi baik pada diri sendiri. I love me,1874136307913597257,,choccloveuu,in,,0,1,0,https://x.com/choccloveuu/status/1874136307913597257,1469493905137672192,choccloveuu
1874067773586104542,Tue Dec 31 16:51:26 +0000 2024,0,@tooooopopan Hahaha yg biasa culik pada kemana?,1874136291950158292,,tooooopopan,in,"Makassar, Indonesia",0,0,0,https://x.com/lelah_pijat/status/1874136291950158292,1778069758363271168,lelah_pijat
1874136290515669302,Tue Dec 31 16:51:26 +0000 2024,0,diluar bunyi kembang api tp aku malah sedih denger nya ,1874136290515669302,,,in,molo holo,0,0,0,https://x.com/morelight_xyz/status/1874136290515669302,1511334062870474759,morelight_xyz
1874135931198017669,Tue Dec 31 16:50:00 +0000 2024,0,Selamat Tahun Baru 2025! Sebagai pejuang gagal ginjal kronik mari sambut tahun ini dengan harapan dan semangat baru. Setiap hari adalah kesempatan untuk bersyukur dan berjuang. Mari kita tingkatkan kesadaran tentang kesehatan ginjal dan saling mendukung! #TahunBaru2025 https://t.co/nNHTi0SeQG,1874135931198017669,https://pbs.twimg.com/media/GgGzLzxasAAGFaV.jpg,,in,Jakarta Capital Region,0,0,0,https://x.com/kpcdi/status/1874135931198017669,709671250969255937,kpcdi
1874135913279959179,Tue Dec 31 16:49:56 +0000 2024,0,2024.... Gagal PNS Lulus PPG Disyukuri Alhamdulillah,1874135913279959179,,,in,Indonesia,0,0,0,https://x.com/kayana_melody/status/1874135913279959179,1009629259529314304,kayana_melody
1873901452516876454,Tue Dec 31 16:49:54 +0000 2024,0,@eskopi_su kadang sedih kadang bahagia,1874135906653004193,,eskopi_su,in,United States,0,0,0,https://x.com/tumisinaja/status/1874135906653004193,2258137410,tumisinaja
1874113109440553429,Tue Dec 31 16:49:54 +0000 2024,0,@insomniaczs Anjirrr gua gak tau mau happy atau sedih ,1874135905927389185,,insomniaczs,in,,0,1,0,https://x.com/_vermell/status/1874135905927389185,762252862822846464,_vermell
1874135905432461494,Tue Dec 31 16:49:54 +0000 2024,0,| Iya ayah. (Udah pasrah.) Tapi kasih uang tahun barunya yang banyak ya.,1874135905432461494,,,in, 逆転裁判 RP. ,1,0,0,https://x.com/reifiedjust/status/1874135905432461494,1066263595980283904,reifiedjust
1874130367118188908,Tue Dec 31 16:49:54 +0000 2024,0,@karinajiketi nanti ortuku baca ini pasti kecewa,1874135904367104367,,karinajiketi,in,kadang rps,0,1,0,https://x.com/naraiokok/status/1874135904367104367,1539207632191250432,naraiokok
1874134698223710485,Tue Dec 31 16:49:53 +0000 2024,1,Banyak banget yg terjadi di 2024 yg buat sedih senang stress. Yang aku pikir ga bisa ngelewatinnya dan ternyata bisa. Mulai bisa menunjukan rasa ga suka ke orang (mulai bisa menolak). Best lahh gass lagi yuk di 2025,1874135901854720166,,realme_pj,in,pluto,0,0,0,https://x.com/realme_pj/status/1874135901854720166,1415812267761799170,realme_pj
1874131431209030007,Tue Dec 31 16:49:52 +0000 2024,0,Jung hoesok Bpk ini sipaling rame tp saat perform jgn ditanya maksimal'a penampilan'a. LSelalu all out dalam berpenampilan salah satu yg bisa bikin aku mewek kalo liat dia ini pas dia nnton video papa'a yg ngucapin selamat ulang tahun kyk sedih bgt pak bahagia terus y https://t.co/N6Fhy9v8Yj,1874135898083963275,https://pbs.twimg.com/media/GgJEqpRbYAAIp6n.jpg,rkive_ribs,in,,0,1,0,https://x.com/rkive_ribs/status/1874135898083963275,593213396,rkive_ribs
1874135897932960210,Tue Dec 31 16:49:52 +0000 2024,0,kok sedih bet sih ivan k yg malang ,1874135897932960210,,,in,my god my universe,0,0,0,https://x.com/yechanziee/status/1874135897932960210,1616457577931640832,yechanziee
1874128403043148128,Tue Dec 31 16:49:52 +0000 2024,0,@acediarn Tahun baru sendirian ,1874135897094185179,,acediarn,in,,0,0,0,https://x.com/puppyn/status/1874135897094185179,3471458054,puppyn
1874098228418740534,Tue Dec 31 16:49:52 +0000 2024,0,@Ienspiration @munvess well yeah wkwkwk aku manusia lengah dikit langsung galau... i see kamu pernah masuk bangsal backburner ga?,1874135896385270079,,Ienspiration,in,Charisa Delviano. ,0,1,0,https://x.com/celcouthie/status/1874135896385270079,1606206201708314629,celcouthie
1874135895470989816,Tue Dec 31 16:49:51 +0000 2024,0,Udah terlalu lelah gw,1874135895470989816,,,in,✨️ 7 ✨️,0,0,0,https://x.com/firlyxi/status/1874135895470989816,371751462,firlyxi
1874135894284001361,Tue Dec 31 16:49:51 +0000 2024,1,2024 bener bener deh setengah nya di isi sedih terus jangan jangan 2025 tiba tiba masuk Parlemen Remaja,1874135894284001361,,,in, cherry on top 🍒🍒 ,0,1,0,https://x.com/aMysticalPetals/status/1874135894284001361,1500687471998545923,aMysticalPetals
1874014680819392920,Tue Dec 31 16:49:51 +0000 2024,0,@sweectz hati-hati kecewa kak..,1874135892820128211,,sweectz,in,"Seoul, Republic of Korea",0,0,0,https://x.com/puspa_novitta/status/1874135892820128211,1742455966472577024,puspa_novitta
1874135892220358816,Tue Dec 31 16:49:51 +0000 2024,0,recapkh gagal gr gr betplik,1874135892220358816,,,in,Outer Space. Saturn,0,0,0,https://x.com/Havebeenpckg/status/1874135892220358816,1089120222580109314,Havebeenpckg
1874135888441336083,Tue Dec 31 16:49:50 +0000 2024,0,2024 sedih 30% sakit hatinya 65% bahagianya 5%,1874135888441336083,,,in,,0,1,0,https://x.com/WARDIMORSARUNG/status/1874135888441336083,1722463751033790464,WARDIMORSARUNG
1873564095032758761,Tue Dec 31 16:49:49 +0000 2024,0,@AhmadAdiAwang @AZFARCAGE @mynewshub Sila baca dengan teliti dan tanpa prejudis. Madani adil dan saksama. Madani dahulukan aqal kan? https://t.co/3VvMOfAPyo,1874135886759407762,,AhmadAdiAwang,in,,0,1,0,https://x.com/Terasing/status/1874135886759407762,66535287,Terasing
1873977386284572803,Tue Dec 31 16:49:49 +0000 2024,0,@detikcom Lagian aneh orang normal mah kl diputus bersalah mo dikurung cuma 1 malem pasti sedih menyesal lah iki kok iso2 ketawa ketiwi. Manusia gila. Terdakwa gila hakim nya lebih gila. Baiknya pasung aja di RSJ mereka semua,1874135884817457610,,detikcom,in,Wonogiri - Jakarta,0,0,0,https://x.com/atma_kpm/status/1874135884817457610,162307938,atma_kpm
1874128403043148128,Tue Dec 31 16:49:41 +0000 2024,0,@Kukendali Tahun baruan sendirian Ru.. :(,1874135852345073683,,ppresentient,in,,0,1,0,https://x.com/puppyn/status/1874135852345073683,3471458054,puppyn
1874135543220756913,Tue Dec 31 16:48:27 +0000 2024,0,Maaf ya kak udah bikin kamu sedih ,1874135543220756913,,,in,,0,1,0,https://x.com/satelitnyabumi/status/1874135543220756913,1387994601458262021,satelitnyabumi
1874134638337364009,Tue Dec 31 16:48:27 +0000 2024,1,@leejenodr Amin sayang. Hope you too. That's my duty. And I love that fur ball. Terima kasih buat gak menyerah sejauh ini. Abang love you more sayang.,1874135542256029815,,leejenodr,in,Raven,0,0,1,https://x.com/ottherism/status/1874135542256029815,1209668953628274688,ottherism
1874135534966300964,Tue Dec 31 16:48:25 +0000 2024,0,Ternyata aku udah cape udah lelah dan aku menyerah. Tulusku pun gak bikin kamu luluh hahaha,1874135534966300964,,,in,"Sidoarjo, Indonesia",0,0,0,https://x.com/AtikRohmahM/status/1874135534966300964,1159013155562934280,AtikRohmahM
1874135532336480634,Tue Dec 31 16:48:25 +0000 2024,0,Puasin tetangga janda yang kesepian https://t.co/t7KF69eFz5 https://t.co/WAnkv0NxuQ https://t.co/2WMER0B6o5 https://t.co/ZVydezYKPX https://t.co/pgySV0ODYb doods pro dood work dood pm dood cm,1874135532336480634,,,in,,0,0,0,https://x.com/NikmatScro90357/status/1874135532336480634,1866087187659546624,NikmatScro90357
1874074299025252618,Tue Dec 31 16:48:23 +0000 2024,0,@aeribase 12 tahun bersama mereka. Merasakan manis pahitnya perjalanan mereka. Menangis sedih kecewa bersama mereka. Berbagi canda dan tawa bahagia juga bersama mereka. Emosi bersama saat ketidakadilan datang menghujam hanya bisa cpba percaya pada member bukan yang lain.,1874135525315273213,,aeribase,in,"Bekasi Timur, Indonesia",0,0,0,https://x.com/lamiachaerin/status/1874135525315273213,1217160281480032256,lamiachaerin
1874135513059516467,Tue Dec 31 16:48:20 +0000 2024,0,Kecewa ga dapat zayne https://t.co/PbzAPvE23x,1874135513059516467,https://pbs.twimg.com/media/GgJEUSrbYAMRjmH.jpg,,in,(LaDS & CRK),0,0,0,https://x.com/daunkazuha/status/1874135513059516467,1437063097319968773,daunkazuha
1874135508470882747,Tue Dec 31 16:48:19 +0000 2024,0,Kelar galau co barangnya.. mari kita tidur.. hp da lowbatt,1874135508470882747,,,in,,0,0,0,https://x.com/shxxvibe31/status/1874135508470882747,1358699689713930242,shxxvibe31
1874135507451760798,Tue Dec 31 16:48:19 +0000 2024,0,sbnrny galau bgt,1874135507451760798,,,in,saturnuce,0,0,0,https://x.com/urprincsy/status/1874135507451760798,1260473393784242176,urprincsy
1874132319088632141,Tue Dec 31 16:48:17 +0000 2024,0,Liat instastorynya ferrari napa jadi sedih bgt dah liatnya https://t.co/sN5yP1wyZV,1874135498433978685,https://pbs.twimg.com/media/GgJETFybAAA9gNC.jpg,spichyit,in,ID | she/her,0,0,0,https://x.com/spichyit/status/1874135498433978685,1614921537353842690,spichyit
1874135488698913132,Tue Dec 31 16:48:14 +0000 2024,1,apa cuman aku yg tiap taun baru ya udah kya hari biasa gak kya org org main bakar bakaran nnton acara liat org org kayanya seru yaa gini amat kya ngerasa kesepian bgt,1874135488698913132,,,in,"Bandung, Jawa Barat",0,0,0,https://x.com/ayu_nrjh/status/1874135488698913132,1156723208311066624,ayu_nrjh
1874135485066731591,Tue Dec 31 16:48:14 +0000 2024,0,WH JANGAN GINI GW SEDIH,1874135485066731591,,,in,,0,1,0,https://x.com/sweetuarts/status/1874135485066731591,1013300449724645379,sweetuarts
1874135484857008295,Tue Dec 31 16:48:14 +0000 2024,0,Sedih mau pergantian tahun gini :(,1874135484857008295,,,in,,0,0,0,https://x.com/notyourfiles/status/1874135484857008295,1436707571285446664,notyourfiles
1874135482017431877,Tue Dec 31 16:48:13 +0000 2024,0,tiap malam tahun baru rasanya hampa kosong mulai flashback lagi /slam the table,1874135482017431877,,,in,"Depok, Indonesia",0,0,0,https://x.com/atiasyf/status/1874135482017431877,1115569815639318528,atiasyf
1874135473012261014,Tue Dec 31 16:48:11 +0000 2024,0,Gue bawain dah Jen. Sedih gue. https://t.co/Gu3VMNktZH,1874135473012261014,https://pbs.twimg.com/media/GgJER9bbYAUqf6y.jpg,,in,2001.,0,0,0,https://x.com/TunerKeeho/status/1874135473012261014,775290715756781568,TunerKeeho
1874133989759606818,Tue Dec 31 16:48:10 +0000 2024,0,@nycattawin maaf ga bida diabaikan,1874135471355527588,,nycattawin,in,,0,0,0,https://x.com/notsoburnernow/status/1874135471355527588,1358717319048953858,notsoburnernow
1874128427852480744,Tue Dec 31 16:46:15 +0000 2024,0,@smuanibkanslhmu langitnya sedih,1874134987118961121,,yaudaahhgmnlgi,in,solo munggah sitik,0,0,0,https://x.com/urfavvjunee/status/1874134987118961121,1810562097782411264,urfavvjunee
1874134942206353686,Tue Dec 31 16:46:13 +0000 2024,0,jadi saya sekarang selalu cemas dengan siapa lagi besok dan jujur nda tau ka kenapa takut skali tahun baru ini karena kalau ada lagi yang pergi betulan tidak tau mka deh ...,1874134978134708558,,queue_list,in,,0,1,0,https://x.com/queue_list/status/1874134978134708558,1780953103065640960,queue_list
1873876147047719040,Tue Dec 31 16:46:11 +0000 2024,0,@junayyy__ Iya kak sumber kecewa tu,1874134971147051169,,junayyy__,in,"Los Angeles, CA",0,0,0,https://x.com/trulysesa/status/1874134971147051169,1230190008050561024,trulysesa
1874134965006565876,Tue Dec 31 16:46:10 +0000 2024,0,FAAKKKKK SEDIH BANGET KENAPAAA GALAU #SiamParagonCountdownXGF https://t.co/WYsccwidSV,1874134965006565876,https://pbs.twimg.com/amplify_video_thumb/1874133174139445250/img/ZRoO9YO0NqY6oVZ9.jpg,,in,,0,0,0,https://x.com/chiwminie/status/1874134965006565876,995350466291642370,chiwminie
1874121198541693098,Tue Dec 31 16:46:09 +0000 2024,0,@sourdemour jangan sedih sedihh,1874134961584037988,,sourdemour,in,PR0DHEE,0,0,0,https://x.com/lovingleey/status/1874134961584037988,1829125763955863552,lovingleey
1874126332843745519,Tue Dec 31 16:46:05 +0000 2024,0,@Khaqii3 @idextratime oman defends nya gokil parah sih. Saudi nyerang 7/24 siang malam sampe frustasi susah jebol Untung dpt gol hiburan sebiji,1874134946660704290,,Khaqii3,in,Salzburg,0,1,0,https://x.com/sagi_iman/status/1874134946660704290,1613110647033827328,sagi_iman
1874133717658349720,Tue Dec 31 16:46:05 +0000 2024,0,@seuvnior EDITAN AWE GA PERNAH GAGAL,1874134946601980185,,seuvnior,in,dnf,0,0,0,https://x.com/ancysupermancy/status/1874134946601980185,1650722856328892416,ancysupermancy
1874134934157406220,Tue Dec 31 16:46:02 +0000 2024,2,WOEOEOY THIS IS SO SWEET???? BGMN MNGKIN!!!! Tengkyusomacc hikssssrott hri ini ak lelah skali but reading this cheer me up ,1874134934157406220,,,in,Rumah,0,2,1,https://x.com/ooisithaa/status/1874134934157406220,1868270249013055488,ooisithaa
1874134927278784736,Tue Dec 31 16:46:01 +0000 2024,0,aroma karsa ni unexpected detailed very descriptive plotnya gong bgt! yet ENDINGNYA ARGHRGRHRH KENAPASIH nanggung. happy engga sedih bangt jg engga. kalau nanti ada series nya aku mau baca! TAPI SKRG GA ADA GMNDONG GUA KEPO BGT (SAMA LANJUTANNYA YANG .GA ADA),1874134927278784736,,,in,Disneyland,0,1,0,https://x.com/qilshies/status/1874134927278784736,1534533828039290880,qilshies
1874134905476833461,Tue Dec 31 16:45:55 +0000 2024,0,Siap² video galau @diaryofthelady,1874134905476833461,,,in,kwangya,0,0,0,https://x.com/maretasaras/status/1874134905476833461,112076456,maretasaras
1874134900783407394,Tue Dec 31 16:45:54 +0000 2024,0,kindled xavier emang udh gabisa ganti rambut ya.... nangis gw sedih bgt padahal pengen liat kion dipepet di jendela ️️️️,1874134900783407394,,,in,21↑ she/they 🔞,0,0,0,https://x.com/asteizu/status/1874134900783407394,1124916743581814785,asteizu
1874134887613264137,Tue Dec 31 16:45:51 +0000 2024,55,buat para moots ikanwonpil selamat tahun baru yaa. semoga di tahun 2025 kita tetep panjang umur sehat selalu dan lebih bahagiaa. buat yang gagal di tahun kemarin mari kita ulang dan jadiin pembelajaran kedepannya. semoga kalian selalu dilancarkan rezeki beserta urusannya!,1874134887613264137,,,in,20,0,12,1,https://x.com/ikanwonpil/status/1874134887613264137,1709582372096856064,ikanwonpil
1874134881380557187,Tue Dec 31 16:45:50 +0000 2024,0,Aku barusan nonton ini dan sebagai penyuka cerita sad ending ... lumayan sih bikin sedih (tapi gak yg nangis bgt sih krn kisahku agak mirip² lah sama kisah jimmy ),1874134881380557187,,,in,Beika,0,1,0,https://x.com/revelova/status/1874134881380557187,1430153208521838599,revelova
1874118920053112854,Tue Dec 31 16:45:44 +0000 2024,0,@rcxflower gapapaaa dongg ga sedih kok,1874134856541823338,,rcxflower,in,20!,0,1,0,https://x.com/hawraeith/status/1874134856541823338,1597825931057704960,hawraeith
1874125815463764374,Tue Dec 31 16:45:43 +0000 2024,0,@femaae Kalau gagal dan kamu tetep mau cari pacar yg greenflag nanti aku kenalin ke paman hulk.,1874134854578954477,,femaae,in,"he, dale adams.",0,0,0,https://x.com/swawsta/status/1874134854578954477,1680458267699593216,swawsta
1874115691588313543,Tue Dec 31 16:45:43 +0000 2024,0,4. Dampak Negatif pada Kesehatan Mental Keterlibatan dalam HTS dapat berdampak negatif pada kesehatan mental. Perasaan tidak dihargai ketidakpastian dan kecemasan yang berkepanjangan dapat menyebabkan stres depresi dan masalah kesehatan mental lainnya.,1874134851814908096,,AlonStill,in,"Jakarta Pusat, DKI Jakarta",0,1,0,https://x.com/AlonStill/status/1874134851814908096,1740060944892596224,AlonStill
1874055313521074539,Tue Dec 31 16:45:41 +0000 2024,0,@callawayplayers yann jgn galau,1874134845854810283,,callawayplayers,in,"Jakarta Selatan, DKI Jakarta",0,0,0,https://x.com/Pipaeet/status/1874134845854810283,1747459019571384320,Pipaeet
1874134845561201065,Tue Dec 31 16:45:41 +0000 2024,0,Tahun baru wes neng omah wae arek sendirian,1874134845561201065,,,in,"Tanggamus, Lampung",0,0,0,https://x.com/BofianNurdin/status/1874134845561201065,3236517090,BofianNurdin
1874134844751700352,Tue Dec 31 16:45:41 +0000 2024,1,2024 banyak plot twist nya si dinda di 2023 pasti sedih kalo tau 2024 sestruggle ini but thank u for surviving din.,1874134844751700352,,,in,"DKI Jakarta, Indonesia",0,0,0,https://x.com/heccito/status/1874134844751700352,1523912605622226945,heccito
1874134844432933212,Tue Dec 31 16:45:41 +0000 2024,2,sedih bgt bersaudara tutup (sementara) mana lagi di jkt and today last open,1874134844432933212,,,in,,0,2,0,https://x.com/pwettyiwirrr/status/1874134844432933212,1204038948806225920,pwettyiwirrr
1874133561567305837,Tue Dec 31 16:45:39 +0000 2024,0,@joshyshi nyambut taun barunya galau ,1874134838627954888,,joshyshi,in,caratland,0,0,0,https://x.com/wuffwoncheol/status/1874134838627954888,1574771661546848256,wuffwoncheol
1874134819338399799,Tue Dec 31 16:45:35 +0000 2024,5,Akhir tahun 2023 ngerasain titik terendah yang definisi sangat sedih &amp; terpuruk setiap hari nangis. Akhir tahun 2024 alhamdulillah setiap hari berbunga-bunga karena sebentar lagi aku menikah. what a life Setelah ada kesulitan pasti ada kemudahan. Dan Allah maha tau️,1874134819338399799,,,in,,0,0,0,https://x.com/sabilaaaasy/status/1874134819338399799,1149603586990415873,sabilaaaasy
1874129610109292701,Tue Dec 31 16:45:33 +0000 2024,0,@nonadandel sedih belle,1874134809955754142,,nonadandel,in,,0,1,0,https://x.com/ciggaresx/status/1874134809955754142,1851145203383717888,ciggaresx
1874134790657761724,Tue Dec 31 16:45:32 +0000 2024,0,Wkwkwk anjir lah i love him pake bgt tp gaboleh buat aku ahaha ok bye kdg aku masi mikir kayak jodo ku dtgnya lama bgt ujung2nya km wkwk aku berharap bgt woy ya tp gabisaaa wkwk yudhlh. Semoga aku bisa se pasrah dan se diem mas Do wkwk yaampun. Kapan aku tidack edan.,1874134808697463282,,schahrdpill,in,,0,1,0,https://x.com/schahrdpill/status/1874134808697463282,1063764081906147330,schahrdpill
1873392330264490458,Tue Dec 31 16:45:29 +0000 2024,0,@quoterandom05 Wkwk sedih banget ga punya uang,1874134793627341226,,quoterandom05,in,𝕏,0,0,0,https://x.com/rafaelpratams/status/1874134793627341226,1298627580996640769,rafaelpratams
1874134787818193159,Tue Dec 31 16:45:27 +0000 2024,0,cemas kau dek,1874134787818193159,,,in,,0,0,0,https://x.com/YunjinCepmek/status/1874134787818193159,1834231160085643265,YunjinCepmek
1874134784466915792,Tue Dec 31 16:45:27 +0000 2024,0,Hidup dia tuh emang sedih banget. Btw dia anak kedua ku setelah till,1874134784466915792,,,in,no allowed to follow this acc,0,0,0,https://x.com/Hokusaiwife/status/1874134784466915792,1339176242273107968,Hokusaiwife
1874134781551927649,Tue Dec 31 16:45:26 +0000 2024,0,saran musisi yang lagunya galau dong,1874134781551927649,,,in,sapphic area,0,5,0,https://x.com/nacearth/status/1874134781551927649,1639628850815733760,nacearth
1874134779899371888,Tue Dec 31 16:45:25 +0000 2024,0,Power gak boleh survive 2024,1874134779899371888,,,in,,0,0,0,https://x.com/lelah_jiwaqu/status/1874134779899371888,1041222491425787904,lelah_jiwaqu
1874134773427585449,Tue Dec 31 16:45:24 +0000 2024,0,Mau ambil hati kok ya males juga tapi tanda-tandanya mulai terang ini. Hahaha sedih. Ga beruntung dibagian ini.,1874134773427585449,,,in,"Palembang, Indonesia",0,0,0,https://x.com/rumiprmswri/status/1874134773427585449,320561427,rumiprmswri
1873956981415043207,Tue Dec 31 16:45:19 +0000 2024,0,Alias gw gamau meninggalkan tahun ini. Walaupun banyak banget usaha dengan nangis hampir gila cobaaan dan pelajaran hidup yang gapernah gw bayangkan. Rasanya sedih ninggalin tahun terakhir bersama ibu gapengen tutup buku ini,1874134753982767596,,notyouraprill,in,ᴹⁱᶠᵗʰᵃ'ˢ ᵈᵃⁱˡʸ ᵗʰᵒᵘᵍʰᵗˢ,0,0,0,https://x.com/notyouraprill/status/1874134753982767596,581745387,notyouraprill
1873581720668442692,Tue Dec 31 16:45:18 +0000 2024,0,@kaylostation Kecewa,1874134750124007508,,kaylostation,in,,0,0,0,https://x.com/nndontttt_art/status/1874134750124007508,1813839141043650560,nndontttt_art
1874126544953913517,Tue Dec 31 16:45:18 +0000 2024,0,@beybiiuu WOY WOYYY /mengejarmu/,1874134747942965319,,beybiiuu,in,Naraya Shaletta A,0,1,0,https://x.com/toowthless/status/1874134747942965319,785242474339930112,toowthless
1874134741873811921,Tue Dec 31 16:45:16 +0000 2024,0,ih sedih y,1874134741873811921,,,in,bw chill aj,0,0,0,https://x.com/24lourky/status/1874134741873811921,1343258760936968192,24lourky
1873778376466719126,Tue Dec 31 16:45:16 +0000 2024,0,@hyucktanic iya sedih aku streak aku sm modi jg ended plek,1874134740175069526,,hyucktanic,in,,0,1,0,https://x.com/meowkore/status/1874134740175069526,1791788375521067008,meowkore
1874134732944138451,Tue Dec 31 16:45:14 +0000 2024,0,marinasiku tidak pernah gagal alias wenak bgtttt ,1874134732944138451,,,in,,0,0,0,https://x.com/Bblwbry_/status/1874134732944138451,1250278710487310337,Bblwbry_
1874134514173436412,Tue Dec 31 16:44:22 +0000 2024,11,Gw tuh apa ya tipe yg gbsa nangis brg2 pdhl h-1 temusubeom pas bunitia nangisin mment airport gw msh ketawa/i hari H AAA pun gw cm cengengesan dan blank aja gtu giliran dah nyampe kosan sendirian barulah ke recall smw moment2 itu trus NANGIS SEPUASNYA https://t.co/87KWqSsM4m,1874134514173436412,https://pbs.twimg.com/amplify_video_thumb/1874097469069668352/img/J0JdlYUcXlRvr8Fo.jpg,,in,Indonesia,0,1,1,https://x.com/cecikiciw/status/1874134514173436412,1140918211161939968,cecikiciw
1873868106353041444,Tue Dec 31 16:44:20 +0000 2024,0,@suneokurus mending sendirian bang,1874134506623693137,,suneokurus,in,🌊,0,0,0,https://x.com/battosaixyz/status/1874134506623693137,1514190619811651589,battosaixyz
1874134505453449251,Tue Dec 31 16:44:20 +0000 2024,2,jd sedih setaunan ini byk bgt org-org baik yg mau temenan sm aku huhu makasi banyak️‍maaf ya marah-marah trs :(((,1874134505453449251,,,in,โอมนนน ♡.,0,1,0,https://x.com/nanonkiddo/status/1874134505453449251,1429446897580662793,nanonkiddo
1874134482732933404,Tue Dec 31 16:44:15 +0000 2024,0,Mari galau bersama lany https://t.co/4Xwe6ufpjn,1874134482732933404,https://pbs.twimg.com/media/GgJDYAWbYAgvj_5.jpg,,in,CARATLAND,0,0,0,https://x.com/cherryforsc/status/1874134482732933404,1030446052904558593,cherryforsc
1874134473186701542,Tue Dec 31 16:44:12 +0000 2024,0,makasih buat teman aku dan orang yg peduli sama aku berkat kalian akhir tahunku ga dipake buat galau patah hati dan nangis nangis doang️,1874134473186701542,,,in,,0,0,0,https://x.com/puddinginz/status/1874134473186701542,1687313655636078592,puddinginz
1874134455528661137,Tue Dec 31 16:44:08 +0000 2024,0,udah 2x gw boker berdarah. gw lagi frustasi skrg. gw mw nangisss wasir gw lagi ngambek ,1874134455528661137,,,in,"loz feliz, LA",0,0,0,https://x.com/blackwidowauu/status/1874134455528661137,1381604502021697536,blackwidowauu
1873780988167544933,Tue Dec 31 16:44:08 +0000 2024,0,@gwrylid Sedih kah????,1874134453192450109,,gwrylid,in,,0,1,0,https://x.com/myfirsttkp/status/1874134453192450109,1817026818450554882,myfirsttkp
1873953165726671222,Tue Dec 31 16:44:04 +0000 2024,0,@shda_agatha_ @CNNIndonesia Lu ngetik apa anjir berita yg lu sebar malah bilang D Feyziev ditahan karena bersalah sama pihak berwenang negaranya. Kocak,1874134437606416607,,shda_agatha_,in,,0,0,0,https://x.com/Malawi_Thom/status/1874134437606416607,1693831794767060993,Malawi_Thom
1874134434573934972,Tue Dec 31 16:44:03 +0000 2024,0,guys kok aku sedih ya ninggalin 2024 :(,1874134434573934972,,,in,All E-Wallet & Qris,0,0,0,https://x.com/iiwonyi/status/1874134434573934972,1601054713,iiwonyi
1874096075751252359,Tue Dec 31 16:44:03 +0000 2024,0,@sereinoche @sairaherhardt kasih amplop kosong aja isinya surat selamat menempuh hidup baru yang menderita ARGHHHH FRUSTASI BGT MATTHIAS UDAH GA JADI BUJANGAN LAGI UDAH BUKAN BUJANG JERMAN LAGI,1874134433915429234,,sereinoche,in,,0,1,0,https://x.com/edwineccleston/status/1874134433915429234,1760172905659531264,edwineccleston
1874134433227563067,Tue Dec 31 16:44:03 +0000 2024,0,makin sedih inget bentar lgi brgkt kuliah.. ,1874134433227563067,,,in,di hatimu,0,0,0,https://x.com/cerseon/status/1874134433227563067,1362647621546823681,cerseon
1874134414801973356,Tue Dec 31 16:43:58 +0000 2024,0,ARGH SEDIH BGT... mataku gbs fokus gt(?) gabisa bengong lah intinya APASIH intinya gbs natap sesuatu lama terutama yang gerak.. BUREM SEMUA JADINYA,1874134414801973356,,,in,personal acc,0,0,0,https://x.com/143GYUVIN/status/1874134414801973356,1868627174527541248,143GYUVIN
1874117107841126751,Tue Dec 31 16:43:55 +0000 2024,0,@haurmoniez aku sudah lelah duluan mengurus sendirian..... aku campakkan...... (⁠ ⁠･ั⁠﹏⁠･ั⁠),1874134402713960561,,haurmoniez,in,she/her | legal.,0,1,0,https://x.com/autumnnpaths/status/1874134402713960561,1862974718875418624,autumnnpaths
1874134395810177056,Tue Dec 31 16:43:54 +0000 2024,0,gue kira gue udah cukup baik baik aja buat tahun baru sendirian ternyata engga juga. gue masih anak-anak.,1874134395810177056,,,in,"dnff, dnss.",0,0,0,https://x.com/moireamour/status/1874134395810177056,1781720704200871937,moireamour
1874114480617263596,Tue Dec 31 16:43:50 +0000 2024,1,@RubyCaelina Kecewa berut aku mah ,1874134381499211996,,RubyCaelina,in,,0,1,0,https://x.com/KouheiYamagata_/status/1874134381499211996,1794157603347656704,KouheiYamagata_
1874134377271353473,Tue Dec 31 16:43:49 +0000 2024,0,bay bay 2024 sedih uga ,1874134377271353473,,,in,bw chill aj,0,0,0,https://x.com/24lourky/status/1874134377271353473,1343258760936968192,24lourky
1874134369771937940,Tue Dec 31 16:43:48 +0000 2024,0,guys aku sedih aku pengen nangis. tinggal hitungan menit udah 2025 rasanya kaya ada yg aneh aja kaya aku ga nyangka bisa lewatin semuanya dari yg sedih susah sakit ditahun 2024.,1874134369771937940,,,in,nct,0,0,0,https://x.com/markeudraft/status/1874134369771937940,1441664688232669190,markeudraft
1874134042993713616,Tue Dec 31 16:42:30 +0000 2024,0,Tahun baru ngapa gua sedih bgt ya jir? Tiba-tiba bgt kamprett pengen nangis,1874134042993713616,,,in,★— jmpretty,0,0,0,https://x.com/cruel_suummer/status/1874134042993713616,1542442517953921024,cruel_suummer
1874091622369206376,Tue Dec 31 16:42:26 +0000 2024,0,@sxljnrti galau beratt ayukk keluarr ,1874134029274071378,,sxljnrti,in,🍰 bakery ⋆. 𐙚 ˚,0,1,0,https://x.com/ourrhappines_/status/1874134029274071378,1211322476224901121,ourrhappines_
1874134025276997866,Tue Dec 31 16:42:26 +0000 2024,0,2024 dah mau selesai mau berterimakasih sama Allah sama orang tua gua juga (walaupun gapernah ngucapin secara langsung hehe). Sebenernya sebelum ngetwit yang gua RT tuh gua udah di tahap pasrah sama hidup gua sendiri gua ngerasa kek orang yang ga berguna gitu kenapa?,1874134025276997866,,,in,,0,1,0,https://x.com/Bluesturnus/status/1874134025276997866,1077218610408378368,Bluesturnus
1867956688571208024,Tue Dec 31 16:42:25 +0000 2024,0,@outrotearc gajadi galau deh td lg mabok jagung ,1874134024182198316,,outrotearc,in,21+,0,0,0,https://x.com/cuttieskoo/status/1874134024182198316,1478803200220168195,cuttieskoo
1873931411981512969,Tue Dec 31 16:42:19 +0000 2024,0,@antusiacs Capek klo excited sendirian,1874133995954594114,,antusiacs,in,handled by admins.,0,0,0,https://x.com/brettney/status/1874133995954594114,790887539162816513,brettney
1874132504028078280,Tue Dec 31 16:42:18 +0000 2024,0,Setelah sekian lama nggak pernah ngerasain sendirian akhirnya gue kembali ngerasain itu awal tahun ini. Sendiri yang beneran sendirian sendirian yang gue beneran cuma punya kaki gue sendiri buat bertahan (anjas).,1874133995384082685,,shelteredstars,in,DNFF DNSS.,0,1,0,https://x.com/shelteredstars/status/1874133995384082685,706503048,shelteredstars
1874133981605843014,Tue Dec 31 16:42:15 +0000 2024,0,Page 366 of 366 It was a hard year but i made it. I survived. irl 2024 rasanya berat banget kak aku banyak sedih dan nangisnya aku sekacau itu dan makin berat tanpa bangtan. gasabar 2025 menyambut kalian pulang dengan segala cerita dan kerusuhan ot7 kalian ,1874133981605843014,,,in,"at magic shop, magic island",0,1,0,https://x.com/bluengreyist/status/1874133981605843014,1111925691291885568,bluengreyist
1874133957677375733,Tue Dec 31 16:42:09 +0000 2024,0,Keringet dingin asli dingin sebadan badan ampe gemeter karena cicak naik ke kursi di kamar ampe tu kursi gue lempar keluar kamar mastin cicak nya disana ga stay di kamar mau nangiss sumpah sebenci itu sama cicak gelisah bgt YaAllah,1874133957677375733,,,in,,0,0,0,https://x.com/wiildberryyy/status/1874133957677375733,1425048271609757697,wiildberryyy
1874133945920659853,Tue Dec 31 16:42:07 +0000 2024,0,sedih berkepanjangan dan nonstop ini perlu diperiksa memang,1874133945920659853,,,in,,0,0,0,https://x.com/ijbolifikasi/status/1874133945920659853,1794649720172007424,ijbolifikasi
1874133628214821164,Tue Dec 31 16:41:56 +0000 2024,0,gatau sedih ^-^,1874133899611427219,,aIveolus,in,,0,0,0,https://x.com/aIveolus/status/1874133899611427219,1566840095763996677,aIveolus
1874133897656885630,Tue Dec 31 16:41:55 +0000 2024,0,Mcm ni la baguss acknowledge salah sendiri pastu improve bukannya orang tegur kau tu rude tapi still backup diri sendiri alasan kami mmg mcm ni suka bergurau kasaq. Otak hang la tak habis2 gurau kasaq pastu buat video acah savage habis kuat pasang lagu sedih ,1874133897656885630,,,in,,0,0,0,https://x.com/mintdaisy_/status/1874133897656885630,1499906964867805184,mintdaisy_
1874130094605951015,Tue Dec 31 16:41:55 +0000 2024,0,@wweverytime Kecewa kita.. wkwkwk,1874133896188879088,,wweverytime,in,,0,0,0,https://x.com/Allinmoon2/status/1874133896188879088,1672623637193703425,Allinmoon2
1874124098210869296,Tue Dec 31 16:41:54 +0000 2024,0,@olipiawl pelukk olipp gatau juga apa yg bikin sedih yaa,1874133893542301801,,olipiawl,in,,0,0,0,https://x.com/hwanyoomiie/status/1874133893542301801,1703410293307805696,hwanyoomiie
1874116816731275758,Tue Dec 31 16:41:54 +0000 2024,0,@Difahzah Iya loh mana xspace echo aku tinggal 1 lagi createnya. Sedih banget baru xavi doang yang r1 ,1874133891168297314,,zayraafa,in,Indonesia,0,1,0,https://x.com/jeevierhugword/status/1874133891168297314,1829093439537061888,jeevierhugword
1874133720384589943,Tue Dec 31 16:41:53 +0000 2024,1,@biimayu yang harusnya ada gimmik pembullyan tapi gagal. https://t.co/L4NR0oyATR,1874133887640859102,https://pbs.twimg.com/media/GgJC1mebYAAoiak.jpg,jeozngu,in,rp on link,1,1,0,https://x.com/jeozngu/status/1874133887640859102,845282529263288321,jeozngu
1874133005918519341,Tue Dec 31 16:41:52 +0000 2024,0,@uyam201099 : ) Sedih gaada yang nemenin lg?,1874133886449614920,,uyam201099,in,,0,0,0,https://x.com/noweaj290394/status/1874133886449614920,1738521052245061632,noweaj290394
1874131932969394688,Tue Dec 31 16:41:52 +0000 2024,0,Kalian tau kan beberapa kasus bom yang sempet rame di Indonesia? Dan karena itu jadi alasan kenapa FIFA akhirnya gagal ke sini Meski alhamdulillah kasus bom berkurang Kalian baca deh surat wasiat mereka. Mereka tuh takut mati sebenarnya.,1874133883761156220,,royyana1304971,in,,0,1,0,https://x.com/royyana1304971/status/1874133883761156220,1329190524897558530,royyana1304971
1874120252432454004,Tue Dec 31 16:37:49 +0000 2024,0,@Chpristian Sedih,1874132866269143471,,berandasl,in,"📜. . , 94 !Uncommitted",0,0,0,https://x.com/OfTaleGirls/status/1874132866269143471,3018862120,OfTaleGirls
1874132866139099192,Tue Dec 31 16:37:49 +0000 2024,0,CAA KON GAOLEH BERBURUK SANGKA NANG TUHAN KON GAOLE HIDUP TANPA AMBISI! sumpah gapopo merasa kecewa nang sesuatu seng penting awmu wes nyoba. uripmu ga selalu dalam keadaan beruntung cik ojo ngandalno hoki. koyok ngeneki sopo seng ate obah lek gak awmuu dewe,1874132866139099192,,,in,,0,0,0,https://x.com/avrakad/status/1874132866139099192,1214470842244947973,avrakad
1874132863572128038,Tue Dec 31 16:37:49 +0000 2024,1,eh kenapa ko sedih ya,1874132863572128038,,,in,,1,1,0,https://x.com/real_____good/status/1874132863572128038,1569083917076148224,real_____good
1874132860250317209,Tue Dec 31 16:37:48 +0000 2024,0,Kalau PPN gagal naik menurut gua itu bukan hal yg harusnya membahagiakan karena ya emang harusnya gak naik Kadang kidding masyarakat kita dengan kebijakan pemerintah ini mengelu2kan mereka yang seringkali bikin kita susah dengan kebijakan mereka sendiri,1874132860250317209,,,in,106.101.100.105,0,0,0,https://x.com/AquaReqia/status/1874132860250317209,1241569705439006720,AquaReqia
1874130931470262550,Tue Dec 31 16:37:47 +0000 2024,0,@luksdvis ni dibikin stres sm euno ni jdi rontok rmbutny,1874132857532358861,,luksdvis,in,🎨🖌️,0,1,0,https://x.com/c_cherriez/status/1874132857532358861,1783197509671923712,c_cherriez
1874132852453052430,Tue Dec 31 16:37:46 +0000 2024,0,sedih pgn kumpul keluarga yg bener bener keluarga besar.... disini berasa terasingkan,1874132852453052430,,,in,jaehyun's gf,0,0,0,https://x.com/fdnjjp/status/1874132852453052430,1829135948413849600,fdnjjp
1874006478061002969,Tue Dec 31 16:37:46 +0000 2024,0,@notrestinpeace sedih ya kak rasanya,1874132852092305609,,notrestinpeace,in,,0,0,0,https://x.com/marigolmd/status/1874132852092305609,2881400671,marigolmd
1873784381917323361,Tue Dec 31 16:37:43 +0000 2024,0,@GunRomli HAHAHA JUBIR PDIP MACAM GINI. CALEG GAGAL.... YANG PENTING TERIAK KERAS DAN TAK TAHU MALU.... GAS POL NO REM,1874132839668785455,,GunRomli,in,,0,0,0,https://x.com/AdityaChristy2/status/1874132839668785455,1371135022871183365,AdityaChristy2
1874132837747876011,Tue Dec 31 16:37:42 +0000 2024,0,Sedih bgt coyy ,1874132837747876011,,,in,dunia | she,0,0,0,https://x.com/jfrmble/status/1874132837747876011,3278977044,jfrmble
1874132836263092663,Tue Dec 31 16:37:42 +0000 2024,0,sangking kesepian e tahun baru mbek demit,1874132836263092663,,,in,,0,0,0,https://x.com/RafliPrikitiw/status/1874132836263092663,1773090620598562817,RafliPrikitiw
1874132835776479630,Tue Dec 31 16:37:42 +0000 2024,1,Gue liat ucapan selamat tahun baru di tl kok sedih ya,1874132835776479630,,,in,7,0,1,0,https://x.com/underpresyour/status/1874132835776479630,1475807960051769346,underpresyour
1874132820853248333,Tue Dec 31 16:37:38 +0000 2024,0,Disabarin tapi seenaknya,1874132820853248333,,,in,,0,0,0,https://x.com/ruangceritaaa_/status/1874132820853248333,1872615904904921088,ruangceritaaa_
1874132820832194831,Tue Dec 31 16:37:38 +0000 2024,0,ini pulang kerumah sama aja kaya ngekost cuma sendirian dirumah,1874132820832194831,,,in,hati kak jimin,0,1,0,https://x.com/caramelyfluffy/status/1874132820832194831,1494129669976715265,caramelyfluffy
1874026424983830548,Tue Dec 31 16:37:38 +0000 2024,0,@jiungkirbalik Katanya sih gagal itu bagian dari kesuksesan,1874132818575663121,,jiungkirbalik,in,,0,0,0,https://x.com/delfiayolanda/status/1874132818575663121,1298209864720637952,delfiayolanda
1874132816432418873,Tue Dec 31 16:37:37 +0000 2024,0,Aku udah ngerasain nafsu makan tinggi di h-11 sesuai jadwal. Emosi gajelas nangis² galau sedih apa lah dari h-7an. Ehh ini telat 7 hari akhirnya pecah telooooorr https://t.co/mS2MfCWtA4,1874132816432418873,https://pbs.twimg.com/media/GgJB3IybkAA2fn0.jpg,,in,🇮🇩,0,0,0,https://x.com/doublwyouu/status/1874132816432418873,1413462395163320324,doublwyouu
1874132798845694229,Tue Dec 31 16:37:33 +0000 2024,25, Saatnya Aku Benar-Benar Pergi. Puisi terakhir yang kutulis pada 2024. Sekaligus (yang kuharap) puisi terakhir untuk kamu kesatria kesepian(ku). Maaf selamanya tak jadi milik kita! https://t.co/lKQM1pU8u3,1874132798845694229,https://pbs.twimg.com/media/GgJB2DWaQAABz_K.jpg,,in,Avalaible || Pelican town,1,0,4,https://x.com/lordluka09/status/1874132798845694229,1713538253721387008,lordluka09
1874132792692691328,Tue Dec 31 16:37:32 +0000 2024,1,Aku sedih bgt knp ya,1874132792692691328,,,in,"23 y.o Depok, Jawa Barat",0,0,0,https://x.com/taleslunak/status/1874132792692691328,1345225027549974528,taleslunak
1874130284737945717,Tue Dec 31 16:37:32 +0000 2024,0,@hjdepok Sedih bet lagunye ahhaaha,1874132792474558789,,hjdepok,in,"DKI Jakarta, Indonesia",0,1,0,https://x.com/vibesmingi/status/1874132792474558789,1226020694804189184,vibesmingi
1874132789676892165,Tue Dec 31 16:37:31 +0000 2024,0,tapi sedih jirr,1874132789676892165,,,in,,0,0,0,https://x.com/hyeegurl/status/1874132789676892165,1355045225195048961,hyeegurl
1874131803931578760,Tue Dec 31 16:33:36 +0000 2024,0,Br kali ini merasa bersalah liat badan seungmo https://t.co/ro99rAyS0n,1874131803931578760,https://pbs.twimg.com/media/GgJA8aGbIAARBxH.jpg,,in,STRAY KIDS,0,0,0,https://x.com/ghnabnahc/status/1874131803931578760,1412811046499192836,ghnabnahc
1874125797520531831,Tue Dec 31 16:33:35 +0000 2024,0,Kalo bner kamu yg ambil mbak.. kamu jahat bgt ege:( Pdhl pas pertama kli kita ketemu setelah aku pulang kamu ngeliat kan aku pake itu jaket.. trs kamu tega ambil jaketku gt aja (kalo emg bner) Sedih bgt jirlah Disclaimer: Aku ga ada maksud buat ngerendahin pekerjaan org yaa,1874131801788342723,,whos_thismf_,in,home,0,0,0,https://x.com/whos_thismf_/status/1874131801788342723,1813709203183390720,whos_thismf_
1874130480876212685,Tue Dec 31 16:33:35 +0000 2024,0,@nanisupanjibobu MAKASIHHH AYANGG dan emang elon biasa gitulah aku pun dah pasrah teruslah kt berkarya di sinii bebb /eaa,1874131801310187743,,,in,,0,0,0,https://x.com/alatuskong/status/1874131801310187743,800797782,alatuskong
1874126524410134793,Tue Dec 31 16:33:30 +0000 2024,0,@im_Linyi dedek sendirian aja awas diculik,1874131780569317767,,im_Linyi,in,To RP — 99年 ; Only & 41G.,0,1,0,https://x.com/Azhqai/status/1874131780569317767,1820041553777491968,Azhqai
1874131776584736793,Tue Dec 31 16:33:29 +0000 2024,0,Terima kasih untuk SEVENTEEN yang udah nemenin 2024 ini terima kasih buat lagu-lagu yang buat aku semangat setiap hari terima kasih bukan konten kalian yang ngehibur orang kesepian ini. Ga lupa juga buat temen-temen mutualan aku di sini aku juga mau ngucapin terima kasih buat- https://t.co/JnPo7CmUGj,1874131776584736793,https://pbs.twimg.com/media/GgJA6zIbYAYtzuV.jpg,,in,((17)) caratland 🇮🇩,0,1,0,https://x.com/acoust1c__/status/1874131776584736793,1427897092463235072,acoust1c__
1874131774458261620,Tue Dec 31 16:33:29 +0000 2024,0,sedih dikit new year netfku malah ga bisa tapi yaudah aku jadi baca novel lagi,1874131774458261620,,,in,rant,0,0,0,https://x.com/bellaalilu/status/1874131774458261620,1500385854694445057,bellaalilu
1874131752752734439,Tue Dec 31 16:33:24 +0000 2024,21,Agak sedih yaaaaa ini tahun terakhir dia jadi mc mbc gayo https://t.co/1jTUYM2sC8,1874131752752734439,https://pbs.twimg.com/ext_tw_video_thumb/1874125575503437824/pu/img/rbu_Cq053urCWxmx.jpg,,in,,0,0,0,https://x.com/itshimelee/status/1874131752752734439,820452768250925056,itshimelee
1874119179118535155,Tue Dec 31 16:33:20 +0000 2024,0,@Pprimilly Sumpah 2024 gue sedih sedih mulu ya.. ,1874131737829335255,,Pprimilly,in,,0,0,0,https://x.com/driftgaze/status/1874131737829335255,1871916322126438400,driftgaze
1874131723279307212,Tue Dec 31 16:33:17 +0000 2024,0,Tiap sedih selalu dengerin dia nyanyi ballad. Anehnya bukan tambah sedih karena ngelakuin itu malah jadi tenang dan serasa diayun ayun,1874131723279307212,,,in,Rumah keluarga berpencar,0,0,0,https://x.com/chachaboba/status/1874131723279307212,1621133202625794048,chachaboba
1874130581908533348,Tue Dec 31 16:33:15 +0000 2024,0,@A_FionyJKT48 Sudah mulai stres,1874131715796721760,,A_FionyJKT48,in,,0,0,0,https://x.com/permichieee/status/1874131715796721760,1158601660215676930,permichieee
1874131705923240437,Tue Dec 31 16:33:15 +0000 2024,1,ㅤ Anak pendiam yang aslinya yapper profesional tingkat kabupaten. Tapi saya bersyukur dia sekarang banyak yappingnya ke saya doang (posesif) dan pasti mencakup semua hal yang ada di dia. Dari hal yang dia suka sampai ga suka dari yang bikin dia seneng sampai sedih. ㅤ https://t.co/X1pbVznkFZ,1874131714295161013,https://pbs.twimg.com/media/GgJA3AqaoAAQs5k.jpg,munghayat,in,Kafindra's ,1,1,1,https://x.com/munghayat/status/1874131714295161013,1656319328013398016,munghayat
1873975604913332656,Tue Dec 31 16:33:14 +0000 2024,0,@nanura__ kalo udah ga ada respek berarti udah kecewa bangey,1874131713036886047,,nanura__,in,,0,0,0,https://x.com/redupsudahbulan/status/1874131713036886047,1742107264134369280,redupsudahbulan
1874131709622706637,Tue Dec 31 16:33:13 +0000 2024,0,sedih eh bila bagi stray cat makan tapi dia nak belai dulu even dia tengah lapar ,1874131709622706637,,,in,,0,0,0,https://x.com/nadtella_/status/1874131709622706637,635857592,nadtella_
1874128580692893992,Tue Dec 31 16:33:13 +0000 2024,0,@vindrenth IYA PLIS MASA 15 DETIK DOANG TP KALO DI LANJUT BAKAL SEDIH BGT KAK ,1874131706950934796,,vindrenth,in,,0,1,0,https://x.com/97kthjjkk/status/1874131706950934796,1742858168328507392,97kthjjkk
1874010034625274049,Tue Dec 31 16:33:12 +0000 2024,10,@inilahdotcom Paling sedih itu Khahiyang ya Suami dibiarin bapaknya selingkuh gaada jabatan yg dipangku ga dapat panggung tpi tau namanya jga ikt terseret kasus korupsi. Owkowkwokw,1874131702186205463,,inilahdotcom,in,,0,2,2,https://x.com/KalvinAnyar22/status/1874131702186205463,1812791335570812928,KalvinAnyar22
1874131697727623632,Tue Dec 31 16:33:11 +0000 2024,0,2024 Ketemu Sebong d GDA Ketemu Sebong d Follow again day 1 n day 2 MnG Chitato Indomilk Gagal ketemu Nissan Tour Japan Caratland KR Lebih banyak ketemunya daripdh gagal. Sangat bersyukur walaupun sedih banget wkt kegagalan itu ,1874131697727623632,,,in,,0,0,0,https://x.com/sedino_inmayjun/status/1874131697727623632,145816800,sedino_inmayjun
1874131674365317286,Tue Dec 31 16:33:05 +0000 2024,1,tahun baru nangis sendirian di kos grgr homesick https://t.co/KmKrnuQiXq,1874131674365317286,https://pbs.twimg.com/media/GgJA0afbIAAyfLO.jpg,,in,she/her,0,1,0,https://x.com/milranghae/status/1874131674365317286,1152881469368369152,milranghae
1873929387273576746,Tue Dec 31 16:33:04 +0000 2024,0,11. november - ngebolang sendirian ke bandung - nyaris lolos skd cpns (mamam tuh beda satu poin) - jadi KPPS pilkada sibuk bet sibuk https://t.co/dphwCJiBMu,1874131669571297657,https://pbs.twimg.com/media/GgJA0KPbYAAKOJi.jpg,genkidesung,in,stay zone,0,1,0,https://x.com/genkidesung/status/1874131669571297657,892059585040662529,genkidesung
1874076853750690038,Tue Dec 31 16:32:59 +0000 2024,0,@bulanrpw Aw Gapapa kok keinget kaya gitu asal gak bikin kamu sedih,1874131650424270945,,bulanrpw,in,SND,0,0,0,https://x.com/bbibbimgyu/status/1874131650424270945,1858692687349903363,bbibbimgyu
1874131649174335560,Tue Dec 31 16:32:59 +0000 2024,1,Semoga 2025 tiada tangisan sedih dan sakit,1874131649174335560,,,in,araustralia ,0,0,0,https://x.com/loveu_adriana/status/1874131649174335560,1350652324037890048,loveu_adriana
1874130497313673610,Tue Dec 31 16:32:59 +0000 2024,0,@Krishibe aa sedih co https://t.co/JkN7txztux,1874131648524259570,https://pbs.twimg.com/media/GgJAzW_acAARDZD.jpg,Krishibe,in,Flora Ivy Meredith,0,0,0,https://x.com/Souffleure/status/1874131648524259570,1489875003600687104,Souffleure
1874131645684711436,Tue Dec 31 16:32:58 +0000 2024,0,Babay jajanan di th 2024 po yzy r2 ob r5 ob nunggu hampir 1 th gagal pulang kena scamm ( sepertinya krn seller sana gak ada respon ) jajan pulpen jaywon gagal jg karena gak ngeh kalo udh ada tax pdhl udh mlototin itu go akhirnya kena denda 30k yowis ambill ja pena nya,1874131645684711436,,,in,🍀,0,0,0,https://x.com/deejongseong/status/1874131645684711436,1706684661320355840,deejongseong
1874042940676591867,Tue Dec 31 16:32:57 +0000 2024,0,@minkaput ternyata emang temenan akrab ini sama kesepian,1874131641620480509,,minkaput,in,"Medan, Sumatera Utara, ID",0,0,0,https://x.com/ndogito/status/1874131641620480509,181036727,ndogito
1874080620873474522,Tue Dec 31 16:32:54 +0000 2024,0,@wfor_wumbo ini kenapa pada ngira gue galau bjir,1874131627007484389,,wfor_wumbo,in,istrinya jaehyun bos,0,1,0,https://x.com/jungjaemate/status/1874131627007484389,1119772915153588224,jungjaemate
1874131626856431624,Tue Dec 31 16:32:54 +0000 2024,0,Sedih... Umurku udah mau 16 tapi dari dulu sampai sekarang takut petasan :(,1874131626856431624,,,in,See u next time ilichil 😼🫵🏻,0,1,0,https://x.com/kieesnha_/status/1874131626856431624,1553015948344377344,kieesnha_
1874131626197999959,Tue Dec 31 16:32:54 +0000 2024,0,anjir sampai lupa bikin recap 2024. sedih banget 2024-ku nggak bermakna kayak orang-orang ,1874131626197999959,,,in,"Kota Surabaya, Jawa Timur",0,0,0,https://x.com/oyond_ipank/status/1874131626197999959,1243577888,oyond_ipank
1873916940470935987,Tue Dec 31 16:32:48 +0000 2024,0,@Halgerios Iya mari kita pasrah dan serahkan aja ke Allah,1874131603766870179,,Halgerios,in,,0,0,0,https://x.com/novyxa/status/1874131603766870179,864726638763925504,novyxa
1874131594606502347,Tue Dec 31 16:32:46 +0000 2024,0,yaAllah udah stres lagi,1874131594606502347,,,in,,0,0,0,https://x.com/itsmesaskyy/status/1874131594606502347,1868074094387924992,itsmesaskyy
1874015996635472137,Tue Dec 31 16:32:43 +0000 2024,0,@alvianyps semoga dihilangkan yang bikin gelisah,1874131581075649014,,alvianyps,in,,0,0,0,https://x.com/KikoyBarry/status/1874131581075649014,577318073,KikoyBarry
1874126813523566656,Tue Dec 31 16:32:39 +0000 2024,0,selain keluarga dan teman yg menemani hari hariku baik senang maupun sedih. kehadiran bangtan jg sbg pelengkap. bersyukur bgt thn 2021 kenal bangtan &amp; bertahan sampai sekarang. semoga suatu hari nanti bisa bertemu langsung dgn bangtan https://t.co/lJ14VEPIN6,1874131566898868235,https://pbs.twimg.com/media/GgJAuXNagAAmSJt.jpg,Naystd7,in,,0,0,0,https://x.com/Naystd7/status/1874131566898868235,1463655620192604164,Naystd7
1874131561391808799,Tue Dec 31 16:32:38 +0000 2024,1,Di sudut kamar aku terbaring menatap langit-langit rumah yang sudah tua. Di luar kamar terdengar gemericik irama hujan. Isi kepala melanglabuana mencari praduga-praduga kebaikan masa depan. Ku berserah pasrah. Tak berdaya upaya. 2025 aku ingin berdaya berupaya.,1874131561391808799,,,in,Majalengka-Cirebon,0,0,0,https://x.com/YDiniharis/status/1874131561391808799,710848963109195777,YDiniharis
1874131555800744022,Tue Dec 31 16:32:37 +0000 2024,6,inti dari segala harapan..2025 tolong berdamai yah. cukup 2024 tahun yg terpuruk (banyak galau jomblo disia2kan mencintai sepihak ekonomi anjlok stress byk sakit ibadah gak maksimal) 2025 tolong lebih baikkk!! Amiin #gaymakassar,1874131555800744022,,,in,Makassar,0,2,0,https://x.com/Muh_diwan23/status/1874131555800744022,1613061149985234945,Muh_diwan23
1874131555460985224,Tue Dec 31 16:32:37 +0000 2024,0,alah goblok taun depan wegah aku excited sendirian cok,1874131555460985224,,,in,"౨ৎ rant, talk abt everything",0,0,0,https://x.com/apatiskontol/status/1874131555460985224,1859035387836198914,apatiskontol
1874131553556856993,Tue Dec 31 16:32:36 +0000 2024,1,Capek banget ya Allah pengen tidur ngantuk banget sumpah. Sama sekali gak ada yang bisa ngertiin posisi aku sama sekali semua mikirin egonya masing aku hanya bisa diam.,1874131553556856993,,,in,,0,0,0,https://x.com/galau_time03/status/1874131553556856993,1613082404960493568,galau_time03
1874130972905763124,Tue Dec 31 16:32:36 +0000 2024,0,yg bikin gua eneg adalah gua kasian anjr sm tmn gua ini kaya gali lobang tutup lobang utk kesalahan cowonya berulang kali dan selalu sama. KEK ANJ BERANTEM MLU NNTI GALAU KESANA KEMARI TP DKSH TAU PUTUS GAMAU ANJINGGG ANJING,1874131553418371339,,imawwz,in,,0,2,0,https://x.com/imawwz/status/1874131553418371339,1216197762879873024,imawwz
1874078913691111728,Tue Dec 31 16:32:36 +0000 2024,0,@XELCIU5 Kecewa,1874131551107314118,,XELCIU5,in,"ma bed, i want to sleeb",0,1,0,https://x.com/Mygeshabeen/status/1874131551107314118,1162262779815813120,Mygeshabeen
1874131530462998540,Tue Dec 31 16:32:31 +0000 2024,0,tapi 2024 best year sih walaupun banyak nangisnya,1874131530462998540,,,in,Naraya Shaletta A,0,0,0,https://x.com/toowthless/status/1874131530462998540,785242474339930112,toowthless
1874130581908533348,Tue Dec 31 16:32:29 +0000 2024,0,@A_FionyJKT48 lelah kah cep?,1874131524473544957,,A_FionyJKT48,in,Kota Banda Aceh,0,0,0,https://x.com/dinosaurustidur/status/1874131524473544957,1218531127477948418,dinosaurustidur
1874131523009732662,Tue Dec 31 16:32:29 +0000 2024,0,'dan ujannya masih lanjut.. bubar.. bubaaarrr.. gagal dah smuanya.. kita tutup 2024 dengan ujan *bye twenty twenty four https://t.co/l6Qv1Ouz31,1874131523009732662,https://pbs.twimg.com/media/GgJArFFbYAEGjZC.jpg,,in,,0,0,0,https://x.com/Rifian_rid/status/1874131523009732662,1407371623359864840,Rifian_rid
1874129455830200831,Tue Dec 31 16:32:23 +0000 2024,0,@nacearth wkwk dah galau aja,1874131500213711188,,nacearth,in,sapphic,0,1,0,https://x.com/zorthyx/status/1874131500213711188,1802906245474770944,zorthyx
1874131493502808298,Tue Dec 31 16:32:22 +0000 2024,0,di penghujung pergantian tahun kok aq sedih ya. sperti gak di pedulikan sm pasangan. pdahal aq minta baik2 spaya dia temenin aq. tp dia alasan ingin lht pesta kembang api #dikamar #malamtahunbaru2025,1874131493502808298,,,in,+62,0,0,0,https://x.com/minibot80/status/1874131493502808298,1579450499861925888,minibot80
1874131490986221684,Tue Dec 31 16:32:21 +0000 2024,1,mulai kerasa hampa... 2025 I should be happy right?? tpi aku takut... ekspektasi keluargaku orang2 di sekitarku krn tahun depan aku udah 26 knp y kek aku harus bgt gtu capai target2 mereka??,1874131490986221684,,,in,,0,1,0,https://x.com/beexquisitee/status/1874131490986221684,1795791231509057536,beexquisitee
1873975297193939351,Tue Dec 31 16:32:20 +0000 2024,0,@whosferd miris banget kamu cinta sendirian,1874131485659422730,,whosferd,in,atas genteng,0,0,0,https://x.com/calonsuspend_/status/1874131485659422730,2507057070,calonsuspend_
1874131471092642071,Tue Dec 31 16:32:17 +0000 2024,0,si onoh kesian bener dah antara dia ngebet buka joki review CV atau beneran ngenes kesepian ,1874131471092642071,,,in,temcy ,0,0,0,https://x.com/piupiuaww/status/1874131471092642071,1388461609190711297,piupiuaww
1874029624164048959,Tue Dec 31 16:32:16 +0000 2024,0,@gagal_hijrah Tuhanmu terlalu ribet ..ayo pilih tuhan yg nggak ribet...,1874131468529918235,,gagal_hijrah,in,,0,0,0,https://x.com/aloyss787/status/1874131468529918235,2242646287,aloyss787
1874131463098294528,Tue Dec 31 16:32:15 +0000 2024,1,gue di kosan sendirian semua anak kosan balik bahkan ibu kos liburan taun baru UDAH BERASA PENJAGA KOSAN,1874131463098294528,,,in,thread au ➡️,0,2,0,https://x.com/gemipaus/status/1874131463098294528,1490686110963363840,gemipaus
1874131456471224716,Tue Dec 31 16:32:13 +0000 2024,2,mari kita sukseskan 30 hari bercerita di 2025 jangan gagal kaya taun 2024 wkwkwk,1874131456471224716,,,in,,0,1,0,https://x.com/sommerfeast/status/1874131456471224716,1443833950330261504,sommerfeast
1873645319357157832,Tue Dec 31 16:32:10 +0000 2024,0,@_giffarii jangan sedih terus kamuuu,1874131441568936157,,_giffarii,in,"Edinburgh, Scotland",0,0,0,https://x.com/cindetr/status/1874131441568936157,1356625718138990593,cindetr
1874120453465502189,Tue Dec 31 16:32:09 +0000 2024,4,@Fahrihamzah Ya nich..dulu mulutnya sampai berbusa busa kritik sana sini dgn dalih demi rakyat NKRI skrg rakyat lgi susah ekonomi terpuruk kok tenang adem ayem. Mlempem mulutnya gk koar 2 lagi. Kenapa ya...?,1874131438184128881,,Fahrihamzah,in,"Central Java, Indonesia",0,0,0,https://x.com/JoeBank78338203/status/1874131438184128881,1301947725269794817,JoeBank78338203
1874097743691735187,Tue Dec 31 16:32:08 +0000 2024,0,@mluthfizuha parah bgt direbut kecewa ak,1874131436154085876,,mluthfizuha,in,nowhere,0,1,0,https://x.com/bebekmungbean/status/1874131436154085876,452833552,bebekmungbean
1874125064242917579,Tue Dec 31 16:32:08 +0000 2024,0,@youngluev tumben banget mami gak bisa langsung ngenalin padahal pas jadi shinyu langsung ngenalin aku mami banyak istirahat yaa jangan banyak pikiran sedih secukupnya abis itu happy lagii!!,1874131435243917759,,youngluev,in,,0,0,0,https://x.com/fromJIHEOON/status/1874131435243917759,3507087554,fromJIHEOON
1874131412133306529,Tue Dec 31 16:32:06 +0000 2024,0,19 Jan berusaha nenangin diri dgn pergi keluar karena masih di rumah jadi nyari tempat lain untuk nyari suasana lain ke tempat seblak sendirian niatnya mau lampiasin ke rasa pedes aja. Bahkan di tempat seblak juga nangis. https://t.co/UVd9op1JXx,1874131425462804601,https://pbs.twimg.com/media/GgJAmUkbIAAa_Fq.jpg,goldenfairyyy,in,,0,1,0,https://x.com/goldenfairyyy/status/1874131425462804601,1611268519680946176,goldenfairyyy
1874131422107361767,Tue Dec 31 16:32:05 +0000 2024,0,penyebabnya ini hujan turun bukanji karena dewa sedang sedih toh? pertanyaan tolol pertama di 2025 hahaha,1874131422107361767,,,in,,0,0,0,https://x.com/mahdirmdhn/status/1874131422107361767,1220344386644402176,mahdirmdhn
1874129114879451638,Tue Dec 31 16:22:55 +0000 2024,2,Yes bad ending semua manusia punya hak buat kecewa semoga segera pulih dan tumbuh di cinta yg baru,1874129114879451638,,,in,,0,0,0,https://x.com/mafiaobat_/status/1874129114879451638,1120168452176527360,mafiaobat_
1874129109326193142,Tue Dec 31 16:22:53 +0000 2024,0,page 366 of 366 Alhamdulillah msihh hidup dan msihh waras ditengah lingkaran toxic inii,1874129109326193142,,,in,,0,0,0,https://x.com/OrangOrangStres/status/1874129109326193142,1531670601806774272,OrangOrangStres
1874047381538488761,Tue Dec 31 16:22:51 +0000 2024,0,@qxntolqu Ya mau gimana lagi. Ini lagi ngejar tamat dulu aja setelahnya pasrah aja deh,1874129097334677894,,qxntolqu,in,,0,0,0,https://x.com/pheonay15/status/1874129097334677894,931000550,pheonay15
1874128211963240863,Tue Dec 31 16:22:50 +0000 2024,0,@Versi_Jelek sialan malah jadi sedih ,1874129096667783243,,Versi_Jelek,in,"Di hati Ella, Virgi, Maira",0,0,0,https://x.com/S_mncgVinShang/status/1874129096667783243,1589527819251392512,S_mncgVinShang
1874129081111109967,Tue Dec 31 16:22:47 +0000 2024,0,kek sedih bgt ninggalin 2024 pdhl tahun ini banyak sakitnya,1874129081111109967,,,in,yupi,0,1,0,https://x.com/estrausia/status/1874129081111109967,1387627595815026688,estrausia
1874129071220912215,Tue Dec 31 16:22:45 +0000 2024,0,Semoga tulisan-tulisan yang tidak seberapa ini bisa cukup menemani dalam kembalinya kuatmu itu ya. Hehe. Minta maaf juga karena belum bisa kayak penulis lainnya yg selalu punya waktu untuk update aunya karena lagi-lagi aku pun banyak cemas dan patahnya ,1874129073221623837,,fforau,in,on break ‎·ᴗ·,0,1,0,https://x.com/fforau/status/1874129073221623837,1661553969293070337,fforau
1874129071220912215,Tue Dec 31 16:22:44 +0000 2024,1,Selamat ya kita masih menghirup udara yang sama sampai di penghujung tahun ini. Untuk segala lelah patah tapi tetap menemukan cara untuk kuat dan tetap tumbuh. Terima kasih masih disini ,1874129071220912215,,,in,on break ‎·ᴗ·,0,3,0,https://x.com/fforau/status/1874129071220912215,1661553969293070337,fforau
1874094634185744408,Tue Dec 31 16:22:44 +0000 2024,0,@_dianintn Kaya yg sedih da,1874129067693441120,,_dianintn,in,Bada Bing,0,0,0,https://x.com/banggaraden/status/1874129067693441120,215220306,banggaraden
1874129067618033706,Tue Dec 31 16:22:44 +0000 2024,0,'bisa jadi ngga diniatin serius' kontol hiks sedih tapi bener juga yang dibilang,1874129067618033706,,,in,,0,0,0,https://x.com/bbluwberryzz/status/1874129067618033706,1674494907409633281,bbluwberryzz
1874129065147588617,Tue Dec 31 16:22:43 +0000 2024,3,Kan gw msh bedrest krn memburuk lagi Covidnya. Udah rada sedih old n new di rumah. Sekalian kerja.. ngejar banyak pending karena sakit. Eh ternyata seru juga soal PPN. What a new year's eve! ️,1874129065147588617,,,in, Sgr A*,0,4,0,https://x.com/gg_02022020/status/1874129065147588617,1209196396374417409,gg_02022020
1874078489290359254,Tue Dec 31 16:22:42 +0000 2024,4,@yusuf_dumdum Kumpul orang2 gagal,1874129062836527110,,yusuf_dumdum,in,"Lumbir, Indonesia",0,8,0,https://x.com/pidinbae/status/1874129062836527110,1364773760,pidinbae
1867956688571208024,Tue Dec 31 16:22:42 +0000 2024,0,@outrotearc Sedih banget zuzur,1874129061641159145,,outrotearc,in,You Only Life Once ,0,0,0,https://x.com/reall077/status/1874129061641159145,1256504400169721856,reall077
1874129059262980337,Tue Dec 31 16:22:42 +0000 2024,16,tanpa adanya kalian bakal hampa banget adanya kalian aku bisa cerita dan sharing² ke seharian ku. LOVE U SO MUCH OLL️‼️️️🅰️🅰️🅰️🅰️🅰️️‍️️️ https://t.co/sNrKOiBFNm,1874129059262980337,https://pbs.twimg.com/media/GgI-cVJbYAUDEIi.jpg,,in,hati minghao,1,6,1,https://x.com/Choxuming/status/1874129059262980337,1631506599050371072,Choxuming
1874124173016261109,Tue Dec 31 16:22:40 +0000 2024,0,@423jea @ilovleehchan KECEWA BGT,1874129053172851011,,awokawokdik,in,nct universe ,0,0,0,https://x.com/prvsjigeum/status/1874129053172851011,1432639603840716801,prvsjigeum
1874119614700896372,Tue Dec 31 16:22:38 +0000 2024,0,@tanyakanrl Di stel kalo lagi sendirian biar ada temennya,1874129043635003491,,tanyakanrl,in,,0,0,0,https://x.com/nana_volcanic/status/1874129043635003491,1559726189765627904,nana_volcanic
1874126676579541428,Tue Dec 31 16:22:36 +0000 2024,0,@2403zip Wah pas banget dah day 70 dan besok udh ganti tanggal dan Abel tidak pernah menyerah,1874129035460239528,,2403zip,in,,0,0,0,https://x.com/im_tikaaaaaa/status/1874129035460239528,1778927795974156289,im_tikaaaaaa
1874124670779482477,Tue Dec 31 16:22:32 +0000 2024,0,Dlu dia punya burung love bird atau apa ya lupa. Itu diikutin lomba dan ternyata menang dpet juara trus dapet uang juga. Dengan entengnya aku minta traktir makan ramen habis makan aku merasa bersalah karna harusnya uang itu bs dia gunain buat hari2 kedepan dia ,1874129021350645858,,4dalah_4ku,in,Di Dunia,0,1,0,https://x.com/4dalah_4ku/status/1874129021350645858,2365388905,4dalah_4ku
1873995770871067096,Tue Dec 31 16:22:31 +0000 2024,0,@jejeasp Udah lelah bet yak,1874129016221032646,,jejeasp,in,"Swissvale, PA",0,0,0,https://x.com/suneokurus/status/1874129016221032646,1752313570824785920,suneokurus
1874121339751325708,Tue Dec 31 16:22:31 +0000 2024,0,@dieforscoups sendirian nanti males juga siehh,1874129014220349460,,dieforscoups,in,nao's room,0,0,0,https://x.com/gardenairew/status/1874129014220349460,1610255152795250689,gardenairew
1874015060949164313,Tue Dec 31 16:21:37 +0000 2024,0,@bmeloved Ya jangan cemas dong,1874128788516381000,,bmeloved,in,,0,0,0,https://x.com/bagusofc/status/1874128788516381000,2994404899,bagusofc
1874128782505988493,Tue Dec 31 16:21:36 +0000 2024,0,kalo boleh jujur males keluar tp gmau ditinggal sendirian https://t.co/uykqa9ExHj,1874128782505988493,https://pbs.twimg.com/media/GgI-KbubQAAChJK.jpg,,in,서울,0,0,0,https://x.com/nayeoja0813/status/1874128782505988493,1297829807581827073,nayeoja0813
1874128781755244738,Tue Dec 31 16:21:35 +0000 2024,0,Semoga kaga sedih-sedih lagi (yh walaupun sulit) ,1874128781755244738,,,in,Mingyu's room🖤,0,0,0,https://x.com/mingyuheheh/status/1874128781755244738,1110439938930044928,mingyuheheh
1873935600304480416,Tue Dec 31 16:21:35 +0000 2024,0,@atikamld Belum menyerah sampai saat ini,1874128780694085727,,atikamld,in,,0,0,0,https://x.com/Srhzahra_/status/1874128780694085727,1014125075434389504,Srhzahra_
1874124361114017907,Tue Dec 31 16:21:34 +0000 2024,0,@stereal_ tau ya temen gua malah sedih,1874128775954522151,,stereal_,in,contain harshwords,0,1,0,https://x.com/inijacki/status/1874128775954522151,1452887248769150976,inijacki
1874128774197092638,Tue Dec 31 16:21:34 +0000 2024,0,udah mulai pengen nangis karena ngerasa kesepian,1874128774197092638,,,in,,0,0,0,https://x.com/kiswies/status/1874128774197092638,3268797968,kiswies
1874128765217104307,Tue Dec 31 16:21:31 +0000 2024,0,Sedih banget chatku dicuekin sama Blue udah dua jam. ,1874128765217104307,,,in,"Dearest, Sheb's.",0,1,0,https://x.com/seaoirsei/status/1874128765217104307,1319478902549483522,seaoirsei
1874125925388063165,Tue Dec 31 16:21:31 +0000 2024,0,@caleberies SEDIH BANGETT JANCUK,1874128764717998320,,caleberies,in,# ♡ Catie ^‿^,0,1,0,https://x.com/J4EHYUK11/status/1874128764717998320,1605215422617628674,J4EHYUK11
1874128754576163299,Tue Dec 31 16:21:29 +0000 2024,0,tahun baru baru nya baru pernah se kecewa ini,1874128754576163299,,,in,DNF w/o consent!,0,0,0,https://x.com/jenoshida/status/1874128754576163299,1542053976320880640,jenoshida
1874128754072838448,Tue Dec 31 16:21:29 +0000 2024,0,sedih bgt abis baca translations fancall mingi,1874128754072838448,,,in,기기 & 깜장이  ꒰ 😁♡ ꒱,0,0,0,https://x.com/rockgistar/status/1874128754072838448,1216070978448457728,rockgistar
1874128752357286056,Tue Dec 31 16:21:28 +0000 2024,0,bisa gak jangan sedih? gua sakit bgt ajg liatnya,1874128752357286056,,,in,,0,0,0,https://x.com/blikeblikeurs/status/1874128752357286056,1837747766464073734,blikeblikeurs
1874128744207835236,Tue Dec 31 16:21:26 +0000 2024,0,@Shyeoin LUCU DAN SELALU LUCU! KAKAK makasih banyaaak ini beneran lucu banget kakak bahagia terus ya kakak sehat selalu semoga gak ada yang jahatin kakak lagi aku bakalan sedih banget seriusan :( TAPI KALO ADA YANG BIKIN SEDIH BILANG KE AKU BIAR AKU TONJOK. Love u kaka. https://t.co/qAafG6Xj9U,1874128744207835236,https://pbs.twimg.com/media/GgI-KSJaYAAGB1R.jpg,Shyeoin,in,"Amsterdam, The Netherlands",0,0,0,https://x.com/Califsta/status/1874128744207835236,741782238732288000,Califsta
1873863631844311041,Tue Dec 31 16:21:26 +0000 2024,0,@ayubsr jangan dulu menyerah,1874128743071178935,,ayubsr,in,dimensi seni,0,0,0,https://x.com/akuberddebu/status/1874128743071178935,1373924937988071426,akuberddebu
1874128725039882558,Tue Dec 31 16:21:22 +0000 2024,0,EH SEDIH BGT... ,1874128725039882558,,,in,teumcaratLand,0,0,0,https://x.com/mycutieasa/status/1874128725039882558,1838579525988552711,mycutieasa
1873982597568880954,Tue Dec 31 16:21:21 +0000 2024,0,@aphrodinate Ya lebih tenang sendirian,1874128722821079140,,aphrodinate,in,,0,0,0,https://x.com/bagusofc/status/1874128722821079140,2994404899,bagusofc
1874127457244373147,Tue Dec 31 16:20:17 +0000 2024,0,@kreestee15 Pacarnya member pada galau gini,1874128452582051841,,kreestee15,in,,0,2,0,https://x.com/onlinerider23/status/1874128452582051841,730333184890523648,onlinerider23
1874128195416662367,Tue Dec 31 16:20:16 +0000 2024,2,dan aku ga pgn kalian merasa sendirian ,1874128449524425037,,sstellajeruk,in,,0,0,0,https://x.com/sstellajeruk/status/1874128449524425037,325489830,sstellajeruk
1874126544953913517,Tue Dec 31 16:20:16 +0000 2024,0,@beybiiuu review tahun 2025 dalam waktu 20 menit ini dong,1874128448903684600,,beybiiuu,in,Naraya Shaletta A,0,1,0,https://x.com/toowthless/status/1874128448903684600,785242474339930112,toowthless
1874127027596648794,Tue Dec 31 16:20:15 +0000 2024,0,@gowose KALAU WARSLOT AKU BISA JOKI tapi kalau form aku menyerah duluan. Nggak yakin dapat muse yang aku pengen. Kamu tuh jago pasti ya.,1874128445028110699,,gowose,in,Elian Jermaine. ,0,0,0,https://x.com/Loveshorre/status/1874128445028110699,788292730715680769,Loveshorre
1874114460123816063,Tue Dec 31 16:20:15 +0000 2024,0,@lilmeo_meow agak cemas gue,1874128443144843365,,lilmeo_meow,in,kdramaland,0,1,0,https://x.com/weiiyakk/status/1874128443144843365,2253220590,weiiyakk
1874016186616472011,Tue Dec 31 16:20:14 +0000 2024,0,@tebarratjun iya ya jd sedih,1874128440204681569,,tebarratjun,in,"Las Vegas, NV",0,0,0,https://x.com/Phytagorasi/status/1874128440204681569,870665658937163776,Phytagorasi
1783476561314042120,Tue Dec 31 16:20:13 +0000 2024,0,Kali kedua di tahun ini. Qodarullah belum rejeki kami dan harus kuret lagi. Iya sedih banget. Sedih karna Rumi sudah menanti pengen punya adik tapi anak sekecil dia lihat saya nangis langsung pegang bibir saya disuruh senyum dan nenangin saya https://t.co/diiCaAchgI,1874128435301470479,https://pbs.twimg.com/media/GgI924fbYAk1NPQ.jpg,AfifahMala,in,,0,0,0,https://x.com/AfifahMala/status/1874128435301470479,948822607,AfifahMala
1874120571518325194,Tue Dec 31 16:20:10 +0000 2024,0,@bymyane hhh sedih,1874128424148869376,,bymyane,in,,0,0,0,https://x.com/hdericane/status/1874128424148869376,1832302590144737283,hdericane
1874128413671498144,Tue Dec 31 16:20:08 +0000 2024,0,Sayang sendirian aja nih????,1874128413671498144,,,in,EXO Planet,0,0,0,https://x.com/zzu_pcyG/status/1874128413671498144,1288826407724843013,zzu_pcyG
1874128400656589050,Tue Dec 31 16:20:04 +0000 2024,2,pengen cerita di malam terakhir 2024. jujur gw kecewa sama tuhan ga pernah ada adil2nya kaya sengaja buat hidup gw susah trs kek makin gw taat makin gw ibadah makin gila2an aja perkara idup gw sampe huh ada ga sih tuhan nyata ngga sih kenapa ga pernah ada di hidup gw,1874128400656589050,,,in,,0,2,0,https://x.com/meynasta/status/1874128400656589050,1446537396724531203,meynasta
1874128397628301719,Tue Dec 31 16:20:04 +0000 2024,0,Liiin taunnya udh mau ganti akunya masih stuck di 8/3/24 maaf ya belum nyempetin samperin lina di rumah yang baru sedih karena taunnya ganti tapi gada lina di sini miss you a lot liiin,1874128397628301719,,,in,,0,1,0,https://x.com/bfstayprim/status/1874128397628301719,1511523019294146561,bfstayprim
1874128390044999860,Tue Dec 31 16:20:02 +0000 2024,1,Kita sama takut menghadapi kedepannya akan gimana tapi kalo kita sudah berusaha semaksimal mungkin dan melihat hasilnya nanti kita ga akan kecewa karna kita sudah memberikan yang terbaik intinya bersyukur untuk semuanya #sandyourheart,1874128390044999860,,,in,,0,0,0,https://x.com/Anshlina/status/1874128390044999860,1776171210243784704,Anshlina
1874128383619240441,Tue Dec 31 16:20:02 +0000 2024,0,Kalian kok keren banget sih udah bisa lewatin 2024 dengan kuat? Isak tangis marah dan kecewa pasti ada di 2024 kalian. Tapi itu semua ada untuk memunculkan kebahagiaan baru! Aku harap di 2025 kalian lebih banyak bahagianya ,1874128388312752318,,osarragi,in,"SHE/THEY, z_13z_",0,1,0,https://x.com/osarragi/status/1874128388312752318,1822590483144871936,osarragi
1874128070329893224,Tue Dec 31 16:20:01 +0000 2024,0,@bulanrpw yoklah temenan saya sendirian kebetulan,1874128384986640730,,bulanrpw,in,Strictly Non Dating ,0,0,0,https://x.com/Taeyongio/status/1874128384986640730,2805803755,Taeyongio
1874060683807162576,Tue Dec 31 16:20:01 +0000 2024,7,@sudhagama @tirta_cipeng Fans Ipul tp kok lupa Suarez yg lgsg bentuk trio maut MSN? Fans Ipul tp kok lupa Xabi sm McManaman yg ttp atau malah tambah gacor stlh kabur dr Ipul? Walau ada chance gagal sejarah jg membuktikan klo ada peluang berhasil jg klo mau nitpick yg gagal doang yaa repot ,1874128384038756403,,sudhagama,in,Indonesia,0,1,0,https://x.com/alan_vieri99/status/1874128384038756403,801340739011694593,alan_vieri99
1871593311754125316,Tue Dec 31 16:20:01 +0000 2024,0,@fingyu Orang mah mau udahan galau di akhir tahun ini mau dibuat galau,1874128384013590849,,fingyu,in,,0,0,0,https://x.com/renmitn/status/1874128384013590849,4546038372,renmitn
1874128374316294375,Tue Dec 31 16:19:58 +0000 2024,0,sedih banget jadi anak rantau an.,1874128374316294375,,,in,stayville,0,1,0,https://x.com/lovhchi/status/1874128374316294375,1467793369560596483,lovhchi
1874128361834094614,Tue Dec 31 16:19:55 +0000 2024,0,Dimalam tahun baru ini aku cuma mau bilangcukup kecewa. karena hp ku hilang dan aku merasakan ketakutan yang kuat. bener jadi takut.kalau hp itu milikku aku yakin bakal ketemu kalau tidak mungkin bukan rezeki ku aku hanya berharap semoga hal tak baik itu tidak terjadi lagi,1874128361834094614,,,in,,0,0,0,https://x.com/natayunie/status/1874128361834094614,1873635288087728128,natayunie
1874128359732699242,Tue Dec 31 16:19:55 +0000 2024,0,tuh kan aku ga sendirian gusy ,1874128359732699242,,,in,,0,0,0,https://x.com/enukie/status/1874128359732699242,1479754011100139520,enukie
1874128354062065734,Tue Dec 31 16:19:53 +0000 2024,0,I BELIEVE TAHUN INII GADA YANG PERGII DAN HILANGG AKU PERCAYA TAHUN INI BAKAL BAHAGIA 2024 tahun Ter hancurrr sakitt stres kosong kesepian sakit hati. Jadi aku harap 2025 harussss baikkkk aku percaya pd mu ya Allah.,1874128354062065734,,,in,,0,0,0,https://x.com/privatwithasaa/status/1874128354062065734,1672543779818184704,privatwithasaa
1874128351096693179,Tue Dec 31 16:19:53 +0000 2024,1,baik bgt cantik bgt.. gak peres nih gw tapi emg lu temen pertama gw as a writer dan gw HAPPY SEKALI ketemu lu huhuhu oh iya jangan lupa juga soal tulisan lu yang gapernah gagal MERUNTUHKAN PONDASI HATI (dan pussy) GW . i love you bell please hidup lebih lama gw mau ketemu lu️,1874128351096693179,,,in,"lgbtphobic, minor dni.",0,1,0,https://x.com/icbanez/status/1874128351096693179,1854356857252626432,icbanez
1874128351021195319,Tue Dec 31 16:19:53 +0000 2024,0,Kok berasa sering banget satu CA yah? Tapi kayanya emang ingyah. Tiap liat abang beneran kaya Wooseok yang planga plongo. Juaranya zeno galau reflek jadi rplyrics. Overall baik walau lemes tetep ada usaha divingnya. Keren dah abanh. Minat motw bareng lagi :3,1874128351021195319,,,in,siondoh.,0,0,0,https://x.com/siseulki/status/1874128351021195319,2758384647,siseulki
1873764097797534066,Tue Dec 31 16:19:53 +0000 2024,0,@lovefor9yu huft sedih bgt maaf ya keliatan galak (padahal emang susah akrab aja orangnya) makasih udah mau temenan sama gw ya mila gw happy bisa banyak ngobrol sama lu tahun ini. btw jgn rebut kekasihku (dino) ya,1874128350505308452,,lovefor9yu,in,21+,0,1,0,https://x.com/maremortum/status/1874128350505308452,1800545642986803200,maremortum
1874128341097472279,Tue Dec 31 16:19:50 +0000 2024,0,pertama kalinya taun baru sendirian jiyakh mang np sik,1874128341097472279,,,in,,0,0,0,https://x.com/eganilam/status/1874128341097472279,1780889161094074368,eganilam
1874128339985981592,Tue Dec 31 16:19:50 +0000 2024,0,Pengen banget baca lagi au nya jovan &amp; kath. Cuma pernah SS ini doang karena sesuka itu sama part ini ngerasain gimana Jovan marah &amp; kecewa Tapi udah gak mungkin huhu Buat writernya semoga tenang di sisiNya. Aamiin https://t.co/lWNg2NxFgJ,1874128339985981592,https://pbs.twimg.com/media/GgI9x5kbgAAsMpi.jpg,,in,,0,0,0,https://x.com/soowithage/status/1874128339985981592,1189758231708499968,soowithage
1874128334474686598,Tue Dec 31 16:19:49 +0000 2024,0,AKU SEDIH BANGET UDAH BENERAN INI HUHUHUHUHUHU,1874128334474686598,,,in,bboogyuli #isfp ,0,0,0,https://x.com/poweer__boo/status/1874128334474686598,1708405571974819840,poweer__boo
1874128319765250410,Tue Dec 31 16:19:46 +0000 2024,0,udah stres level akhir,1874128322726420566,,nrofthevalley,in,,0,0,0,https://x.com/nrofthevalley/status/1874128322726420566,1846107909937418241,nrofthevalley
1874128298286211358,Tue Dec 31 16:19:40 +0000 2024,0,2024ku diwarnai dengan bahagia dan sedih bahagianya aku menikah dengan laki-laki yang baik dan dapat keluarga serta mertua yang baik sedihnya harus ldm dengan suami karena dia harus layar dan pas berangkat selisih 2 hari bapak mertua meninggal dan dia gak bisa pulang,1874128298286211358,,,in,"Surakarta, Jawa Tengah",0,0,0,https://x.com/ddpsari/status/1874128298286211358,1843112236115709952,ddpsari
1874096207515312356,Tue Dec 31 16:19:39 +0000 2024,1,@jiafufufafei_ Laaaahhh lu depresi malah naik bb nya,1874128294125461963,,jiafufufafei_,in,"Астана, Қазақстан ",0,1,0,https://x.com/mongolsiscoming/status/1874128294125461963,1774848931513688072,mongolsiscoming
1874034287760334898,Tue Dec 31 16:19:39 +0000 2024,0,@Santi_nya udh totally lelah,1874128294079303866,,Santi_nya,in,unlabeled. ,0,0,0,https://x.com/posesifl/status/1874128294079303866,1368524362316275714,posesifl
1874127415624323319,Tue Dec 31 16:19:34 +0000 2024,0,Inget di umur yang baru no more galau galau club. Harus happy harus bisa upgrade diri harus bisa lebih dewasa lagi kurang-kurangin ngeluh perbanyak bersyukur. Inget kata Bernadya untungnya ku bisa rasa hal-hal baik yang datangnya belakangan! ,1874128272566739342,,minaaaaw,in,"Buitenzorg, ID",0,1,0,https://x.com/minaaaaw/status/1874128272566739342,176771903,minaaaaw
1871393329147248719,Tue Dec 31 16:19:33 +0000 2024,0,@soliloku sebelumnya mksihh banyak kak untuk GAnya smoga Allah yg ngebales kebaikan kk^^ harapan di 2025 smoga msihh dikasih kesempatan hidup dan membahagiakan kluarga bisa secepatnya dapet kerja dngan gaji yg memuaskan jga lingkungan yg gak toxic amiinn https://t.co/t0RpeULB38,1874128266946371734,https://pbs.twimg.com/media/GgI9uafbYAQGGYa.jpg,soliloku,in,,0,0,0,https://x.com/OrangOrangStres/status/1874128266946371734,1531670601806774272,OrangOrangStres
1874128266350502015,Tue Dec 31 16:19:32 +0000 2024,43,aku beneran hopless sama hidup aku kerja gini gini aja gada pencapaian apapun. Hidup kesepian jauh dari keluarga gpnya pasangan temen jg dikit suka sedih kalo liat org org sedisayang itu udh cape nangis jg. kalo mf ini lewat tl kalian maaf ya jadi bawa vibes sedih gini ,1874128266350502015,,,in,"Bandung, Jawa Barat",0,37,5,https://x.com/BaseBDG/status/1874128266350502015,1248335621988311041,BaseBDG
1874128255902794206,Tue Dec 31 16:19:30 +0000 2024,0,TAPI SEDIH BGT ANJENG,1874128255902794206,,,in,,0,0,0,https://x.com/yourhabibbti/status/1874128255902794206,1733740782316834816,yourhabibbti
1874128240077615147,Tue Dec 31 16:19:26 +0000 2024,0,KECEWA BESAR !,1874128240077615147,,,in,DNF w/o consent!,0,0,0,https://x.com/jenoshida/status/1874128240077615147,1542053976320880640,jenoshida
1874128237611409926,Tue Dec 31 16:19:26 +0000 2024,0,Ihhh mulutnya dakjal sekali ini si pak nas langsung denger sendiri takut bgt klo pak nas udh marah macam kaya monster nanti mana kesitu sendirian lg jd ngga ada orang yg buat nahan emosi pak nas nanti ,1874128237611409926,,,in,,0,1,1,https://x.com/cherryeolhun/status/1874128237611409926,805562872801554432,cherryeolhun
1874128236986454407,Tue Dec 31 16:19:25 +0000 2024,1,2024 berakhir dengan cerita remaja kesepian yang menemukan cinta nya di member jeketi https://t.co/F44KGvpoAD,1874128236986454407,https://pbs.twimg.com/media/GgI9sLJasAAtPda.jpg,,in,,0,0,1,https://x.com/Jenzzyz/status/1874128236986454407,1720258412725026816,Jenzzyz
1874123368582308057,Tue Dec 31 16:19:25 +0000 2024,0,@dimcumudank Gpp gak sendirian kok,1874128235912716312,,dimcumudank,in,she/her – 02L,0,0,0,https://x.com/hyunjeongsell/status/1874128235912716312,1218377758016823296,hyunjeongsell
1874128084510925200,Tue Dec 31 16:19:23 +0000 2024,36,7. galau? nope https://t.co/6OSn9QkozG,1874128228253917653,https://pbs.twimg.com/media/GgI9sQsaAAAGmUW.jpg,keldaipilus,in,my location unknown,0,1,0,https://x.com/keldaipilus/status/1874128228253917653,1818846787731701760,keldaipilus
1874128227641499711,Tue Dec 31 16:19:23 +0000 2024,0,sedih,1874128227641499711,,,in,Roblox,0,0,0,https://x.com/hhaviiv/status/1874128227641499711,1512353149969141765,hhaviiv
1874128227603738641,Tue Dec 31 16:19:23 +0000 2024,95,kecewa aja sih disuruh nyusul ke jogja buat holiday bareng udah dibookingin room dibeliin tiket kesini sianjing malah nawar mau ngajak boti lain mana bilangnya adik #GayJogja,1874128227603738641,,,in,"Kediri, Indonesia",0,22,1,https://x.com/urinvicibleboti/status/1874128227603738641,1755029162770022401,urinvicibleboti
1874099691165745640,Tue Dec 31 16:19:21 +0000 2024,0,@0xROLF kok sedih ya,1874128217868849253,,0xROLF,in,"Kediri, Indonesia",0,1,0,https://x.com/ismaonezain/status/1874128217868849253,1407450524,ismaonezain
1874009722002780518,Tue Dec 31 16:19:21 +0000 2024,0,@iamkumamoto Jangan sedih dong rit,1874128217214509418,,iamkumamoto,in,,0,0,0,https://x.com/DolanIDN/status/1874128217214509418,539481987,DolanIDN
1873762726042091714,Tue Dec 31 16:19:17 +0000 2024,0,@tulisanqila Apalagi part ini ahdhfjfj stres relate bgt sm angelvoice https://t.co/HbuTMZAi1a,1874128203419455737,https://pbs.twimg.com/media/GgI9qxUaIAAm85a.jpg,tulisanqila,in,svtgf stayriize,0,1,0,https://x.com/bungaceraka/status/1874128203419455737,1565380599107719168,bungaceraka
1874122183485841800,Tue Dec 31 16:19:17 +0000 2024,0,@O314HOON ohh yg wktu itu pernah ditanyain ke ak yaaa. sedih banget semoga bisa sampai ke rumah teteh dengan selamat yhh ️️,1874128200550477983,,O314HOON,in,So Junghwan's heart,0,0,0,https://x.com/sohwankasep/status/1874128200550477983,1757731556876308480,sohwankasep
1874128196456886541,Tue Dec 31 16:19:16 +0000 2024,3,Recap 2024 - beli laptop sendiri - mulai kuliah pake biaya sendiri - sempet belajar bakor sm bhs jepang tp ga lanjut - 1st konseran yaitu keyland - sedih gabisa nonton day6 FY - 2nd konseran EG as birthday gift - ganti hp ehehehe - ketemu minho ️ Walau agak terseok tp gpp.,1874128196456886541,,,in,"Tangerang, Indonesia",0,1,0,https://x.com/hushrushdubu/status/1874128196456886541,1217643910358425600,hushrushdubu
1874128188949008786,Tue Dec 31 16:19:14 +0000 2024,0,sedih bgt fak,1874128188949008786,,,in,방탄,0,0,0,https://x.com/adeleemin/status/1874128188949008786,1634826389882044416,adeleemin
1874128185673343255,Tue Dec 31 16:19:13 +0000 2024,0,Pi new year everyone dari aku yang udah tahun baruan duluan semoga tahun 2025 menjadi tahun yang lebih baik untuk kita semua ya dan semoga kita semua lebih banyak bahagianya ketimbang sedih sedihnya aamiin https://t.co/mEf1uOIYrA,1874128185673343255,https://pbs.twimg.com/media/GgI9pX-aIAAUfht.jpg,,in,,0,0,0,https://x.com/bbernardbeu/status/1874128185673343255,1471970188320931842,bbernardbeu
1874128182720545179,Tue Dec 31 16:19:13 +0000 2024,0,gue masih mau magang ya Allah sedih bgt kok udah selesai aja,1874128182720545179,,,in,,0,0,0,https://x.com/tresbeau__/status/1874128182720545179,1106549922243837952,tresbeau__
1874128171916001391,Tue Dec 31 16:19:10 +0000 2024,0,Bener banget. My fav duo. Dua orang yg menarik atensi gue dari awal teaser muncul Eh ternyata malah jadi leader bareng Dari awal eps mereka tu selalu yg paling santuy di timnya. Tiap ada yg kalah/gagal terus keliatan banget sedih/kecewa/paniknya selaku mereka yg calming,1874128171916001391,,,in,,0,0,0,https://x.com/assiralc18_/status/1874128171916001391,1647519552266473472,assiralc18_
1874128168216633754,Tue Dec 31 16:19:09 +0000 2024,4,suddenly laki sy msk bilik mari berdoa and i was like hah kau demam kah ni? and banjir ba sy baru plan tak mau sedih2 eh malar bikin sedih. thnkyouu sentiasa memenuhi keperluan dalam rmh dan memberi segalanya untuk keluarga kecil kita ️ we love you daddy ️ https://t.co/G7HuHAolJV,1874128168216633754,https://pbs.twimg.com/media/GgI9ogrbYAEfUvY.jpg,,in,,0,0,0,https://x.com/carisaaaaaa/status/1874128168216633754,827000077,carisaaaaaa
1874128161107304942,Tue Dec 31 16:19:07 +0000 2024,0,Cuma bisa pasrah sama Letterboxd Year in Review ga ada semangat sinema tahun ini.,1874128161107304942,,,in,,0,0,0,https://x.com/ukirkbaee/status/1874128161107304942,571563064,ukirkbaee
1873991008259891315,Tue Dec 31 16:19:07 +0000 2024,0,@Au_rinjani iya emang sama aja sih,1874128158171234374,,Au_rinjani,in,,0,0,0,https://x.com/punditgagal/status/1874128158171234374,765555217089830913,punditgagal
1874128155176558632,Tue Dec 31 16:19:06 +0000 2024,0,Assalamualaikum bulan kelahiran Januari 2025 Semoga kaya akan hati karir rejeki ibadah bahagia. 2024 mungkin banyak hal-hal kecewa yg banyak menguras energi dan mental. Gapapa gagal Semoga tahun 2025 dan tahun-tahun kedepannya aku bahagia dan menemukan jodoh yg tepat :'),1874128155176558632,,,in,Indonesia ,0,0,0,https://x.com/Matchandpurple_/status/1874128155176558632,1455078987391135753,Matchandpurple_
1873734662012690517,Tue Dec 31 16:19:05 +0000 2024,0,@kiravely Kalau aku udah sampe pintu surga kamu sedih gak? ,1874128150088867931,,kiravely,in,Ruelle Historia.,0,0,0,https://x.com/Tetraruel/status/1874128150088867931,2446842898,Tetraruel
1874128139326226472,Tue Dec 31 16:19:02 +0000 2024,0,akhir taun ini happy bisa ngumpul sama temen di prantauan jadi ngga ngerasa sendirian soalnya taun kmren cuman tidur ngga ngapa in,1874128139326226472,,,in,gfhaechan,0,0,0,https://x.com/dfirsa_/status/1874128139326226472,1255758556726390787,dfirsa_
1874127470615814271,Tue Dec 31 16:19:01 +0000 2024,3,@kalishyaaa ihh iyaa sedih bangett ,1874128134708322414,,kalishyaaa,in,,0,0,0,https://x.com/luvfit18/status/1874128134708322414,1795768825373421568,luvfit18
1874118145667195058,Tue Dec 31 16:19:00 +0000 2024,0,pertama kali nonton sendirian dan HTMAMBGD dan nangis BANGET pertama kali buat claay seru walupun cape (aku bs duduk berjam jam) paper bag gede isi seuprit (biar terlihat keren kh dek) TRIP BERSAMA 410 super seru laa kangen kalian https://t.co/EZJ9HKcIrr,1874128128500785258,https://pbs.twimg.com/media/GgI9jjKbYAUEQPr.jpg,ogomygy,in,,0,1,0,https://x.com/ogomygy/status/1874128128500785258,1473693032201469957,ogomygy
1874128126495879614,Tue Dec 31 16:18:59 +0000 2024,0,sedih anjrit lah hoonsuk ,1874128126495879614,,,in,she/her 05’ — #박정우 #소정환,0,0,0,https://x.com/jeongwooOy/status/1874128126495879614,1601171393697107968,jeongwooOy
1874128105771782567,Tue Dec 31 16:18:54 +0000 2024,1,me too wkwkwk walaupun agak maju mundur karna stres (kayanya) tapi nggaa papaaa soalnya nggaa hamil (KEWAJIBAN),1874128105771782567,,,in,,0,0,0,https://x.com/jancepubestie/status/1874128105771782567,1412738626186711042,jancepubestie
1741755857405374579,Tue Dec 31 16:18:52 +0000 2024,0,Bahagia tapi sedih ,1874128097622229194,,ManCave0_0,in,,0,0,0,https://x.com/ManCave0_0/status/1874128097622229194,1425723244221407234,ManCave0_0
1874128092106756521,Tue Dec 31 16:18:51 +0000 2024,0,Gua sedih banget x gua error kaga bisa dengerin spess mana kaga bisa keluar lagi dari spess nya tolongin ini gimanaaa bahkan mau pindah ke akun satunya ga bisa https://t.co/na60Kv6pik,1874128092106756521,https://pbs.twimg.com/media/GgI9kXLawAAbr6m.jpg,,in,loving enha,1,1,0,https://x.com/Rainyy0709/status/1874128092106756521,1842127561696165888,Rainyy0709
1874128090085130606,Tue Dec 31 16:18:50 +0000 2024,2,BARU DOSA PERTAMA UDAH KEK GINI,1874128090085130606,,,in,,0,0,0,https://x.com/narazaidan/status/1874128090085130606,1243341195377434624,narazaidan
1874128089003024505,Tue Dec 31 16:18:50 +0000 2024,0,Astagfirullah dari kemaren pas tau kabarnya lagi sakit gue sedih bangettt. Orang kok bisa jahat banget ,1874128089003024505,,,in,earth,0,0,0,https://x.com/inmyorder/status/1874128089003024505,1716388262049406976,inmyorder
1874128087576961092,Tue Dec 31 16:18:50 +0000 2024,0,Maaf nyamber tapi anjir beneran dan ada sedih sedihnya gitu @machitacho,1874128087576961092,,,in,,1,0,0,https://x.com/tuasvuaimee/status/1874128087576961092,1214523871866408960,tuasvuaimee
1874127531131249003,Tue Dec 31 16:18:49 +0000 2024,0,@Erikachrns NGGA ANJIRR DIEM ER GUA SEDIH BGT,1874128083068112952,,Erikachrns,in,,0,1,0,https://x.com/jegermanjanson/status/1874128083068112952,1675144014872600576,jegermanjanson
1874128081495228657,Tue Dec 31 16:18:48 +0000 2024,0,hehehehe sedih uga,1874128081495228657,,,in,Banten ,0,0,0,https://x.com/ourrandomz/status/1874128081495228657,1403566742450831369,ourrandomz
1874111215708115344,Tue Dec 31 16:18:41 +0000 2024,1,@bacot369 Lapangkan dada kendalikan apa yg bisa dikendalikan sisanya pasrah,1874128050327355776,,bacot369,in,first realm,0,0,0,https://x.com/inganggita/status/1874128050327355776,67848433,inganggita
1874128044157526465,Tue Dec 31 16:18:39 +0000 2024,0,Sedih,1874128044157526465,,,in,,0,0,0,https://x.com/rpppiloww/status/1874128044157526465,3248099677,rpppiloww
1874128031759135197,Tue Dec 31 16:18:37 +0000 2024,1,Anjir gak ngerti dikit sih https://t.co/FIYHqQazVZ,1874128031759135197,https://pbs.twimg.com/media/GgI9gegbcAA6UiZ.jpg,,in,,0,0,0,https://x.com/rafayelblossom/status/1874128031759135197,1863829509289730048,rafayelblossom
1874128007939711202,Tue Dec 31 16:18:31 +0000 2024,0,gua ajakin galau semua orang https://t.co/OnSTrRO1No,1874128007939711202,https://pbs.twimg.com/media/GgI9e_7aoAA_U6E.jpg,,in,she/her O5' || caratland ,0,1,0,https://x.com/gyumine__/status/1874128007939711202,1520995946674667520,gyumine__
1874127987119124911,Tue Dec 31 16:18:26 +0000 2024,0,orang pada sibuk party bakar-bakar aku bengong aja sendiri kesepian nggak tau mau ngajak ngobrol siapa. https://t.co/jYgWhzzzcO,1874127987119124911,https://pbs.twimg.com/media/GgI9eM5bYAAMKkQ.jpg,,in,,0,1,0,https://x.com/poppoyang/status/1874127987119124911,3282882558,poppoyang
1873734258097045757,Tue Dec 31 16:18:24 +0000 2024,0,@UnderrheSsea Ini aku love banyak biar gak sedih lagi ,1874127979040956435,,UnderrheSsea,in,,0,1,0,https://x.com/njunextdoor/status/1874127979040956435,1225311962612957189,njunextdoor
1873964131000496353,Tue Dec 31 16:16:55 +0000 2024,0,@sayaKev hm jangan sedih,1874127604003070403,,sayaKev,in,,0,0,0,https://x.com/pranatabcd_b/status/1874127604003070403,1443491931506442245,pranatabcd_b
1874127600328859856,Tue Dec 31 16:16:54 +0000 2024,0,Aku galau mau nonton harbin atau summer yaa,1874127600328859856,,,in,🇮🇩,1,0,0,https://x.com/CahyaAdinda/status/1874127600328859856,185933904,CahyaAdinda
1874127599305363691,Tue Dec 31 16:16:53 +0000 2024,0,si el req karokean pake lagu galau,1874127599305363691,,,in,Indonesia,0,0,0,https://x.com/malkistgreentea/status/1874127599305363691,1075764415058722816,malkistgreentea
1874013528568500686,Tue Dec 31 16:16:52 +0000 2024,0,@faysiren set 1 kayanya,1874127592485515712,,faysiren,in,,0,0,0,https://x.com/urhardestgdby/status/1874127592485515712,697737376366374912,urhardestgdby
1874011240663835054,Tue Dec 31 16:16:50 +0000 2024,1,@dearkanon KAMU KENAPA SIH ISI KEPALA LIAR AMAT Stres PPN naek berjamaah. Iyah yang new year eta terlalu liar dan ga enak kalo ga ikrib irp/orp (??) Tar bikin gokon aja ah. Chara Ameh siapaa masukla kalo belom ada pawang,1874127583442592181,,dearkanon,in,Indonesia,0,1,0,https://x.com/chocoabitter/status/1874127583442592181,865983776,chocoabitter
1874127580955381911,Tue Dec 31 16:16:49 +0000 2024,0,Besok - besok kita bisa ketemu gak yaa hehe... sedih bgt https://t.co/RqV0LYbyNm,1874127580955381911,https://pbs.twimg.com/media/GgI9GGUbYAAv8Kk.jpg,,in,.,0,0,0,https://x.com/anothraccmel/status/1874127580955381911,1381720458819592194,anothraccmel
1874009835228025159,Tue Dec 31 16:16:45 +0000 2024,0,@iamkumamoto Njir mukanya pasrah banget,1874127562206777598,,iamkumamoto,in,,0,0,0,https://x.com/bagusofc/status/1874127562206777598,2994404899,bagusofc
1874127553386209653,Tue Dec 31 16:16:42 +0000 2024,0,sedih bgt yaAllah,1874127553386209653,,,in,,0,0,0,https://x.com/cyydddn/status/1874127553386209653,565922008,cyydddn
1874117164560769051,Tue Dec 31 16:16:38 +0000 2024,0,@tumbcler YAAHH ARA ARA PENONTON KECEWA https://t.co/pUA6TeI4Ae,1874127534377611750,https://pbs.twimg.com/tweet_video_thumb/GgI9DfkbYAcvCd8.jpg,tumbcler,in,深界; 海賊,0,1,0,https://x.com/kittyejiii/status/1874127534377611750,1434861827746250757,kittyejiii
1874127529801638163,Tue Dec 31 16:16:37 +0000 2024,3082,Ada seekor anjing yang menjaga rumah sendirian di sebuah desa terpencil di Yeonggwang Provinsi Jeolla Selatan. Usut punya usut rumah itu adalah tempat tinggal seorang penumpang tertua Jeju Air (80 tahun) yang lagi berlibur bersama keluarganya. Liburannya itu dimaksudkan untuk https://t.co/X4ztT3Z0U5,1874127529801638163,https://pbs.twimg.com/media/GgI9C-WaUAA5Ys-.png,,in,TMIHarini,174,52,519,https://x.com/tang__kira/status/1874127529801638163,1211794832,tang__kira
1874099495719358931,Tue Dec 31 16:16:35 +0000 2024,0,@kochengfs Samaaaa kucingku juga suka takut dan stres denger suara kenceng,1874127523468239361,,kochengfs,in,location unknown,0,0,0,https://x.com/cellinesalsabie/status/1874127523468239361,1197692275700011010,cellinesalsabie
1873960354994413844,Tue Dec 31 16:16:32 +0000 2024,0,@intanorii Sedih banget sih inimah,1874127510402982330,,intanorii,in,"Bogor Barat, Indonesia",0,0,0,https://x.com/hallomay__/status/1874127510402982330,1055785871142608896,hallomay__
1874024147212509435,Tue Dec 31 16:16:32 +0000 2024,0,@ofcstoredress Tapi gagal terus,1874127508439957635,,ofcstoredress,in,,0,0,0,https://x.com/sabargakjuga_/status/1874127508439957635,479856216,sabargakjuga_
1874127494183563292,Tue Dec 31 16:16:28 +0000 2024,1,ALHAMDULILLAH 2024 Gbye!! Terima kasih sukaaaa cita senang bahagia serta rasa duka ataupun sedih ditahun ini!!! 2025 semoga jauh lebih baik lagiii,1874127494183563292,,,in,614 street,0,0,0,https://x.com/eaj_hun/status/1874127494183563292,1269652940,eaj_hun
1874108977933701264,Tue Dec 31 16:16:27 +0000 2024,27,@WatchmenID nyesek asli gamau lagi nonton. nyesek banget pokoknya. rasanya kayak hampa beres nonton ini. kimi no nawa bisa berulang film ini cukup sekali aja.,1874127490433900590,,WatchmenID,in,"Bogor, Indonesia",0,0,1,https://x.com/TheaRizkyyy/status/1874127490433900590,1401122538223116293,TheaRizkyyy
1874127479125975101,Tue Dec 31 16:16:25 +0000 2024,0,Hal yang bikin aku sedih pas ultah sama pergantian tahun tuh aku jadi di ingetin kalau aku dan orang-orang terdekat ku makin menua,1874127479125975101,,,in,,0,0,0,https://x.com/B_Malss/status/1874127479125975101,1102334761773621248,B_Malss
1874127471425274202,Tue Dec 31 16:16:23 +0000 2024,0,SEDIH BGT BATAL KETEMU CEWE CEWEKU,1874127471425274202,,,in,INA • ENG,0,0,0,https://x.com/ejnergy/status/1874127471425274202,2757417016,ejnergy
1874104661667700930,Tue Dec 31 16:16:23 +0000 2024,0,@SevenPitu07 kamu keren hepta bisa bertahan dengan hubunganmu kamu hebat hepta sekarang fokus ke dirimu sendiri dulu yaa aku yakin kamu bisa jadi pribadi yang lebih baik. semangat hepta kamu ga sendirian semua bakal baik baik aja,1874127470519345547,,33_Antarees,in,,0,1,0,https://x.com/33_Antarees/status/1874127470519345547,1766826339733274624,33_Antarees
1874127461505786109,Tue Dec 31 16:16:23 +0000 2024,0,rate 2024 : 8/10 soalnya happy tapi ada beberapa hal yang bikin stres kepala mau meledak tapi gapapalah ya wkwkwk,1874127470066360547,,jancepubestie,in,,0,0,0,https://x.com/jancepubestie/status/1874127470066360547,1412738626186711042,jancepubestie
1873986556421386350,Tue Dec 31 16:16:22 +0000 2024,0,@hai_aldiy Masya Allah cantik banget ini,1874127466811580768,,hai_aldiy,in,,0,0,0,https://x.com/punditgagal/status/1874127466811580768,765555217089830913,punditgagal
1873909434159948271,Tue Dec 31 16:16:19 +0000 2024,0,@snowputr Iya gagal udah,1874127456007053720,,snowputr,in,"Tasikmalaya, Jawa Barat",0,0,0,https://x.com/jejakrasa___/status/1874127456007053720,1618530799049125890,jejakrasa___
1873968332455760180,Tue Dec 31 16:16:19 +0000 2024,0,@TymeJEFF Iya abang tapi ada sedihnya sih. Sedih banget TAUNYA KHAYALAN.,1874127454740373840,,crushesfang,in,,0,0,0,https://x.com/DoviesBONNIE/status/1874127454740373840,2758475020,DoviesBONNIE
1874127447798800415,Tue Dec 31 16:16:17 +0000 2024,0,gur merasa agak sedih udah 2025...,1874127447798800415,,,in,she/her ,0,0,0,https://x.com/jaeminsloverrr/status/1874127447798800415,1731200264177332224,jaeminsloverrr
1874105386082722152,Tue Dec 31 16:16:15 +0000 2024,4,@wonukucim Eh iya kak aku juga sedih baca nya bcis&gt;&gt;JIS selain butuh banyak biaya karena orangnya lebih banyak donasi ajah masih kurang banyak ini ditambah nuntut kualitas bagus sehat2 deh adminnya ,1874127438189650114,,waduhdino,in,,0,0,0,https://x.com/wooahaezzibydif/status/1874127438189650114,1541318660471791617,wooahaezzibydif
1874006753412866212,Tue Dec 31 16:16:13 +0000 2024,0,@lunetfe Sedih banget ini kakk,1874127427917791691,,lunetfe,in,Wkwk Land,0,0,0,https://x.com/waudira/status/1874127427917791691,1623016807,waudira
1874125290227867821,Tue Dec 31 16:16:12 +0000 2024,1,@collegemfs Akuu dr lahir nder,1874127426152018350,,collegemfs,in,"she/her multistan, rt bot",0,0,0,https://x.com/qsphayo/status/1874127426152018350,2470545600,qsphayo
1874127422389653766,Tue Dec 31 16:16:11 +0000 2024,0,di tahun ini aku mulai mengenal dia. perasaan nya mulai bertumbuh perlahan². tapi waktu tau dia udah punya orang aku kaget dan speechless. aku pasrah merenung. apa aku kurang ganteng kah ga punya uang kah ga pinter bloon kah? tapi overall itu semua cuma mimpi wkwkwkwk,1874127422389653766,,,in,,0,1,0,https://x.com/URaihan26655/status/1874127422389653766,1796692451580870656,URaihan26655
1874123602112766333,Tue Dec 31 16:16:11 +0000 2024,0,@vfoxyfox Happy new year yank makasih udah mau temenan sama aku Semoga sedih mu di tahun 2024 di ganti berkali kali lipat di 2025 Amiin,1874127419722129526,,heosuabii,in,Out of the Space,0,0,0,https://x.com/Biubiuisbubu/status/1874127419722129526,1504492140717432833,Biubiuisbubu
1873694039805182349,Tue Dec 31 16:16:11 +0000 2024,0,@gagal_hijrah Hmm ngeriiii bossss. Aneh sekali pelakunya dilakukan di lmbaga pendidikan Islam pastinya dia pendidik .. Kok bikin kejahatan sprti itu ya? Jk PKS ada terlibat ..apalagi ..bisa hancur itu...,1874127419399143738,,gagal_hijrah,in,Jawa Barat,0,0,0,https://x.com/JJ_tilu/status/1874127419399143738,339436825,JJ_tilu
1874127417377513697,Tue Dec 31 16:16:10 +0000 2024,0,sepertinya lebaran tahun depan gagal pulkam hmmm enaknya healing kemana yawww,1874127417377513697,,,in,fangirl area,0,1,0,https://x.com/rozesoyi/status/1874127417377513697,1235773038156603392,rozesoyi
1874127412537303499,Tue Dec 31 16:16:09 +0000 2024,0,Jungwoo jidatan... Jungwoo kacamataan... Jungp stres.. AAAAAAAAAAAAAAÀ,1874127412537303499,,,in,,0,0,0,https://x.com/snoopytangerine/status/1874127412537303499,1550033314089553921,snoopytangerine
1874039176582291814,Tue Dec 31 16:16:03 +0000 2024,0,@dounfish sedih sumpah....,1874127387392393677,,dounfish,in,17 | random twt,0,0,0,https://x.com/youngsupersonic/status/1874127387392393677,1311489165951823872,youngsupersonic
1874127383525232666,Tue Dec 31 16:16:02 +0000 2024,0,Ya Allah lelah rasanya seperti ini terus...rasanya pengen berpindah alam saja...apa kau tidak berkenan memanggil ku saja...,1874127383525232666,,,in,,0,0,0,https://x.com/tantiwiningtyas/status/1874127383525232666,1642860336,tantiwiningtyas
1873822126463234269,Tue Dec 31 16:16:00 +0000 2024,0,@jahra29_ ternyata ya ngapain gue galau selama ini,1874127375342199219,,jahra29_,in,"Medan, Sumatera Utara, ID",0,0,0,https://x.com/ndogito/status/1874127375342199219,181036727,ndogito
1873734258097045757,Tue Dec 31 16:15:58 +0000 2024,0,@njunextdoor sedih aku tuh ,1874127366387311052,,njunextdoor,in,🐈🦦🐕🐈‍⬛🦁🐻,0,1,0,https://x.com/UnderrheSsea/status/1874127366387311052,1807339526295293952,UnderrheSsea
1873901205082321293,Tue Dec 31 16:15:57 +0000 2024,0,@novyxa Tekad kuat dan pantang menyerah adalah kunci sukses.,1874127364525101181,,novyxa,in,Indonesia,0,0,0,https://x.com/Ahkaf98/status/1874127364525101181,452616909,Ahkaf98
1873975950188437571,Tue Dec 31 16:14:10 +0000 2024,68,@tirta_cipeng SAF itu bikin perjanjian ama Iblis merah setelah awal2 karirnya dia gk mulus.. perjanjiannya abis dia pensiun mu akan terpuruk selama waktu yg sama kayak berjaya..,1874126915185107288,,tirta_cipeng,in,Indonesia,3,3,5,https://x.com/Nirwansyah/status/1874126915185107288,60054724,Nirwansyah
1874126908969091528,Tue Dec 31 16:14:09 +0000 2024,4,I love you gaes Terimakasih sudah mau berteman sama aku sehat bahagia banyak uang dapet pasangan yang baik (yg belum punya) dan di lancarkan segala urusannya ya di 2025 ️ Mari kita tutup segala sedih sakit dan yang bikin capek di 2024. Menuju 2025 lebih baik. Aamiin https://t.co/Ot47tc49Tt,1874126908969091528,https://pbs.twimg.com/media/GgI8fgpbYAEuaqP.jpg,,in,,0,7,0,https://x.com/Esekupsee_me/status/1874126908969091528,1617391029883396099,Esekupsee_me
1874126544953913517,Tue Dec 31 16:14:06 +0000 2024,0,@beybiiuu pinyuyerrr,1874126897560559660,,beybiiuu,in,Naraya Shaletta A,0,1,0,https://x.com/toowthless/status/1874126897560559660,785242474339930112,toowthless
1874026840354156581,Tue Dec 31 16:14:06 +0000 2024,0,@epilogj Sakit hati dan kecewa,1874126897355121046,,epilogj,in,Indonesia,0,0,0,https://x.com/iyabercerita/status/1874126897355121046,51815301,iyabercerita
1874126892246380804,Tue Dec 31 16:14:05 +0000 2024,0,gak ada excited untuk mlm ini sedih malah,1874126892246380804,,,in,"Kota Metro, Lampung",0,0,0,https://x.com/tisariskymlnda/status/1874126892246380804,1184049402832281600,tisariskymlnda
1874126889318834389,Tue Dec 31 16:14:04 +0000 2024,0,huhu pertama kalinya ga tahun baru bareng keluarga biasanya rayain bareng mojok sendirian di kost karena mau UAS,1874126889318834389,,,in,marklee,0,1,0,https://x.com/0208_things/status/1874126889318834389,1740013280700366848,0208_things
1874126876542984382,Tue Dec 31 16:14:04 +0000 2024,0,tapi mereka mau berubah buat satu sama lain mereka berdua berkorban sama banyaknya demi hubungan mereka yg ga direstui keluarga konservatif mereka itu dan disinilah letak sweet dan sedih nya ,1874126886726754454,,joon9hyuk,in,before you follow →,0,1,0,https://x.com/joon9hyuk/status/1874126886726754454,1786369249029873664,joon9hyuk
1874126886101803311,Tue Dec 31 16:14:03 +0000 2024,0,ak masi sedih baca chatnya https://t.co/byfV5LO5cg,1874126886101803311,https://pbs.twimg.com/media/GgI8d5taEAAwgAD.jpg,,in,,0,1,0,https://x.com/not1OO4/status/1874126886101803311,1401228062620995584,not1OO4
1874020774635512060,Tue Dec 31 16:14:02 +0000 2024,0,@anoonamu Sedih senang bersama,1874126881261576518,,anoonamu,in,"Tulungagung, Indonesia",0,0,0,https://x.com/Shellaemeliana1/status/1874126881261576518,1091902041817939968,Shellaemeliana1
1874126873908961372,Tue Dec 31 16:14:00 +0000 2024,0,kenapa gua sedih ya ditinggal 2024 banyak banget kenangan nya,1874126873908961372,,,in,"Roleplayer, 2000",0,2,0,https://x.com/dirtydscox/status/1874126873908961372,1207280244597506048,dirtydscox
1873988882750202224,Tue Dec 31 16:14:00 +0000 2024,0,@kenzezt ngapain sih harus pura pura padahal hidup dengan apa adanya jauh lebih tenang .,1874126870410912010,,kenzezt,in,,0,0,0,https://x.com/punditgagal/status/1874126870410912010,765555217089830913,punditgagal
1874126863465078881,Tue Dec 31 16:13:58 +0000 2024,0,knpya rasanya kyk lega bgt... lega? hampa? kosong? gtau deh pdhl tahun lalu klo new year gk gini deh ak ngerasa bangga sm diri sendiri bisa kuat di tahun ini tahun depan lebih kuat lagi ya,1874126863465078881,,,in,Indonesia,0,0,0,https://x.com/hamcatee/status/1874126863465078881,1787343166951284737,hamcatee
1874126856896864476,Tue Dec 31 16:13:56 +0000 2024,1,Hampa tanpa kalung.. https://t.co/bYEu7QdJoT,1874126856896864476,https://pbs.twimg.com/media/GgI8cAAbIAARQ5x.jpg,,in,"amoooi. 내 여자친구 침실, ",0,1,0,https://x.com/moyiees/status/1874126856896864476,1806167289085198336,moyiees
1831605985502491071,Tue Dec 31 16:13:54 +0000 2024,1,@97kthjjkk Ga kemana mana kokk merekaa (tp ak ikut sedih knp ya),1874126848252383611,,97kthjjkk,in,RPS 태국 ᡣ𐭩,0,0,0,https://x.com/vindrenth/status/1874126848252383611,1751452619829391360,vindrenth
1874126734209278225,Tue Dec 31 16:13:27 +0000 2024,0,ih novel stres,1874126734209278225,,,in,FREE 🇵🇸,0,0,0,https://x.com/haechanboboan/status/1874126734209278225,1551578529690959872,haechanboboan
1873960354994413844,Tue Dec 31 16:13:27 +0000 2024,0,@intanorii Gue baru ngerasain itu sedih coy,1874126732724429308,,intanorii,in,"Karawang, Jawa Barat",0,0,0,https://x.com/aphrodinate/status/1874126732724429308,1001560603,aphrodinate
1874018686694298023,Tue Dec 31 16:13:25 +0000 2024,0,@azizhubban Iya baru nyadar udah umur sgini aja ya,1874126725061497118,,azizhubban,in,,0,0,0,https://x.com/punditgagal/status/1874126725061497118,765555217089830913,punditgagal
1874126722607816791,Tue Dec 31 16:13:24 +0000 2024,4,gesss gue tu kesepian sorry klo twt klen gw jbjb in,1874126722607816791,,,in,,0,2,0,https://x.com/daraathexplorer/status/1874126722607816791,1371344796506189828,daraathexplorer
1874125614481129848,Tue Dec 31 16:13:21 +0000 2024,0,@mersmilo GAK TUH. Ini sedih soalnya gak keverif CA yang itu padahal pengen banget. ,1874126710188499272,,mersmilo,in,"19, for WWW archive. ",0,1,0,https://x.com/YEDPPI/status/1874126710188499272,1864258484,YEDPPI
1874126703557304555,Tue Dec 31 16:13:20 +0000 2024,0,tahun baru kemarin masih sempet chattan sempet ejek ejekan juga tahun baruannya putus galau di kamar wkwk skrg kayaknya.... enggak ya............. *galau dalam keadaan mabuk suki*,1874126703557304555,,,in,ini ca apa bukan aku ge gatau,0,0,0,https://x.com/dysarchives/status/1874126703557304555,1375309556830461952,dysarchives
1873899714535637108,Tue Dec 31 16:13:17 +0000 2024,0,@kntung_ Jangan menyerah ya kak,1874126692589199756,,kntung_,in,nomaden,0,0,0,https://x.com/AbdillahZaman/status/1874126692589199756,1331436831129313281,AbdillahZaman
1874126689959371004,Tue Dec 31 16:13:17 +0000 2024,0,sgt lelah,1874126689959371004,,,in,,0,0,0,https://x.com/meownicad/status/1874126689959371004,348841489,meownicad
1874126689497997429,Tue Dec 31 16:13:17 +0000 2024,2,sedih bgt ______ dohoonavy pls tuoseu selamanya,1874126689497997429,,,in,愛するしんゆ ㅡ☆,0,1,0,https://x.com/yuyaisatsu/status/1874126689497997429,1816673055118364672,yuyaisatsu
1874126688168403049,Tue Dec 31 16:13:16 +0000 2024,44,Hallo terimakasih udh nemenin aku ditahun ini I m so happy to have mutual like you guys. Krn kalian semua aku ga sendirian lagi aku ngerasa punya banyak temen sekarang Aku harap ditahun depan kalian selalu sehat dan makin bahagia dari tahun ini. Happy new year ,1874126688168403049,,,in,,0,12,3,https://x.com/tinyzzy/status/1874126688168403049,1146451969,tinyzzy
1874051679773130914,Tue Dec 31 16:13:16 +0000 2024,1,@sekteJWP Oneshoot tapi nder.. ngga tau ini cukup sedih apa ngga ᅠᅠ ᅠᅠᅠ https://t.co/0tBl82N2by,1874126687350513960,,sekteJWP,in,@pledis_17 ❤️,0,0,0,https://x.com/tvlipdiamond/status/1874126687350513960,1319253077468139520,tvlipdiamond
1874126687329542163,Tue Dec 31 16:13:16 +0000 2024,0,#dilan1983 #film Cerita di filmnya simple intinya orang-orang datang dan pergi hanya singgah sementara di kehidupan kita. Kadang sedih selalu singgah ketika perpisahan tiba tetapi hidup harus tetap berjalan bersedihlah secukupnya dan lanjutkan peranmu di dunia.,1874126687329542163,,,in,,0,0,0,https://x.com/dinnnwdyt14/status/1874126687329542163,1120753237286506496,dinnnwdyt14
1874126672259403783,Tue Dec 31 16:13:12 +0000 2024,0,sebelum 2015 disuruh galau yaa gem HELLO 2025 WITH GEMINIFOURTH #SiamParagonCountdownxGF,1874126672259403783,,,in,"Sapporo City Chuo Ward, Hokkai",0,0,0,https://x.com/tiaralla/status/1874126672259403783,1396462291013439490,tiaralla
1874080783520194753,Tue Dec 31 16:13:11 +0000 2024,0,@SocialistAruna kecewa dan agak negative thinking sih,1874126665070297366,,SocialistAruna,in, ₊˚⊹ ᰔ,0,0,0,https://x.com/gEbOOOOOOooy/status/1874126665070297366,773650925185531904,gEbOOOOOOooy
1874126643670990921,Tue Dec 31 16:13:06 +0000 2024,0,tiba2 sedih soalnya pas diliat2 oh ternyata aku sayang banget yaaa bina i hope this love always find a way to reach you . aku selalu ngmng begitu soalnya aku gatau cara ngasih tau kamu ..,1874126647152304430,,gongjubinn,in,rps ,0,1,0,https://x.com/gongjubinn/status/1874126647152304430,1661393030593806337,gongjubinn
1874126638314906027,Tue Dec 31 16:13:04 +0000 2024,0,sedih bgt ak pengen forever young and forever stay in this moment menjadi cegil kpop,1874126638314906027,,,in,,0,0,0,https://x.com/830kvin/status/1874126638314906027,1684828684866461696,830kvin
1874125637633663099,Tue Dec 31 16:13:02 +0000 2024,0,@moonlighteuco eh seriuss sedih banget tadi masih ada lhoo ,1874126630630859111,,moonlighteuco,in,fast respon on wa 💌,0,1,0,https://x.com/sfairy/status/1874126630630859111,279009165,sfairy
1874124404361486790,Tue Dec 31 16:13:01 +0000 2024,0,habis itu main porseni buat terakhir kalinya agak kecewa dikit karna kalah diawal terus habis itu apa yaa lupa,1874126623169220640,,zzzzzzprak,in,,0,0,0,https://x.com/zzzzzzprak/status/1874126623169220640,1197107668004921344,zzzzzzprak
1873564095032758761,Tue Dec 31 16:12:59 +0000 2024,0,@AhmadAdiAwang @AZFARCAGE @mynewshub Ada kan? Janganlah kata tak ada gambar pulak....Surat² ke Israel pun ada juga ..Bang RR buktikan.,1874126616806514898,,AhmadAdiAwang,in,,0,1,0,https://x.com/Terasing/status/1874126616806514898,66535287,Terasing
1874125175442248179,Tue Dec 31 16:12:59 +0000 2024,1,@matchawrixel hah demi apa? kok sedih banget :( HARUS TERUS BARENG ZB1 POKOKNYA aku masih butuh mereka ,1874126614659006918,,mashumochii,in,O4l - 🐹🎻,0,0,1,https://x.com/jjanghaoverme/status/1874126614659006918,1512737111761649668,jjanghaoverme
1874126610468835342,Tue Dec 31 16:12:58 +0000 2024,1,sedih bener lagu utk akhir tahunnya #SiamParagonCountdown2025xPondPhuwin #ppnaravit #phuwintang https://t.co/sSBfllSprw,1874126610468835342,https://pbs.twimg.com/ext_tw_video_thumb/1874121038113759232/pu/img/RmmW8MFcYDeFHBOf.jpg,,in,,0,0,1,https://x.com/pengasuhnaravit/status/1874126610468835342,1420088698025119747,pengasuhnaravit
1874069877641850970,Tue Dec 31 16:12:53 +0000 2024,0,@bokutoheii gw aslinya mau nangis anying pas ngepull beneran pasrah tapi untung ke spook sekali doang ,1874126590189412741,,bokutoheii,in,"unlabeled, 19.",0,0,0,https://x.com/deriettse/status/1874126590189412741,1767241914649370624,deriettse
1874070337950015758,Tue Dec 31 16:12:53 +0000 2024,0,@rosemaryngarlic mau ayokk sudah lelah sendirian ,1874126588868218949,,rosemaryngarlic,in,"Malang, Jawa Timur",0,2,0,https://x.com/moodymoodeng/status/1874126588868218949,1845417686748233731,moodymoodeng
1874126586586542243,Tue Dec 31 16:12:52 +0000 2024,0,2024 beneran berat banget buat aku makasi yaa surr karna kalian aku ga sampe ke tahap depresi berat surr semoga 2025 kalian penuh kebahagiaan yaa gaada sedih sedih ga stress stress juga ,1874126586586542243,,,in,teuland,0,0,0,https://x.com/uuhkamchagiiii/status/1874126586586542243,1280278801243504640,uuhkamchagiiii
1873602071121076653,Tue Dec 31 16:12:49 +0000 2024,0,@TymeBAS Jangan sampe tenggelam dong kak nanti adek sedih kalau kakak kelelep begini oi,1874126575857496160,,DoviesBAS,in,,0,1,0,https://x.com/DoviesBONNIE/status/1874126575857496160,2758475020,DoviesBONNIE
1873937995692454015,Tue Dec 31 16:12:49 +0000 2024,0,@yhaterus Iya sedih banget ini kak,1874126573512933654,,yhaterus,in,"Loksado, Dayak Meratus",0,0,0,https://x.com/pranatadayken/status/1874126573512933654,1372624679626629120,pranatadayken
1874126573244444865,Tue Dec 31 16:12:49 +0000 2024,0,Malam taun baru tapi sedih bgt jirlah,1874126573244444865,,,in,"Bandung, Jawa Barat",0,0,0,https://x.com/hanifffck/status/1874126573244444865,1219038641898393601,hanifffck
1874126572560801847,Tue Dec 31 16:12:49 +0000 2024,0,Hehehehe besok udah 2025 aja 2024 ngebut &amp; campur aduk banget ketemu banyak orang baru ppl come and go dll ada sedih ada happy tpi makasih buat smw yang bikin aku ketawa aoalagi kalo lagi down semoga 2025 will be my year wallahi selamat tahun baru semoga 2025 nya lancar,1874126572560801847,,,in,,0,2,0,https://x.com/adhnnews/status/1874126572560801847,1779306014787108864,adhnnews
1874031020879863832,Tue Dec 31 16:12:47 +0000 2024,1,@jancooeek Udah pasti sangat kecewa ,1874126563920445863,,jancooeek,in,"Central Java, Indonesia",0,0,0,https://x.com/yourfanyy/status/1874126563920445863,1314970459939639297,yourfanyy
1873986151071330789,Tue Dec 31 16:12:45 +0000 2024,0,@polixci semoga lebih di perluas rasa sabar dan ikhlasnya aja lah,1874126555968135612,,polixci,in,,0,0,0,https://x.com/punditgagal/status/1874126555968135612,765555217089830913,punditgagal
1874126542755991678,Tue Dec 31 16:12:42 +0000 2024,0,kok sedih ya dia dkt sm cewe,1874126542755991678,,,in,,0,0,0,https://x.com/keepooluh/status/1874126542755991678,1802609891024224257,keepooluh
1874051756059185168,Tue Dec 31 16:12:39 +0000 2024,0,@amurrtigroo kecewa gak kena bub,1874126532450672705,,amurrtigroo,in,,0,1,0,https://x.com/snezhnaye/status/1874126532450672705,804234811535564800,snezhnaye
1874126518219313199,Tue Dec 31 16:12:36 +0000 2024,0,gue beneran tahun baru sendirian kejebak di PI ️️️,1874126521377710237,,tockiobites,in,hogwarts ,0,0,0,https://x.com/tockiobites/status/1874126521377710237,947479631581519874,tockiobites
1874112934282223635,Tue Dec 31 16:12:34 +0000 2024,0,@engineier sedih banget aku sumpah Miko. kamu kalo tau ceritanya pasti sedih banget soalnya ini cerita benwran ueueue aku udah mau nangis sampe banjir se-indonesia,1874126510166335752,,engineier,in,dnf.,0,1,0,https://x.com/prinscws/status/1874126510166335752,1845677735504740352,prinscws
1874126509507760386,Tue Dec 31 16:12:34 +0000 2024,0,Malam rejab ni aku tanya laki aku doa apa untuk aku sekali dia jawab org doakan sayang kurus tak tahu nak happy ke sedih dgn doa tu ek ,1874126509507760386,,,in,"Balakong, Selangor",0,2,0,https://x.com/Elzahraa__/status/1874126509507760386,2905932415,Elzahraa__
1874126494592885080,Tue Dec 31 16:12:30 +0000 2024,0,kocak harusnya seneng kenapa sedih dah,1874126494592885080,,,in,,0,0,0,https://x.com/surfbinight/status/1874126494592885080,1231822358706475010,surfbinight
1874007585072046392,Tue Dec 31 16:10:25 +0000 2024,0,@sweectz Sedih sih rasanya tuh,1874125968887210104,,sweectz,in,"Swissvale, PA",0,0,0,https://x.com/suneokurus/status/1874125968887210104,1752313570824785920,suneokurus
1873609763013214626,Tue Dec 31 16:10:23 +0000 2024,0,@subdack @riekediahp @puanmaharani_ri @DPR_RI Saya sering sedih jika melihat bgs kita tertindas bukan oleh bgs asing tp oleh bgs kita sendiri. Kita tahu bhw Tanah Air kita adalah terkaya di dunia tp HCI rakyat kita lbh rendah dibanding tetangga kita. Jgn smp tjd Anak Ayam mati kelaparan di lumbung padi https://t.co/4QdlJoceFz,1874125961811419613,https://pbs.twimg.com/media/GgI7oWVaEAAVvfj.jpg,subdack,in,Indonesia,0,0,0,https://x.com/_bsutanto/status/1874125961811419613,1564243009,_bsutanto
1741483540204953793,Tue Dec 31 16:10:23 +0000 2024,0,haloo goms di tahun 2023 aku goms di tahun 2024 alhamdulillah beberapa keinginanmu sudah terwujud jangan gampang puas sama apa yang udah kamu peroleh yaa yuk kita lanjutkan keinginan yang belum terwujud itu di tahun 2025. Selalu semangat dan jangan menyerah!,1874125961249382537,,y4udahsii,in,Neptune,0,0,0,https://x.com/y4udahsii/status/1874125961249382537,1119044961800818688,y4udahsii
1874020483798360363,Tue Dec 31 16:10:22 +0000 2024,0,@piokemoon Alhamdulillah banyak maksa seneng aja sih,1874125958044934286,,piokemoon,in,,0,0,0,https://x.com/punditgagal/status/1874125958044934286,765555217089830913,punditgagal
1874125952218976649,Tue Dec 31 16:10:21 +0000 2024,0,sedih banget wild robot anjir sedihBANGET,1874125952218976649,,,in,hell,0,0,0,https://x.com/swckie/status/1874125952218976649,1302244988479184898,swckie
1874125951732506639,Tue Dec 31 16:10:21 +0000 2024,0,wishlist tahun baruan bareng dia gagal tercapai,1874125951732506639,,,in,,0,0,0,https://x.com/zaifdhlr_/status/1874125951732506639,1481208466916413442,zaifdhlr_
1874125946367926693,Tue Dec 31 16:10:19 +0000 2024,0,galau dulu by sebelum berganti tahun https://t.co/jLESSiScxB,1874125946367926693,https://pbs.twimg.com/media/GgI7gAlawAAf8MK.jpg,,in,"Kota Surabaya, Jawa Timur",0,0,0,https://x.com/llebasg/status/1874125946367926693,1361167521806622723,llebasg
1874122868835180938,Tue Dec 31 16:10:16 +0000 2024,0,@yhshvhua Semangat galau,1874125933478916157,,yhshvhua,in,,0,1,0,https://x.com/minguuyi/status/1874125933478916157,1526199761703149573,minguuyi
1874046494741062089,Tue Dec 31 16:10:16 +0000 2024,0,@jiunt Pasrah ,1874125931755032948,,jiunt,in,she/her ,0,1,0,https://x.com/tizkly/status/1874125931755032948,1292306950017806336,tizkly
1874123714633380056,Tue Dec 31 16:10:16 +0000 2024,0,Padahal belum menerima makannya sama sekali. Saldo ovo sudah terpotong Rp. 212.882. Saya sangat kecewa sudah menunggu lama makanan tidak datang &amp; sudah menghubungi grab namun tidak ada CS yg menerima telponnya. Saya harus gimana? Give my money back!! @GrabID Order ID : GF-157 https://t.co/GAUJoDIuOw,1874125930576425190,https://pbs.twimg.com/media/GgI7mPkbYAAJ_lK.jpg,singhayoung,in,,0,1,0,https://x.com/singhayoung/status/1874125930576425190,230615477,singhayoung
1874125930039566816,Tue Dec 31 16:10:15 +0000 2024,0,Ditanya kapan bisa ada jadwal nonton sampe sekarang ga dijawab. Giliran chat bahas yang lain dijawab. Ni orang kaya gini sebenernya seenaknya sumpah tapi dia ga sadar soal itu. Mana gada rasa bersalah dia anggap ini sepele.,1874125930039566816,,,in,karawang,0,0,0,https://x.com/sandy_Aldhyra/status/1874125930039566816,1090695246,sandy_Aldhyra
1874125928663834897,Tue Dec 31 16:10:15 +0000 2024,2,2024 tahun penuh ada aja gebrakannya di hidup gue. Tahun penuh banyak ke ikhlasan dan terpuruk yg gue alami. Gue berharap 2025 menjadi tahun terbaik untuk kehidupan gue. Dan gue berharap orang toxic dari kehidupan gue menjauh! I hope that,1874125928663834897,,,in,dimana aja boleh,0,0,1,https://x.com/kazutora_1_0/status/1874125928663834897,1510878486818623488,kazutora_1_0
1874125927996940704,Tue Dec 31 16:10:15 +0000 2024,0,Selamat tahun baru diri sendiri. Semoga terus kuat menjalani ujian hidup &amp; mampu membesarkan menjaga mendidik Alma Nayla dengan baik️ Tiba-tiba rasa sedih hukhukhuk. Come on Farinaaa. Many more years to go https://t.co/9D05AKk2Fe,1874125927996940704,https://pbs.twimg.com/media/GgI7mAubYAIX50D.jpg,,in,,0,0,0,https://x.com/nfarinay/status/1874125927996940704,1137330713185808384,nfarinay
1874125920690463188,Tue Dec 31 16:10:13 +0000 2024,0,Udh la sendirian hp doi g aktif. Mau marah,1874125920690463188,,,in,,0,0,0,https://x.com/fluttyfluppy/status/1874125920690463188,1026623396728135680,fluttyfluppy
1874098222542807336,Tue Dec 31 16:10:13 +0000 2024,0,@plentyofjisung Gapapa beb jangan sedih yaa. Lakuin yang buat km bahagia dirumah nonton film dengerin lagu masak makanan/pesen makan. Harus bahagia menyambut 2025 ya beb,1874125918748418239,,plentyofjisung,in,,0,1,0,https://x.com/dearaphroditeee/status/1874125918748418239,1426047031907274756,dearaphroditeee
1874125913551757338,Tue Dec 31 16:10:12 +0000 2024,2,menjalani 2024 dengan full misoh ora nggo sedih sedihan fvck https://t.co/jn6G1F1IPO,1874125913551757338,https://pbs.twimg.com/ext_tw_video_thumb/1874125799558922241/pu/img/gitYRpjG_2daI54d.jpg,,in,,0,0,0,https://x.com/burhandsome4/status/1874125913551757338,1557334022430539776,burhandsome4
1874110435022307771,Tue Dec 31 16:09:12 +0000 2024,0,@gamadrgas lu pasti galau,1874125664527540669,,gamadrgas,in,"⠀⠀⠀⊹⠀Lost⠀in⠀an⠀illusion,⠀a⠀moonlit
⠀⠀⠀damsel’s⠀𝗋͟𝖾͟𝗏͟𝖾͟𝗋͟𝗂͟𝖾⠀reveals,⠀painted
⠀⠀⠀with⠀hues⠀𝑜𝑓⠀silver⠀and⠀mystery.",0,0,0,https://x.com/casxuals/status/1874125664527540669,776626540293550080,casxuals
1874031020879863832,Tue Dec 31 16:09:12 +0000 2024,0,@jancooeek sedih bnget adenya,1874125663281832379,,jancooeek,in,"DKI Jakarta, Indonesia",0,0,0,https://x.com/rabunjauhhhh/status/1874125663281832379,783882470,rabunjauhhhh
1874125663093088708,Tue Dec 31 16:09:12 +0000 2024,0,gagal deh postingan tiap 31 dec ku ,1874125663093088708,,,in,,0,0,0,https://x.com/nabilahkim_/status/1874125663093088708,2402854034,nabilahkim_
1874017301621805263,Tue Dec 31 16:09:11 +0000 2024,0,@myhppylittlepil Yayay pakek gerinda bileh gak tuh,1874125658928144489,,myhppylittlepil,in,,0,0,0,https://x.com/punditgagal/status/1874125658928144489,765555217089830913,punditgagal
1874125658559009017,Tue Dec 31 16:09:11 +0000 2024,0,eh jujur kyknya ini pergantian tau tersedih taun depan kyknya udh gabisa nikmatin hidup kyk taun sekarang bakalan ada perpisahan bakalan banyak gagal,1874125658559009017,,,in,,0,1,0,https://x.com/lattelarj/status/1874125658559009017,1798337972049416192,lattelarj
1872678561653608578,Tue Dec 31 16:09:10 +0000 2024,0,@Karineyoo Tapi aku paham kok kadang pede itu harus dilatih biar makin kuat apalagi kalau ngeliat twins yang suka bikin kita mikir dua kali. Congrats banget ya atas keverif ini hasil pasrah yang manis banget tuh! Soal ke RevelRushs wah kayaknya enggak. Lemes aku habis PDKT OA.,1874125656700915900,,Karineyoo,in,For Fun!,0,1,0,https://x.com/HEESEUKNG/status/1874125656700915900,520257398,HEESEUKNG
1874125656352776225,Tue Dec 31 16:09:10 +0000 2024,0,kok beneran sedih bgt yaa? padahal tadi biasa aja kaya yaudah cuma ganti tahun doang gada yg spesial tapi abis baca message strekits jadi sedih bgt udah ganti tahun lagi,1874125656352776225,,,in,mostly 🥟🐣,0,1,0,https://x.com/yongboqii/status/1874125656352776225,1312705943755317249,yongboqii
1874125629769343241,Tue Dec 31 16:09:09 +0000 2024,0,aku harap di tahun baru ini semua keinginan kalian bisa tercapai menjadi pribadi yang lebih baik lagi dan makasi sudah mau bertahan sampai saat ini walaupun kadang dunia jahat kamu orang yang sangat kuat! terus berjuang ya jangan pantang menyerah️‍️‍,1874125652796080509,,jejjeongw,in,she,0,1,0,https://x.com/jejjeongw/status/1874125652796080509,1760308440092876800,jejjeongw
1874125649948078355,Tue Dec 31 16:09:09 +0000 2024,1,lagu yg aku dengerin terlepas moodnya (sedih ataupun seneng): 1. eill - finale 2. higedandism - pretender 3. karuta - ichiban no takaramono 4. yamazaki masayoshi - one more time one more chance sudah saatnya...,1874125649948078355,,,in,"Jakarta, Indonesia",0,0,0,https://x.com/ImperialistsL/status/1874125649948078355,822448841735536640,ImperialistsL
1874125641467257327,Tue Dec 31 16:09:07 +0000 2024,1,btw ini good year sih walau in the end nya ada sedih dikiiiitttt but its okayy,1874125641467257327,,,in,,0,0,0,https://x.com/twlghtonyouuu/status/1874125641467257327,1822790432084123648,twlghtonyouuu
1874125640053776666,Tue Dec 31 16:09:06 +0000 2024,0,btw first time banget nih new year sendirian biasanya selalu pergii,1874125640053776666,,,in,,0,0,0,https://x.com/sxxrboy/status/1874125640053776666,1665287211389181952,sxxrboy
1874111764692164980,Tue Dec 31 16:09:06 +0000 2024,0,@damemirelle Sedih ya sedih aja gk perlu harus mnta orang yg gk kamu kenal untuk menghibur mu,1874125640011805068,,damemirelle,in,"Kapulauan Riau, Kepulauan Riau",0,0,0,https://x.com/rhezaia/status/1874125640011805068,76909109,rhezaia
1873963874623643933,Tue Dec 31 16:09:06 +0000 2024,0,@mittenkitten__ tau aja lu mana yang cakep,1874125639827284152,,mittenkitten__,in,,0,0,0,https://x.com/punditgagal/status/1874125639827284152,765555217089830913,punditgagal
1874125639072334001,Tue Dec 31 16:09:06 +0000 2024,1,drama 365 hari akhir nya selesai banyak banget plottwist di tahun ini dan banyak banget hal yg bikin sedih di tahun ini semoga di tahun depan bisa lebih happy dan bisa wujudin satu persatu mimpi yg belum sempat terwujud di tahun ini,1874125639072334001,,,in,,0,0,0,https://x.com/livelaughntan/status/1874125639072334001,1770686200510386176,livelaughntan
1874125635687506215,Tue Dec 31 16:09:05 +0000 2024,0,@iscreamrui yg bener aja ini bukan dangdud n galau,1874125635687506215,,iscreamrui,in,Treabomb|TTS|NBSB,0,1,0,https://x.com/halutwo/status/1874125635687506215,1395916525781938180,halutwo
1873190523915386937,Tue Dec 31 16:09:05 +0000 2024,0,@SmokesOnMyHead @Coming_soon_8 @ImriatiT13870 @dtono88 @M45Broo_ Otak loe itu dah gak beres Loe tau kagak knp diberi nama Esemka? Baca tuh literasi BJ Habibie yg Ir hebat jg bkin mobil MALEO tapi gagal.. Koq gak loe hujat? Megawati jual Indosat gak loe Hujat? Hambalang macet gak loe hujat? Yayasan Super semar gak loe hujat? Sbb loe GUOBLOK,1874125632634052748,,SmokesOnMyHead,in,"Cirebon, Jawa Barat",0,2,0,https://x.com/AgungHa05086506/status/1874125632634052748,1212112232449896448,AgungHa05086506
1874125588879073565,Tue Dec 31 16:09:01 +0000 2024,198,neung lelah https://t.co/A0hrll3AKM,1874125617631027407,https://pbs.twimg.com/media/GgI7T5CbYAIathU.jpg,celestrivya,in,under the blanket,1,1,0,https://x.com/celestrivya/status/1874125617631027407,1656088865340547072,celestrivya
1874125610886516924,Tue Dec 31 16:08:59 +0000 2024,0,Aku disini udah duluan 2025nya. Harapan aku cuma 1 semoga 2025 gak serusak 2024. Terlalu banyak nangisnya di 2024 bahkan stres banget. Tapi semoga itu semua bisa diperbaiki diperbaiki di 2025. Kalian mutual aku juga ya. Semoga 2025nya lebih baik dari 2024. I love you guyss ,1874125610886516924,,,in," MINOR, GET OUT!!!",0,2,0,https://x.com/winniedepreshit/status/1874125610886516924,1748505163189653504,winniedepreshit
1874125602242126030,Tue Dec 31 16:08:57 +0000 2024,0,duh kok sedih ya,1874125602242126030,,,in,20,0,0,0,https://x.com/ssxobin/status/1874125602242126030,1462221532000706569,ssxobin
1874054269793689837,Tue Dec 31 16:08:56 +0000 2024,1,@misfitbiscuitss makasih gatau jg knp yah sedih,1874125595107553329,,sevenclinks,in,,0,0,0,https://x.com/kesengklek/status/1874125595107553329,1177845585887383552,kesengklek
1874117527749747156,Tue Dec 31 16:07:49 +0000 2024,0,@WonbinYangLain Iyaaa tapi jadinya delay ngga mulus abang :( dd lg coba pke convertio tapi gagal mulu,1874125315863437335,,WonbinYangLain,in,,0,1,0,https://x.com/eziirslot/status/1874125315863437335,724274875544653824,eziirslot
1874124584905302042,Tue Dec 31 16:07:48 +0000 2024,0,abis liat yoonsu soalnya ;c aku pun ngerasain 2 tahun ini aku ikut teater. pokoknya sebelum shoot bagianku demi mendalami peran harus ngebayangin sesuatu dulu (apapun itu rasa marah sedih bahagia). apalagi tekniknya beda,1874125309832028655,,loveinautumns,in,🦋 ⁎  ˖ ,0,1,0,https://x.com/loveinautumns/status/1874125309832028655,1533821340553457664,loveinautumns
1874124982546292744,Tue Dec 31 16:07:44 +0000 2024,0,mengenalmu adalah hal yang sangat aku syukuri awalnya aku menyukaimu karena kamu cukup menghibur hari-hariku yang hampa seiring berjalannya waktu semakin banyak fakta yang ku ketahui betapa menakjubkannya kebaikanmu yang selalu membuatku kagum dan semakin jatuh sedalam-dalamnya,1874125294602535067,,itsyour_hny,in,,0,1,0,https://x.com/itsyour_hny/status/1874125294602535067,1580844236496568320,itsyour_hny
1874123409409343949,Tue Dec 31 16:07:44 +0000 2024,0,@convomf Tergantung tp kalo dia emg beneran sayang gabakal betah lama2 sendirian tanpa ada kabar kamu,1874125294602428815,,convomf,in,"Hermosillo, Sonora",1,0,0,https://x.com/gonraqx/status/1874125294602428815,1708033560865873920,gonraqx
1873939345952170011,Tue Dec 31 16:07:44 +0000 2024,0,@sstarviin Gapapa asal jangan menyerah aja,1874125293134504298,,sstarviin,in,,0,0,0,https://x.com/simelimeli/status/1874125293134504298,1636549497634557952,simelimeli
1874105381112471811,Tue Dec 31 16:07:42 +0000 2024,0,@dddddaaaayyy akuh endingnya sedih wkwkwkw,1874125287962927235,,dddddaaaayyy,in,,0,1,0,https://x.com/aysibucin/status/1874125287962927235,1279983835480854528,aysibucin
1874004875643936969,Tue Dec 31 16:07:42 +0000 2024,0,@qtikaasr_ Semiga aja ya kak Amin ya allah,1874125286243262485,,qtikaasr_,in,,0,0,0,https://x.com/punditgagal/status/1874125286243262485,765555217089830913,punditgagal
1873978925011132856,Tue Dec 31 16:07:40 +0000 2024,0,@abcdefakeheru gaada yang bisa nyemangatin kalo emang udah cape banget,1874125279725314160,,abcdefakeheru,in,,0,0,0,https://x.com/punditgagal/status/1874125279725314160,765555217089830913,punditgagal
1874125278160838702,Tue Dec 31 16:07:40 +0000 2024,0,Terimakasih orang-orang baik di 2024 Terimakasih juga orang-orang yg buat kecewa aeng jadi bisa introspeksi diri ,1874125278160838702,,,in,Bandung. Indonesia,0,1,0,https://x.com/piwpinkeu/status/1874125278160838702,541530724,piwpinkeu
1873982990839427413,Tue Dec 31 16:07:40 +0000 2024,0,@kejepitmolen asli galau banget,1874125276726399092,,kejepitmolen,in,,0,0,0,https://x.com/komorobit/status/1874125276726399092,1199325918,komorobit
1874016366514278882,Tue Dec 31 16:07:37 +0000 2024,0,@alvianyps lelah banget emang,1874125266710368431,,alvianyps,in,,0,0,0,https://x.com/redupsudahbulan/status/1874125266710368431,1742107264134369280,redupsudahbulan
1874125252311343120,Tue Dec 31 16:07:34 +0000 2024,0,di 2025 doanya masih sama seperti tahun tahun kemarin semoga sifat tidak pernah menyerah ini terus ada,1874125252311343120,,,in,Sampang,0,1,0,https://x.com/WBhaskoro/status/1874125252311343120,450461033,WBhaskoro
1874042233022013622,Tue Dec 31 16:07:33 +0000 2024,0,@iyabercerita karna ga berharap jadi minim kecewa,1874125249157165477,,iyabercerita,in,handled by 2 admin.,0,0,0,https://x.com/vanspyder/status/1874125249157165477,1235833160933376001,vanspyder
1874125248540664072,Tue Dec 31 16:07:33 +0000 2024,0,capek banget ya Allah kerja sendirian gini,1874125248540664072,,,in,,0,0,0,https://x.com/ktaehyun__g/status/1874125248540664072,1282700126264233984,ktaehyun__g
1874125237211849071,Tue Dec 31 16:07:30 +0000 2024,0,⭐️️sedih aja gatau kenapa,1874125237211849071,,,in,ohmlaf,0,1,0,https://x.com/tpkrubs/status/1874125237211849071,1450855488728354816,tpkrubs
1874125224297587189,Tue Dec 31 16:07:27 +0000 2024,0,alhamdulillah better meski banyak yg bikin marah - sedih - kecewa juga sih,1874125224297587189,,,in,,0,0,0,https://x.com/iluvsie/status/1874125224297587189,1819278320300969984,iluvsie
1874125222225600676,Tue Dec 31 16:07:27 +0000 2024,0,new skill unlocked dari yg nangis sendirian di kamar dah mulai 'mbrebek' di public space dia,1874125222225600676,,,in,,0,0,0,https://x.com/lagilagiianu/status/1874125222225600676,1375985464126054405,lagilagiianu
1874125217016275124,Tue Dec 31 16:07:25 +0000 2024,0,kukira 2024 bakal banyak sedih murung dan frustrasi tapi Allah tetap kasi bahagia : ) terima kasih ya Allah buat teman2 di sini. terima kasih juga sudah sangat welcome. semoga di 2025 dan tahun2 mendatang selalu diluaskan sehat dan bahagia serta dimudahkan urusannnya &lt;3,1874125217016275124,,,in,127,0,0,0,https://x.com/jungyunhome/status/1874125217016275124,1064852710501965824,jungyunhome
1874125214134816924,Tue Dec 31 16:07:25 +0000 2024,0,Smeoga di 2025 aku ga ngerasa sendiri dan kesepian siapapun kamu tolong dtg ditahun ini,1874125214134816924,,,in,Indonesia,0,0,0,https://x.com/hazelchocooooo/status/1874125214134816924,1728256647951462400,hazelchocooooo
1874125018504061173,Tue Dec 31 16:06:38 +0000 2024,0,Riil sedih bgt cokkkk ,1874125018504061173,,,in,20,0,1,0,https://x.com/beausooyah/status/1874125018504061173,1218823644496818176,beausooyah
1873966524282925153,Tue Dec 31 16:06:37 +0000 2024,0,@kisnaji_ iya kalo ketemu kalo ga ketemu ya sedih anying,1874125014297174261,,kisnaji_,in,,0,0,0,https://x.com/gaenero/status/1874125014297174261,2190453008,gaenero
1874030486642921514,Tue Dec 31 16:06:37 +0000 2024,0,@Shellaemeliana1 ga bisa ya akan tetap sedih,1874125013303107963,,Shellaemeliana1,in,atas genteng,0,0,0,https://x.com/calonsuspend_/status/1874125013303107963,2507057070,calonsuspend_
1874124997746450493,Tue Dec 31 16:06:33 +0000 2024,0,hi hepi new year ya. jujur ini tahun baru ter sepi sepanjang ak hidup. tahun baru sendirian. tahun baru kerja. tahun baru di rumah org lain. tahun baru jauh dari rumah. tahun baru ter gaenak sepanjang ak hidup : )),1874124997746450493,,,in,earth bagian plosok,0,0,0,https://x.com/im1Dcl0wn/status/1874124997746450493,1103858602320621569,im1Dcl0wn
1873896845472313500,Tue Dec 31 16:06:32 +0000 2024,0,@yeerimc tapi stres ya,1874124993757606217,,yeerimc,in,GMT +7,0,0,0,https://x.com/Azijik/status/1874124993757606217,875792932963364864,Azijik
1874120109540933894,Tue Dec 31 16:06:32 +0000 2024,0,kasian lion kesepian di rumah. abangnya pada hidup misah semua ga barengan lagi bertiga ,1874124991769567292,,limonata_bleu,in,Japan,0,1,0,https://x.com/limonata_bleu/status/1874124991769567292,967598665618436096,limonata_bleu
1874108008520937706,Tue Dec 31 16:06:23 +0000 2024,1,@BTS_twt_JUNGKK Ishh Juki kunaon sih maneh !!! galau amat budak teh !!!,1874124953576214535,,BTS_twt_JUNGKK,in,,0,0,0,https://x.com/jk46282/status/1874124953576214535,1782051746170474496,jk46282
1874124947720986678,Tue Dec 31 16:06:22 +0000 2024,0,sekarang gw udah bisa nonton sendirian tanpa harus ada yang nemenin. jadi terharu aja gitu rasanya wkwk,1874124950392758590,,vanillaiskim,in,19 || infp,0,0,0,https://x.com/vanillaiskim/status/1874124950392758590,991682137723092992,vanillaiskim
1874124945204355265,Tue Dec 31 16:06:21 +0000 2024,0,Tahun baru 2025 tetep hampa,1874124945204355265,,,in,Jakarta Capital Region,0,0,0,https://x.com/Cccccforcandy/status/1874124945204355265,1283420013798363136,Cccccforcandy
1874064047852925221,Tue Dec 31 16:06:17 +0000 2024,0,4. Belajar untuk MIRRORINg Jadi biar g excited dan effort sendirian,1874124930939527399,,AnnnMiii9,in,,0,1,0,https://x.com/AnnnMiii9/status/1874124930939527399,165320341,AnnnMiii9
1874124919967187171,Tue Dec 31 16:06:15 +0000 2024,0,2024 full galau full ga jelas bodo amat guevebhhjshhsjsjjajs wvshjskw gue block aja kali y jahshbshw tapi flgama siap,1874124919967187171,,,in,Esfp💤,0,1,0,https://x.com/mrsscobimn/status/1874124919967187171,1708613740659359744,mrsscobimn
1874021234603905376,Tue Dec 31 16:06:13 +0000 2024,21,@tirta_cipeng Yg ditakuti dan membuat sangat sedih bagi semua madridista ditinggal don perez..,1874124911268290877,,tirta_cipeng,in,Indonesia,0,0,0,https://x.com/Awanlangit28/status/1874124911268290877,1423045655199506437,Awanlangit28
1874124903663964377,Tue Dec 31 16:06:11 +0000 2024,0,Tahun baru sendirian di kamar seru juga https://t.co/NrwgC6oPVM,1874124903663964377,https://pbs.twimg.com/media/GgI6qPBbYAQDkxJ.jpg,,in,,0,1,0,https://x.com/tiplatipuss/status/1874124903663964377,786416899173158912,tiplatipuss
1874025922476859760,Tue Dec 31 16:06:08 +0000 2024,0,@cinderjaems Amin ya allah semoga aja ya,1874124892511363491,,cinderjaems,in,,0,0,0,https://x.com/punditgagal/status/1874124892511363491,765555217089830913,punditgagal
1874004946171158761,Tue Dec 31 16:06:08 +0000 2024,0,@khansasaaaaaaa Nggak boleh iri ya paling sedih aja,1874124891341091270,,khansasaaaaaaa,in,"Independence, MO",0,0,0,https://x.com/Tentang_cinta94/status/1874124891341091270,1835174042393006081,Tentang_cinta94
1873949654490243282,Tue Dec 31 16:06:06 +0000 2024,0,@fxbulous Hmm tapi kalau galau gak pantes sih,1874124883833327633,,fxbulous,in,"Banten, Indonesia",0,0,0,https://x.com/mybxpress/status/1874124883833327633,1404556996712407043,mybxpress
1874124787532103819,Tue Dec 31 16:05:43 +0000 2024,0,Galau banget mau fokus kembang api apa checkout syopi ya nanti,1874124787532103819,,,in,bukan rp,0,0,0,https://x.com/limitxes/status/1874124787532103819,3814374690,limitxes
1874124787167174908,Tue Dec 31 16:05:43 +0000 2024,0,Terimakasih 2024.. walaupun ada sedih nya tp banyak bahagia nya ,1874124787167174908,,,in,"Bekasi Barat, Indonesia",0,0,0,https://x.com/ItsMeeShn/status/1874124787167174908,632014546,ItsMeeShn
1874124785162346660,Tue Dec 31 16:05:42 +0000 2024,1,2024 isinya jatoh bangun jalan coba lari belom kuat coba terus. Ada juga ditegur kalo hidup bisa belok kemanapun Allah mau ikhlas &amp; pasrah lanjut usaha. Belajar percaya kecewa dan melakukan yang harus dilakukan. Belajar kompromi. Makasih 2024 be ready 2025.,1874124785162346660,,,in,"Jakarta Capital Region, Indone",0,0,0,https://x.com/vikihardian/status/1874124785162346660,224584281,vikihardian
1873945155100893589,Tue Dec 31 16:05:41 +0000 2024,0,@ikkobalejusto Pnting bnget sih ini ya kan,1874124780372414819,,ikkobalejusto,in,,0,0,0,https://x.com/punditgagal/status/1874124780372414819,765555217089830913,punditgagal
1874124780288512355,Tue Dec 31 16:05:41 +0000 2024,0,selamat tahun baru 2025 &lt;3 selamat karena berhasil melalui semuanya tanpa menyerah semoga nanti bayarannya bisa ketemu bangtan full member.,1874124780288512355,,,in,7,0,0,0,https://x.com/xerkive/status/1874124780288512355,1304485576825946112,xerkive
1874124771769885170,Tue Dec 31 16:05:39 +0000 2024,0,sksnsjsbsj gjd sedih,1874124771769885170,,,in,"akun rant, akun game.",0,1,0,https://x.com/userO3O9/status/1874124771769885170,1479416201235210240,userO3O9
1874124755202433143,Tue Dec 31 16:05:36 +0000 2024,0,GUE.. SEDIH,1874124758469795861,,kouffle,in,insyaallah masih kpop,0,0,0,https://x.com/kouffle/status/1874124758469795861,1765280323598794752,kouffle
1874123210876400015,Tue Dec 31 16:05:34 +0000 2024,0,@necrologiest ran... gw merasa bersalah ran... minta maaf diatas materai 10k,1874124748030173216,,vertjn,in,km/s,0,1,0,https://x.com/sgetod/status/1874124748030173216,1254059969529425920,sgetod
1873982951492596117,Tue Dec 31 16:05:33 +0000 2024,0,@kejepitmolen Klo dh kecewa bnr skit yaa,1874124743911367056,,kejepitmolen,in,,0,0,0,https://x.com/khasmuyk/status/1874124743911367056,535139695,khasmuyk
1874118221839905121,Tue Dec 31 16:05:32 +0000 2024,0,@hyunjaelucu KEI JGN SEDIHHHH t_____t km mau dipeluk siapa biar gak sedih plis bilang t____t,1874124739670925460,,hyunjaelucu,in,1998 // fan account ,0,0,0,https://x.com/apricerulean/status/1874124739670925460,1499352140271464451,apricerulean
1874124724202332455,Tue Dec 31 16:05:28 +0000 2024,5,Tahun baruan bukannya seneng malah sedih ya hawanya,1874124724202332455,,,in,,0,4,1,https://x.com/HaechanYoww/status/1874124724202332455,1647598561587249152,HaechanYoww
1874081682904776801,Tue Dec 31 16:05:28 +0000 2024,0,@IvanTanjung_ @chrisardinho gagal lagi ganti orang baru lagi ahahahhaa,1874124723443134619,,IvanTanjung_,in,Indonesia,0,0,0,https://x.com/pradanaariam/status/1874124723443134619,1389691496350109696,pradanaariam
1873848679922286692,Tue Dec 31 16:05:25 +0000 2024,0,@TopRandomVideos nahkan kebanyakan tingkah sih .,1874124711304847620,,TopRandomVideos,in,,0,0,0,https://x.com/punditgagal/status/1874124711304847620,765555217089830913,punditgagal
1874124703482470887,Tue Dec 31 16:05:24 +0000 2024,2,hal baru tsb: lebaran tidak bersama keluarga memutuskan gap year nyoba kerja pergi ke pekanbaru sendirian kemana-mana sendiri pake duit sendiri ,1874124706129076433,,yasminazsy,in,,0,0,0,https://x.com/yasminazsy/status/1874124706129076433,1544835447280373760,yasminazsy
1874064229935743271,Tue Dec 31 16:05:23 +0000 2024,0,@convomf Gua di kosan malah nder sendirian dan always rebahan,1874124703499247772,,convomf,in,"Purbalingga, Indonesia",0,0,0,https://x.com/topisayabunderr/status/1874124703499247772,1511875449714262021,topisayabunderr
1873937995692454015,Tue Dec 31 16:05:23 +0000 2024,0,@yhaterus ya allah sedih banget baca nya :(,1874124702865907849,,yhaterus,in,,0,0,0,https://x.com/simelimeli/status/1874124702865907849,1636549497634557952,simelimeli
